-- franchise_order -> franchise_order_item -> inventorylog(OUTBOUND/INBOUND) -> sales -> sales_item
-- consistency dummy data
START TRANSACTION;

INSERT INTO franchise_order (franchise_order_id, franchise_id, order_code, user_id, address, requirement, order_status, total_quantity, total_amount, delivery_date, delivery_time, cancelled_reason, created_at, updated_at, version) VALUES (9000, 1, 'PO-20251220-001', 1001, '서울시 강남구 테스트로 1', '60~90일 과거 더미데이터', 'COMPLETED', 20, 240000, '2025-12-22 18:13:41', '09:00', NULL, '2025-12-20 14:13:41', '2025-12-22 18:13:41', 0);
INSERT INTO franchise_order_item (franchise_order_item_id, franchise_order_id, quantity, product_id, unit_price, total_price, created_at, updated_at) VALUES (9000, 9000, 20, 19, 12000, 240000, '2025-12-20 14:13:41', '2025-12-20 14:13:41');
INSERT INTO inventorylog (product_id, product_name, box_code, transaction_code, log_type, quantity, from_location_type, from_location_id, to_location_type, to_location_id, actor_type, actor_id, created_at, updated_at) VALUES (19, '마라 떡볶이 밀키트 매운맛 1,2인분', 'SE01-FA01-A1-MA0301-A01', 'PO-20251220-001', 'OUTBOUND', 20, 'FACTORY', 1, 'FRANCHISE', 1, 'FACTORY', 1, '2025-12-21 16:13:41', '2025-12-21 16:13:41');
INSERT INTO inventorylog (product_id, product_name, box_code, transaction_code, log_type, quantity, from_location_type, from_location_id, to_location_type, to_location_id, actor_type, actor_id, created_at, updated_at) VALUES (19, '마라 떡볶이 밀키트 매운맛 1,2인분', 'SE01-FA01-A1-MA0301-A01', 'PO-20251220-001', 'INBOUND', 20, 'FACTORY', 1, 'FRANCHISE', 1, 'FRANCHISE', 1, '2025-12-22 18:13:41', '2025-12-22 18:13:41');
INSERT INTO sales (sales_id, franchise_id, sales_code, quantity, total_amount, is_canceled, created_at, updated_at) VALUES (9000, 1, 'SL-20251223-001', 20, 240000, false, '2025-12-23 20:13:41', '2025-12-23 20:13:41');
INSERT INTO sales_item (sales_id, product_id, quantity, product_code, product_name, lot, unit_price, created_at, updated_at) VALUES (9000, 19, 1, 'MA0301', '마라 떡볶이 밀키트 매운맛 1,2인분', 'SE01-FA01-A1-MA0301-000001', 12000, '2025-12-23 20:13:41', '2025-12-23 20:13:41');
INSERT INTO sales_item (sales_id, product_id, quantity, product_code, product_name, lot, unit_price, created_at, updated_at) VALUES (9000, 19, 1, 'MA0301', '마라 떡볶이 밀키트 매운맛 1,2인분', 'SE01-FA01-A1-MA0301-000002', 12000, '2025-12-23 20:13:41', '2025-12-23 20:13:41');
INSERT INTO sales_item (sales_id, product_id, quantity, product_code, product_name, lot, unit_price, created_at, updated_at) VALUES (9000, 19, 1, 'MA0301', '마라 떡볶이 밀키트 매운맛 1,2인분', 'SE01-FA01-A1-MA0301-000003', 12000, '2025-12-23 20:13:41', '2025-12-23 20:13:41');
INSERT INTO sales_item (sales_id, product_id, quantity, product_code, product_name, lot, unit_price, created_at, updated_at) VALUES (9000, 19, 1, 'MA0301', '마라 떡볶이 밀키트 매운맛 1,2인분', 'SE01-FA01-A1-MA0301-000004', 12000, '2025-12-23 20:13:41', '2025-12-23 20:13:41');
INSERT INTO sales_item (sales_id, product_id, quantity, product_code, product_name, lot, unit_price, created_at, updated_at) VALUES (9000, 19, 1, 'MA0301', '마라 떡볶이 밀키트 매운맛 1,2인분', 'SE01-FA01-A1-MA0301-000005', 12000, '2025-12-23 20:13:41', '2025-12-23 20:13:41');
INSERT INTO sales_item (sales_id, product_id, quantity, product_code, product_name, lot, unit_price, created_at, updated_at) VALUES (9000, 19, 1, 'MA0301', '마라 떡볶이 밀키트 매운맛 1,2인분', 'SE01-FA01-A1-MA0301-000006', 12000, '2025-12-23 20:13:41', '2025-12-23 20:13:41');
INSERT INTO sales_item (sales_id, product_id, quantity, product_code, product_name, lot, unit_price, created_at, updated_at) VALUES (9000, 19, 1, 'MA0301', '마라 떡볶이 밀키트 매운맛 1,2인분', 'SE01-FA01-A1-MA0301-000007', 12000, '2025-12-23 20:13:41', '2025-12-23 20:13:41');
INSERT INTO sales_item (sales_id, product_id, quantity, product_code, product_name, lot, unit_price, created_at, updated_at) VALUES (9000, 19, 1, 'MA0301', '마라 떡볶이 밀키트 매운맛 1,2인분', 'SE01-FA01-A1-MA0301-000008', 12000, '2025-12-23 20:13:41', '2025-12-23 20:13:41');
INSERT INTO sales_item (sales_id, product_id, quantity, product_code, product_name, lot, unit_price, created_at, updated_at) VALUES (9000, 19, 1, 'MA0301', '마라 떡볶이 밀키트 매운맛 1,2인분', 'SE01-FA01-A1-MA0301-000009', 12000, '2025-12-23 20:13:41', '2025-12-23 20:13:41');
INSERT INTO sales_item (sales_id, product_id, quantity, product_code, product_name, lot, unit_price, created_at, updated_at) VALUES (9000, 19, 1, 'MA0301', '마라 떡볶이 밀키트 매운맛 1,2인분', 'SE01-FA01-A1-MA0301-000010', 12000, '2025-12-23 20:13:41', '2025-12-23 20:13:41');
INSERT INTO sales_item (sales_id, product_id, quantity, product_code, product_name, lot, unit_price, created_at, updated_at) VALUES (9000, 19, 1, 'MA0301', '마라 떡볶이 밀키트 매운맛 1,2인분', 'SE01-FA01-A1-MA0301-000011', 12000, '2025-12-23 20:13:41', '2025-12-23 20:13:41');
INSERT INTO sales_item (sales_id, product_id, quantity, product_code, product_name, lot, unit_price, created_at, updated_at) VALUES (9000, 19, 1, 'MA0301', '마라 떡볶이 밀키트 매운맛 1,2인분', 'SE01-FA01-A1-MA0301-000012', 12000, '2025-12-23 20:13:41', '2025-12-23 20:13:41');
INSERT INTO sales_item (sales_id, product_id, quantity, product_code, product_name, lot, unit_price, created_at, updated_at) VALUES (9000, 19, 1, 'MA0301', '마라 떡볶이 밀키트 매운맛 1,2인분', 'SE01-FA01-A1-MA0301-000013', 12000, '2025-12-23 20:13:41', '2025-12-23 20:13:41');
INSERT INTO sales_item (sales_id, product_id, quantity, product_code, product_name, lot, unit_price, created_at, updated_at) VALUES (9000, 19, 1, 'MA0301', '마라 떡볶이 밀키트 매운맛 1,2인분', 'SE01-FA01-A1-MA0301-000014', 12000, '2025-12-23 20:13:41', '2025-12-23 20:13:41');
INSERT INTO sales_item (sales_id, product_id, quantity, product_code, product_name, lot, unit_price, created_at, updated_at) VALUES (9000, 19, 1, 'MA0301', '마라 떡볶이 밀키트 매운맛 1,2인분', 'SE01-FA01-A1-MA0301-000015', 12000, '2025-12-23 20:13:41', '2025-12-23 20:13:41');
INSERT INTO sales_item (sales_id, product_id, quantity, product_code, product_name, lot, unit_price, created_at, updated_at) VALUES (9000, 19, 1, 'MA0301', '마라 떡볶이 밀키트 매운맛 1,2인분', 'SE01-FA01-A1-MA0301-000016', 12000, '2025-12-23 20:13:41', '2025-12-23 20:13:41');
INSERT INTO sales_item (sales_id, product_id, quantity, product_code, product_name, lot, unit_price, created_at, updated_at) VALUES (9000, 19, 1, 'MA0301', '마라 떡볶이 밀키트 매운맛 1,2인분', 'SE01-FA01-A1-MA0301-000017', 12000, '2025-12-23 20:13:41', '2025-12-23 20:13:41');
INSERT INTO sales_item (sales_id, product_id, quantity, product_code, product_name, lot, unit_price, created_at, updated_at) VALUES (9000, 19, 1, 'MA0301', '마라 떡볶이 밀키트 매운맛 1,2인분', 'SE01-FA01-A1-MA0301-000018', 12000, '2025-12-23 20:13:41', '2025-12-23 20:13:41');
INSERT INTO sales_item (sales_id, product_id, quantity, product_code, product_name, lot, unit_price, created_at, updated_at) VALUES (9000, 19, 1, 'MA0301', '마라 떡볶이 밀키트 매운맛 1,2인분', 'SE01-FA01-A1-MA0301-000019', 12000, '2025-12-23 20:13:41', '2025-12-23 20:13:41');
INSERT INTO sales_item (sales_id, product_id, quantity, product_code, product_name, lot, unit_price, created_at, updated_at) VALUES (9000, 19, 1, 'MA0301', '마라 떡볶이 밀키트 매운맛 1,2인분', 'SE01-FA01-A1-MA0301-000020', 12000, '2025-12-23 20:13:41', '2025-12-23 20:13:41');

INSERT INTO franchise_order (franchise_order_id, franchise_id, order_code, user_id, address, requirement, order_status, total_quantity, total_amount, delivery_date, delivery_time, cancelled_reason, created_at, updated_at, version) VALUES (9001, 1, 'PO-20251221-002', 1001, '서울시 강남구 테스트로 1', '60~90일 과거 더미데이터', 'COMPLETED', 20, 240000, '2025-12-23 20:09:16', '09:00', NULL, '2025-12-21 16:09:16', '2025-12-23 20:09:16', 0);
INSERT INTO franchise_order_item (franchise_order_item_id, franchise_order_id, quantity, product_id, unit_price, total_price, created_at, updated_at) VALUES (9001, 9001, 20, 18, 12000, 240000, '2025-12-21 16:09:16', '2025-12-21 16:09:16');
INSERT INTO inventorylog (product_id, product_name, box_code, transaction_code, log_type, quantity, from_location_type, from_location_id, to_location_type, to_location_id, actor_type, actor_id, created_at, updated_at) VALUES (18, '마라 떡볶이 밀키트 기본맛 1,2인분', 'SE01-FA01-A1-MA0201-A01', 'PO-20251221-002', 'OUTBOUND', 20, 'FACTORY', 1, 'FRANCHISE', 1, 'FACTORY', 1, '2025-12-22 18:09:16', '2025-12-22 18:09:16');
INSERT INTO inventorylog (product_id, product_name, box_code, transaction_code, log_type, quantity, from_location_type, from_location_id, to_location_type, to_location_id, actor_type, actor_id, created_at, updated_at) VALUES (18, '마라 떡볶이 밀키트 기본맛 1,2인분', 'SE01-FA01-A1-MA0201-A01', 'PO-20251221-002', 'INBOUND', 20, 'FACTORY', 1, 'FRANCHISE', 1, 'FRANCHISE', 1, '2025-12-23 20:09:16', '2025-12-23 20:09:16');
INSERT INTO sales (sales_id, franchise_id, sales_code, quantity, total_amount, is_canceled, created_at, updated_at) VALUES (9001, 1, 'SL-20251224-002', 20, 240000, false, '2025-12-24 22:09:16', '2025-12-24 22:09:16');
INSERT INTO sales_item (sales_id, product_id, quantity, product_code, product_name, lot, unit_price, created_at, updated_at) VALUES (9001, 18, 1, 'MA0201', '마라 떡볶이 밀키트 기본맛 1,2인분', 'SE01-FA01-A1-MA0201-000021', 12000, '2025-12-24 22:09:16', '2025-12-24 22:09:16');
INSERT INTO sales_item (sales_id, product_id, quantity, product_code, product_name, lot, unit_price, created_at, updated_at) VALUES (9001, 18, 1, 'MA0201', '마라 떡볶이 밀키트 기본맛 1,2인분', 'SE01-FA01-A1-MA0201-000022', 12000, '2025-12-24 22:09:16', '2025-12-24 22:09:16');
INSERT INTO sales_item (sales_id, product_id, quantity, product_code, product_name, lot, unit_price, created_at, updated_at) VALUES (9001, 18, 1, 'MA0201', '마라 떡볶이 밀키트 기본맛 1,2인분', 'SE01-FA01-A1-MA0201-000023', 12000, '2025-12-24 22:09:16', '2025-12-24 22:09:16');
INSERT INTO sales_item (sales_id, product_id, quantity, product_code, product_name, lot, unit_price, created_at, updated_at) VALUES (9001, 18, 1, 'MA0201', '마라 떡볶이 밀키트 기본맛 1,2인분', 'SE01-FA01-A1-MA0201-000024', 12000, '2025-12-24 22:09:16', '2025-12-24 22:09:16');
INSERT INTO sales_item (sales_id, product_id, quantity, product_code, product_name, lot, unit_price, created_at, updated_at) VALUES (9001, 18, 1, 'MA0201', '마라 떡볶이 밀키트 기본맛 1,2인분', 'SE01-FA01-A1-MA0201-000025', 12000, '2025-12-24 22:09:16', '2025-12-24 22:09:16');
INSERT INTO sales_item (sales_id, product_id, quantity, product_code, product_name, lot, unit_price, created_at, updated_at) VALUES (9001, 18, 1, 'MA0201', '마라 떡볶이 밀키트 기본맛 1,2인분', 'SE01-FA01-A1-MA0201-000026', 12000, '2025-12-24 22:09:16', '2025-12-24 22:09:16');
INSERT INTO sales_item (sales_id, product_id, quantity, product_code, product_name, lot, unit_price, created_at, updated_at) VALUES (9001, 18, 1, 'MA0201', '마라 떡볶이 밀키트 기본맛 1,2인분', 'SE01-FA01-A1-MA0201-000027', 12000, '2025-12-24 22:09:16', '2025-12-24 22:09:16');
INSERT INTO sales_item (sales_id, product_id, quantity, product_code, product_name, lot, unit_price, created_at, updated_at) VALUES (9001, 18, 1, 'MA0201', '마라 떡볶이 밀키트 기본맛 1,2인분', 'SE01-FA01-A1-MA0201-000028', 12000, '2025-12-24 22:09:16', '2025-12-24 22:09:16');
INSERT INTO sales_item (sales_id, product_id, quantity, product_code, product_name, lot, unit_price, created_at, updated_at) VALUES (9001, 18, 1, 'MA0201', '마라 떡볶이 밀키트 기본맛 1,2인분', 'SE01-FA01-A1-MA0201-000029', 12000, '2025-12-24 22:09:16', '2025-12-24 22:09:16');
INSERT INTO sales_item (sales_id, product_id, quantity, product_code, product_name, lot, unit_price, created_at, updated_at) VALUES (9001, 18, 1, 'MA0201', '마라 떡볶이 밀키트 기본맛 1,2인분', 'SE01-FA01-A1-MA0201-000030', 12000, '2025-12-24 22:09:16', '2025-12-24 22:09:16');
INSERT INTO sales_item (sales_id, product_id, quantity, product_code, product_name, lot, unit_price, created_at, updated_at) VALUES (9001, 18, 1, 'MA0201', '마라 떡볶이 밀키트 기본맛 1,2인분', 'SE01-FA01-A1-MA0201-000031', 12000, '2025-12-24 22:09:16', '2025-12-24 22:09:16');
INSERT INTO sales_item (sales_id, product_id, quantity, product_code, product_name, lot, unit_price, created_at, updated_at) VALUES (9001, 18, 1, 'MA0201', '마라 떡볶이 밀키트 기본맛 1,2인분', 'SE01-FA01-A1-MA0201-000032', 12000, '2025-12-24 22:09:16', '2025-12-24 22:09:16');
INSERT INTO sales_item (sales_id, product_id, quantity, product_code, product_name, lot, unit_price, created_at, updated_at) VALUES (9001, 18, 1, 'MA0201', '마라 떡볶이 밀키트 기본맛 1,2인분', 'SE01-FA01-A1-MA0201-000033', 12000, '2025-12-24 22:09:16', '2025-12-24 22:09:16');
INSERT INTO sales_item (sales_id, product_id, quantity, product_code, product_name, lot, unit_price, created_at, updated_at) VALUES (9001, 18, 1, 'MA0201', '마라 떡볶이 밀키트 기본맛 1,2인분', 'SE01-FA01-A1-MA0201-000034', 12000, '2025-12-24 22:09:16', '2025-12-24 22:09:16');
INSERT INTO sales_item (sales_id, product_id, quantity, product_code, product_name, lot, unit_price, created_at, updated_at) VALUES (9001, 18, 1, 'MA0201', '마라 떡볶이 밀키트 기본맛 1,2인분', 'SE01-FA01-A1-MA0201-000035', 12000, '2025-12-24 22:09:16', '2025-12-24 22:09:16');
INSERT INTO sales_item (sales_id, product_id, quantity, product_code, product_name, lot, unit_price, created_at, updated_at) VALUES (9001, 18, 1, 'MA0201', '마라 떡볶이 밀키트 기본맛 1,2인분', 'SE01-FA01-A1-MA0201-000036', 12000, '2025-12-24 22:09:16', '2025-12-24 22:09:16');
INSERT INTO sales_item (sales_id, product_id, quantity, product_code, product_name, lot, unit_price, created_at, updated_at) VALUES (9001, 18, 1, 'MA0201', '마라 떡볶이 밀키트 기본맛 1,2인분', 'SE01-FA01-A1-MA0201-000037', 12000, '2025-12-24 22:09:16', '2025-12-24 22:09:16');
INSERT INTO sales_item (sales_id, product_id, quantity, product_code, product_name, lot, unit_price, created_at, updated_at) VALUES (9001, 18, 1, 'MA0201', '마라 떡볶이 밀키트 기본맛 1,2인분', 'SE01-FA01-A1-MA0201-000038', 12000, '2025-12-24 22:09:16', '2025-12-24 22:09:16');
INSERT INTO sales_item (sales_id, product_id, quantity, product_code, product_name, lot, unit_price, created_at, updated_at) VALUES (9001, 18, 1, 'MA0201', '마라 떡볶이 밀키트 기본맛 1,2인분', 'SE01-FA01-A1-MA0201-000039', 12000, '2025-12-24 22:09:16', '2025-12-24 22:09:16');
INSERT INTO sales_item (sales_id, product_id, quantity, product_code, product_name, lot, unit_price, created_at, updated_at) VALUES (9001, 18, 1, 'MA0201', '마라 떡볶이 밀키트 기본맛 1,2인분', 'SE01-FA01-A1-MA0201-000040', 12000, '2025-12-24 22:09:16', '2025-12-24 22:09:16');

INSERT INTO franchise_order (franchise_order_id, franchise_id, order_code, user_id, address, requirement, order_status, total_quantity, total_amount, delivery_date, delivery_time, cancelled_reason, created_at, updated_at, version) VALUES (9002, 1, 'PO-20251226-003', 1001, '서울시 강남구 테스트로 1', '60~90일 과거 더미데이터', 'COMPLETED', 20, 240000, '2025-12-28 21:34:16', '09:00', NULL, '2025-12-26 17:34:16', '2025-12-28 21:34:16', 0);
INSERT INTO franchise_order_item (franchise_order_item_id, franchise_order_id, quantity, product_id, unit_price, total_price, created_at, updated_at) VALUES (9002, 9002, 20, 20, 12000, 240000, '2025-12-26 17:34:16', '2025-12-26 17:34:16');
INSERT INTO inventorylog (product_id, product_name, box_code, transaction_code, log_type, quantity, from_location_type, from_location_id, to_location_type, to_location_id, actor_type, actor_id, created_at, updated_at) VALUES (20, '마라 떡볶이 밀키트 아주매운맛 1,2인분', 'SE01-FA01-A1-MA0401-A01', 'PO-20251226-003', 'OUTBOUND', 20, 'FACTORY', 1, 'FRANCHISE', 1, 'FACTORY', 1, '2025-12-27 19:34:16', '2025-12-27 19:34:16');
INSERT INTO inventorylog (product_id, product_name, box_code, transaction_code, log_type, quantity, from_location_type, from_location_id, to_location_type, to_location_id, actor_type, actor_id, created_at, updated_at) VALUES (20, '마라 떡볶이 밀키트 아주매운맛 1,2인분', 'SE01-FA01-A1-MA0401-A01', 'PO-20251226-003', 'INBOUND', 20, 'FACTORY', 1, 'FRANCHISE', 1, 'FRANCHISE', 1, '2025-12-28 21:34:16', '2025-12-28 21:34:16');
INSERT INTO sales (sales_id, franchise_id, sales_code, quantity, total_amount, is_canceled, created_at, updated_at) VALUES (9002, 1, 'SL-20251229-003', 20, 240000, false, '2025-12-29 23:34:16', '2025-12-29 23:34:16');
INSERT INTO sales_item (sales_id, product_id, quantity, product_code, product_name, lot, unit_price, created_at, updated_at) VALUES (9002, 20, 1, 'MA0401', '마라 떡볶이 밀키트 아주매운맛 1,2인분', 'SE01-FA01-A1-MA0401-000041', 12000, '2025-12-29 23:34:16', '2025-12-29 23:34:16');
INSERT INTO sales_item (sales_id, product_id, quantity, product_code, product_name, lot, unit_price, created_at, updated_at) VALUES (9002, 20, 1, 'MA0401', '마라 떡볶이 밀키트 아주매운맛 1,2인분', 'SE01-FA01-A1-MA0401-000042', 12000, '2025-12-29 23:34:16', '2025-12-29 23:34:16');
INSERT INTO sales_item (sales_id, product_id, quantity, product_code, product_name, lot, unit_price, created_at, updated_at) VALUES (9002, 20, 1, 'MA0401', '마라 떡볶이 밀키트 아주매운맛 1,2인분', 'SE01-FA01-A1-MA0401-000043', 12000, '2025-12-29 23:34:16', '2025-12-29 23:34:16');
INSERT INTO sales_item (sales_id, product_id, quantity, product_code, product_name, lot, unit_price, created_at, updated_at) VALUES (9002, 20, 1, 'MA0401', '마라 떡볶이 밀키트 아주매운맛 1,2인분', 'SE01-FA01-A1-MA0401-000044', 12000, '2025-12-29 23:34:16', '2025-12-29 23:34:16');
INSERT INTO sales_item (sales_id, product_id, quantity, product_code, product_name, lot, unit_price, created_at, updated_at) VALUES (9002, 20, 1, 'MA0401', '마라 떡볶이 밀키트 아주매운맛 1,2인분', 'SE01-FA01-A1-MA0401-000045', 12000, '2025-12-29 23:34:16', '2025-12-29 23:34:16');
INSERT INTO sales_item (sales_id, product_id, quantity, product_code, product_name, lot, unit_price, created_at, updated_at) VALUES (9002, 20, 1, 'MA0401', '마라 떡볶이 밀키트 아주매운맛 1,2인분', 'SE01-FA01-A1-MA0401-000046', 12000, '2025-12-29 23:34:16', '2025-12-29 23:34:16');
INSERT INTO sales_item (sales_id, product_id, quantity, product_code, product_name, lot, unit_price, created_at, updated_at) VALUES (9002, 20, 1, 'MA0401', '마라 떡볶이 밀키트 아주매운맛 1,2인분', 'SE01-FA01-A1-MA0401-000047', 12000, '2025-12-29 23:34:16', '2025-12-29 23:34:16');
INSERT INTO sales_item (sales_id, product_id, quantity, product_code, product_name, lot, unit_price, created_at, updated_at) VALUES (9002, 20, 1, 'MA0401', '마라 떡볶이 밀키트 아주매운맛 1,2인분', 'SE01-FA01-A1-MA0401-000048', 12000, '2025-12-29 23:34:16', '2025-12-29 23:34:16');
INSERT INTO sales_item (sales_id, product_id, quantity, product_code, product_name, lot, unit_price, created_at, updated_at) VALUES (9002, 20, 1, 'MA0401', '마라 떡볶이 밀키트 아주매운맛 1,2인분', 'SE01-FA01-A1-MA0401-000049', 12000, '2025-12-29 23:34:16', '2025-12-29 23:34:16');
INSERT INTO sales_item (sales_id, product_id, quantity, product_code, product_name, lot, unit_price, created_at, updated_at) VALUES (9002, 20, 1, 'MA0401', '마라 떡볶이 밀키트 아주매운맛 1,2인분', 'SE01-FA01-A1-MA0401-000050', 12000, '2025-12-29 23:34:16', '2025-12-29 23:34:16');
INSERT INTO sales_item (sales_id, product_id, quantity, product_code, product_name, lot, unit_price, created_at, updated_at) VALUES (9002, 20, 1, 'MA0401', '마라 떡볶이 밀키트 아주매운맛 1,2인분', 'SE01-FA01-A1-MA0401-000051', 12000, '2025-12-29 23:34:16', '2025-12-29 23:34:16');
INSERT INTO sales_item (sales_id, product_id, quantity, product_code, product_name, lot, unit_price, created_at, updated_at) VALUES (9002, 20, 1, 'MA0401', '마라 떡볶이 밀키트 아주매운맛 1,2인분', 'SE01-FA01-A1-MA0401-000052', 12000, '2025-12-29 23:34:16', '2025-12-29 23:34:16');
INSERT INTO sales_item (sales_id, product_id, quantity, product_code, product_name, lot, unit_price, created_at, updated_at) VALUES (9002, 20, 1, 'MA0401', '마라 떡볶이 밀키트 아주매운맛 1,2인분', 'SE01-FA01-A1-MA0401-000053', 12000, '2025-12-29 23:34:16', '2025-12-29 23:34:16');
INSERT INTO sales_item (sales_id, product_id, quantity, product_code, product_name, lot, unit_price, created_at, updated_at) VALUES (9002, 20, 1, 'MA0401', '마라 떡볶이 밀키트 아주매운맛 1,2인분', 'SE01-FA01-A1-MA0401-000054', 12000, '2025-12-29 23:34:16', '2025-12-29 23:34:16');
INSERT INTO sales_item (sales_id, product_id, quantity, product_code, product_name, lot, unit_price, created_at, updated_at) VALUES (9002, 20, 1, 'MA0401', '마라 떡볶이 밀키트 아주매운맛 1,2인분', 'SE01-FA01-A1-MA0401-000055', 12000, '2025-12-29 23:34:16', '2025-12-29 23:34:16');
INSERT INTO sales_item (sales_id, product_id, quantity, product_code, product_name, lot, unit_price, created_at, updated_at) VALUES (9002, 20, 1, 'MA0401', '마라 떡볶이 밀키트 아주매운맛 1,2인분', 'SE01-FA01-A1-MA0401-000056', 12000, '2025-12-29 23:34:16', '2025-12-29 23:34:16');
INSERT INTO sales_item (sales_id, product_id, quantity, product_code, product_name, lot, unit_price, created_at, updated_at) VALUES (9002, 20, 1, 'MA0401', '마라 떡볶이 밀키트 아주매운맛 1,2인분', 'SE01-FA01-A1-MA0401-000057', 12000, '2025-12-29 23:34:16', '2025-12-29 23:34:16');
INSERT INTO sales_item (sales_id, product_id, quantity, product_code, product_name, lot, unit_price, created_at, updated_at) VALUES (9002, 20, 1, 'MA0401', '마라 떡볶이 밀키트 아주매운맛 1,2인분', 'SE01-FA01-A1-MA0401-000058', 12000, '2025-12-29 23:34:16', '2025-12-29 23:34:16');
INSERT INTO sales_item (sales_id, product_id, quantity, product_code, product_name, lot, unit_price, created_at, updated_at) VALUES (9002, 20, 1, 'MA0401', '마라 떡볶이 밀키트 아주매운맛 1,2인분', 'SE01-FA01-A1-MA0401-000059', 12000, '2025-12-29 23:34:16', '2025-12-29 23:34:16');
INSERT INTO sales_item (sales_id, product_id, quantity, product_code, product_name, lot, unit_price, created_at, updated_at) VALUES (9002, 20, 1, 'MA0401', '마라 떡볶이 밀키트 아주매운맛 1,2인분', 'SE01-FA01-A1-MA0401-000060', 12000, '2025-12-29 23:34:16', '2025-12-29 23:34:16');

INSERT INTO franchise_order (franchise_order_id, franchise_id, order_code, user_id, address, requirement, order_status, total_quantity, total_amount, delivery_date, delivery_time, cancelled_reason, created_at, updated_at, version) VALUES (9003, 1, 'PO-20251221-004', 1001, '서울시 강남구 테스트로 1', '60~90일 과거 더미데이터', 'COMPLETED', 20, 240000, '2025-12-23 19:23:14', '09:00', NULL, '2025-12-21 15:23:14', '2025-12-23 19:23:14', 0);
INSERT INTO franchise_order_item (franchise_order_item_id, franchise_order_id, quantity, product_id, unit_price, total_price, created_at, updated_at) VALUES (9003, 9003, 20, 10, 12000, 240000, '2025-12-21 15:23:14', '2025-12-21 15:23:14');
INSERT INTO inventorylog (product_id, product_name, box_code, transaction_code, log_type, quantity, from_location_type, from_location_id, to_location_type, to_location_id, actor_type, actor_id, created_at, updated_at) VALUES (10, '로제 떡볶이 밀키트 기본맛 1,2인분', 'SE01-FA01-A1-RO0201-A01', 'PO-20251221-004', 'OUTBOUND', 20, 'FACTORY', 1, 'FRANCHISE', 1, 'FACTORY', 1, '2025-12-22 17:23:14', '2025-12-22 17:23:14');
INSERT INTO inventorylog (product_id, product_name, box_code, transaction_code, log_type, quantity, from_location_type, from_location_id, to_location_type, to_location_id, actor_type, actor_id, created_at, updated_at) VALUES (10, '로제 떡볶이 밀키트 기본맛 1,2인분', 'SE01-FA01-A1-RO0201-A01', 'PO-20251221-004', 'INBOUND', 20, 'FACTORY', 1, 'FRANCHISE', 1, 'FRANCHISE', 1, '2025-12-23 19:23:14', '2025-12-23 19:23:14');
INSERT INTO sales (sales_id, franchise_id, sales_code, quantity, total_amount, is_canceled, created_at, updated_at) VALUES (9003, 1, 'SL-20251224-004', 20, 240000, false, '2025-12-24 21:23:14', '2025-12-24 21:23:14');
INSERT INTO sales_item (sales_id, product_id, quantity, product_code, product_name, lot, unit_price, created_at, updated_at) VALUES (9003, 10, 1, 'RO0201', '로제 떡볶이 밀키트 기본맛 1,2인분', 'SE01-FA01-A1-RO0201-000061', 12000, '2025-12-24 21:23:14', '2025-12-24 21:23:14');
INSERT INTO sales_item (sales_id, product_id, quantity, product_code, product_name, lot, unit_price, created_at, updated_at) VALUES (9003, 10, 1, 'RO0201', '로제 떡볶이 밀키트 기본맛 1,2인분', 'SE01-FA01-A1-RO0201-000062', 12000, '2025-12-24 21:23:14', '2025-12-24 21:23:14');
INSERT INTO sales_item (sales_id, product_id, quantity, product_code, product_name, lot, unit_price, created_at, updated_at) VALUES (9003, 10, 1, 'RO0201', '로제 떡볶이 밀키트 기본맛 1,2인분', 'SE01-FA01-A1-RO0201-000063', 12000, '2025-12-24 21:23:14', '2025-12-24 21:23:14');
INSERT INTO sales_item (sales_id, product_id, quantity, product_code, product_name, lot, unit_price, created_at, updated_at) VALUES (9003, 10, 1, 'RO0201', '로제 떡볶이 밀키트 기본맛 1,2인분', 'SE01-FA01-A1-RO0201-000064', 12000, '2025-12-24 21:23:14', '2025-12-24 21:23:14');
INSERT INTO sales_item (sales_id, product_id, quantity, product_code, product_name, lot, unit_price, created_at, updated_at) VALUES (9003, 10, 1, 'RO0201', '로제 떡볶이 밀키트 기본맛 1,2인분', 'SE01-FA01-A1-RO0201-000065', 12000, '2025-12-24 21:23:14', '2025-12-24 21:23:14');
INSERT INTO sales_item (sales_id, product_id, quantity, product_code, product_name, lot, unit_price, created_at, updated_at) VALUES (9003, 10, 1, 'RO0201', '로제 떡볶이 밀키트 기본맛 1,2인분', 'SE01-FA01-A1-RO0201-000066', 12000, '2025-12-24 21:23:14', '2025-12-24 21:23:14');
INSERT INTO sales_item (sales_id, product_id, quantity, product_code, product_name, lot, unit_price, created_at, updated_at) VALUES (9003, 10, 1, 'RO0201', '로제 떡볶이 밀키트 기본맛 1,2인분', 'SE01-FA01-A1-RO0201-000067', 12000, '2025-12-24 21:23:14', '2025-12-24 21:23:14');
INSERT INTO sales_item (sales_id, product_id, quantity, product_code, product_name, lot, unit_price, created_at, updated_at) VALUES (9003, 10, 1, 'RO0201', '로제 떡볶이 밀키트 기본맛 1,2인분', 'SE01-FA01-A1-RO0201-000068', 12000, '2025-12-24 21:23:14', '2025-12-24 21:23:14');
INSERT INTO sales_item (sales_id, product_id, quantity, product_code, product_name, lot, unit_price, created_at, updated_at) VALUES (9003, 10, 1, 'RO0201', '로제 떡볶이 밀키트 기본맛 1,2인분', 'SE01-FA01-A1-RO0201-000069', 12000, '2025-12-24 21:23:14', '2025-12-24 21:23:14');
INSERT INTO sales_item (sales_id, product_id, quantity, product_code, product_name, lot, unit_price, created_at, updated_at) VALUES (9003, 10, 1, 'RO0201', '로제 떡볶이 밀키트 기본맛 1,2인분', 'SE01-FA01-A1-RO0201-000070', 12000, '2025-12-24 21:23:14', '2025-12-24 21:23:14');
INSERT INTO sales_item (sales_id, product_id, quantity, product_code, product_name, lot, unit_price, created_at, updated_at) VALUES (9003, 10, 1, 'RO0201', '로제 떡볶이 밀키트 기본맛 1,2인분', 'SE01-FA01-A1-RO0201-000071', 12000, '2025-12-24 21:23:14', '2025-12-24 21:23:14');
INSERT INTO sales_item (sales_id, product_id, quantity, product_code, product_name, lot, unit_price, created_at, updated_at) VALUES (9003, 10, 1, 'RO0201', '로제 떡볶이 밀키트 기본맛 1,2인분', 'SE01-FA01-A1-RO0201-000072', 12000, '2025-12-24 21:23:14', '2025-12-24 21:23:14');
INSERT INTO sales_item (sales_id, product_id, quantity, product_code, product_name, lot, unit_price, created_at, updated_at) VALUES (9003, 10, 1, 'RO0201', '로제 떡볶이 밀키트 기본맛 1,2인분', 'SE01-FA01-A1-RO0201-000073', 12000, '2025-12-24 21:23:14', '2025-12-24 21:23:14');
INSERT INTO sales_item (sales_id, product_id, quantity, product_code, product_name, lot, unit_price, created_at, updated_at) VALUES (9003, 10, 1, 'RO0201', '로제 떡볶이 밀키트 기본맛 1,2인분', 'SE01-FA01-A1-RO0201-000074', 12000, '2025-12-24 21:23:14', '2025-12-24 21:23:14');
INSERT INTO sales_item (sales_id, product_id, quantity, product_code, product_name, lot, unit_price, created_at, updated_at) VALUES (9003, 10, 1, 'RO0201', '로제 떡볶이 밀키트 기본맛 1,2인분', 'SE01-FA01-A1-RO0201-000075', 12000, '2025-12-24 21:23:14', '2025-12-24 21:23:14');
INSERT INTO sales_item (sales_id, product_id, quantity, product_code, product_name, lot, unit_price, created_at, updated_at) VALUES (9003, 10, 1, 'RO0201', '로제 떡볶이 밀키트 기본맛 1,2인분', 'SE01-FA01-A1-RO0201-000076', 12000, '2025-12-24 21:23:14', '2025-12-24 21:23:14');
INSERT INTO sales_item (sales_id, product_id, quantity, product_code, product_name, lot, unit_price, created_at, updated_at) VALUES (9003, 10, 1, 'RO0201', '로제 떡볶이 밀키트 기본맛 1,2인분', 'SE01-FA01-A1-RO0201-000077', 12000, '2025-12-24 21:23:14', '2025-12-24 21:23:14');
INSERT INTO sales_item (sales_id, product_id, quantity, product_code, product_name, lot, unit_price, created_at, updated_at) VALUES (9003, 10, 1, 'RO0201', '로제 떡볶이 밀키트 기본맛 1,2인분', 'SE01-FA01-A1-RO0201-000078', 12000, '2025-12-24 21:23:14', '2025-12-24 21:23:14');
INSERT INTO sales_item (sales_id, product_id, quantity, product_code, product_name, lot, unit_price, created_at, updated_at) VALUES (9003, 10, 1, 'RO0201', '로제 떡볶이 밀키트 기본맛 1,2인분', 'SE01-FA01-A1-RO0201-000079', 12000, '2025-12-24 21:23:14', '2025-12-24 21:23:14');
INSERT INTO sales_item (sales_id, product_id, quantity, product_code, product_name, lot, unit_price, created_at, updated_at) VALUES (9003, 10, 1, 'RO0201', '로제 떡볶이 밀키트 기본맛 1,2인분', 'SE01-FA01-A1-RO0201-000080', 12000, '2025-12-24 21:23:14', '2025-12-24 21:23:14');

INSERT INTO franchise_order (franchise_order_id, franchise_id, order_code, user_id, address, requirement, order_status, total_quantity, total_amount, delivery_date, delivery_time, cancelled_reason, created_at, updated_at, version) VALUES (9004, 1, 'PO-20260116-005', 1001, '서울시 강남구 테스트로 1', '60~90일 과거 더미데이터', 'COMPLETED', 20, 240000, '2026-01-18 13:55:07', '09:00', NULL, '2026-01-16 09:55:07', '2026-01-18 13:55:07', 0);
INSERT INTO franchise_order_item (franchise_order_item_id, franchise_order_id, quantity, product_id, unit_price, total_price, created_at, updated_at) VALUES (9004, 9004, 20, 18, 12000, 240000, '2026-01-16 09:55:07', '2026-01-16 09:55:07');
INSERT INTO inventorylog (product_id, product_name, box_code, transaction_code, log_type, quantity, from_location_type, from_location_id, to_location_type, to_location_id, actor_type, actor_id, created_at, updated_at) VALUES (18, '마라 떡볶이 밀키트 기본맛 1,2인분', 'SE01-FA01-A1-MA0201-A02', 'PO-20260116-005', 'OUTBOUND', 20, 'FACTORY', 1, 'FRANCHISE', 1, 'FACTORY', 1, '2026-01-17 11:55:07', '2026-01-17 11:55:07');
INSERT INTO inventorylog (product_id, product_name, box_code, transaction_code, log_type, quantity, from_location_type, from_location_id, to_location_type, to_location_id, actor_type, actor_id, created_at, updated_at) VALUES (18, '마라 떡볶이 밀키트 기본맛 1,2인분', 'SE01-FA01-A1-MA0201-A02', 'PO-20260116-005', 'INBOUND', 20, 'FACTORY', 1, 'FRANCHISE', 1, 'FRANCHISE', 1, '2026-01-18 13:55:07', '2026-01-18 13:55:07');
INSERT INTO sales (sales_id, franchise_id, sales_code, quantity, total_amount, is_canceled, created_at, updated_at) VALUES (9004, 1, 'SL-20260119-005', 20, 240000, false, '2026-01-19 15:55:07', '2026-01-19 15:55:07');
INSERT INTO sales_item (sales_id, product_id, quantity, product_code, product_name, lot, unit_price, created_at, updated_at) VALUES (9004, 18, 1, 'MA0201', '마라 떡볶이 밀키트 기본맛 1,2인분', 'SE01-FA01-A1-MA0201-000081', 12000, '2026-01-19 15:55:07', '2026-01-19 15:55:07');
INSERT INTO sales_item (sales_id, product_id, quantity, product_code, product_name, lot, unit_price, created_at, updated_at) VALUES (9004, 18, 1, 'MA0201', '마라 떡볶이 밀키트 기본맛 1,2인분', 'SE01-FA01-A1-MA0201-000082', 12000, '2026-01-19 15:55:07', '2026-01-19 15:55:07');
INSERT INTO sales_item (sales_id, product_id, quantity, product_code, product_name, lot, unit_price, created_at, updated_at) VALUES (9004, 18, 1, 'MA0201', '마라 떡볶이 밀키트 기본맛 1,2인분', 'SE01-FA01-A1-MA0201-000083', 12000, '2026-01-19 15:55:07', '2026-01-19 15:55:07');
INSERT INTO sales_item (sales_id, product_id, quantity, product_code, product_name, lot, unit_price, created_at, updated_at) VALUES (9004, 18, 1, 'MA0201', '마라 떡볶이 밀키트 기본맛 1,2인분', 'SE01-FA01-A1-MA0201-000084', 12000, '2026-01-19 15:55:07', '2026-01-19 15:55:07');
INSERT INTO sales_item (sales_id, product_id, quantity, product_code, product_name, lot, unit_price, created_at, updated_at) VALUES (9004, 18, 1, 'MA0201', '마라 떡볶이 밀키트 기본맛 1,2인분', 'SE01-FA01-A1-MA0201-000085', 12000, '2026-01-19 15:55:07', '2026-01-19 15:55:07');
INSERT INTO sales_item (sales_id, product_id, quantity, product_code, product_name, lot, unit_price, created_at, updated_at) VALUES (9004, 18, 1, 'MA0201', '마라 떡볶이 밀키트 기본맛 1,2인분', 'SE01-FA01-A1-MA0201-000086', 12000, '2026-01-19 15:55:07', '2026-01-19 15:55:07');
INSERT INTO sales_item (sales_id, product_id, quantity, product_code, product_name, lot, unit_price, created_at, updated_at) VALUES (9004, 18, 1, 'MA0201', '마라 떡볶이 밀키트 기본맛 1,2인분', 'SE01-FA01-A1-MA0201-000087', 12000, '2026-01-19 15:55:07', '2026-01-19 15:55:07');
INSERT INTO sales_item (sales_id, product_id, quantity, product_code, product_name, lot, unit_price, created_at, updated_at) VALUES (9004, 18, 1, 'MA0201', '마라 떡볶이 밀키트 기본맛 1,2인분', 'SE01-FA01-A1-MA0201-000088', 12000, '2026-01-19 15:55:07', '2026-01-19 15:55:07');
INSERT INTO sales_item (sales_id, product_id, quantity, product_code, product_name, lot, unit_price, created_at, updated_at) VALUES (9004, 18, 1, 'MA0201', '마라 떡볶이 밀키트 기본맛 1,2인분', 'SE01-FA01-A1-MA0201-000089', 12000, '2026-01-19 15:55:07', '2026-01-19 15:55:07');
INSERT INTO sales_item (sales_id, product_id, quantity, product_code, product_name, lot, unit_price, created_at, updated_at) VALUES (9004, 18, 1, 'MA0201', '마라 떡볶이 밀키트 기본맛 1,2인분', 'SE01-FA01-A1-MA0201-000090', 12000, '2026-01-19 15:55:07', '2026-01-19 15:55:07');
INSERT INTO sales_item (sales_id, product_id, quantity, product_code, product_name, lot, unit_price, created_at, updated_at) VALUES (9004, 18, 1, 'MA0201', '마라 떡볶이 밀키트 기본맛 1,2인분', 'SE01-FA01-A1-MA0201-000091', 12000, '2026-01-19 15:55:07', '2026-01-19 15:55:07');
INSERT INTO sales_item (sales_id, product_id, quantity, product_code, product_name, lot, unit_price, created_at, updated_at) VALUES (9004, 18, 1, 'MA0201', '마라 떡볶이 밀키트 기본맛 1,2인분', 'SE01-FA01-A1-MA0201-000092', 12000, '2026-01-19 15:55:07', '2026-01-19 15:55:07');
INSERT INTO sales_item (sales_id, product_id, quantity, product_code, product_name, lot, unit_price, created_at, updated_at) VALUES (9004, 18, 1, 'MA0201', '마라 떡볶이 밀키트 기본맛 1,2인분', 'SE01-FA01-A1-MA0201-000093', 12000, '2026-01-19 15:55:07', '2026-01-19 15:55:07');
INSERT INTO sales_item (sales_id, product_id, quantity, product_code, product_name, lot, unit_price, created_at, updated_at) VALUES (9004, 18, 1, 'MA0201', '마라 떡볶이 밀키트 기본맛 1,2인분', 'SE01-FA01-A1-MA0201-000094', 12000, '2026-01-19 15:55:07', '2026-01-19 15:55:07');
INSERT INTO sales_item (sales_id, product_id, quantity, product_code, product_name, lot, unit_price, created_at, updated_at) VALUES (9004, 18, 1, 'MA0201', '마라 떡볶이 밀키트 기본맛 1,2인분', 'SE01-FA01-A1-MA0201-000095', 12000, '2026-01-19 15:55:07', '2026-01-19 15:55:07');
INSERT INTO sales_item (sales_id, product_id, quantity, product_code, product_name, lot, unit_price, created_at, updated_at) VALUES (9004, 18, 1, 'MA0201', '마라 떡볶이 밀키트 기본맛 1,2인분', 'SE01-FA01-A1-MA0201-000096', 12000, '2026-01-19 15:55:07', '2026-01-19 15:55:07');
INSERT INTO sales_item (sales_id, product_id, quantity, product_code, product_name, lot, unit_price, created_at, updated_at) VALUES (9004, 18, 1, 'MA0201', '마라 떡볶이 밀키트 기본맛 1,2인분', 'SE01-FA01-A1-MA0201-000097', 12000, '2026-01-19 15:55:07', '2026-01-19 15:55:07');
INSERT INTO sales_item (sales_id, product_id, quantity, product_code, product_name, lot, unit_price, created_at, updated_at) VALUES (9004, 18, 1, 'MA0201', '마라 떡볶이 밀키트 기본맛 1,2인분', 'SE01-FA01-A1-MA0201-000098', 12000, '2026-01-19 15:55:07', '2026-01-19 15:55:07');
INSERT INTO sales_item (sales_id, product_id, quantity, product_code, product_name, lot, unit_price, created_at, updated_at) VALUES (9004, 18, 1, 'MA0201', '마라 떡볶이 밀키트 기본맛 1,2인분', 'SE01-FA01-A1-MA0201-000099', 12000, '2026-01-19 15:55:07', '2026-01-19 15:55:07');
INSERT INTO sales_item (sales_id, product_id, quantity, product_code, product_name, lot, unit_price, created_at, updated_at) VALUES (9004, 18, 1, 'MA0201', '마라 떡볶이 밀키트 기본맛 1,2인분', 'SE01-FA01-A1-MA0201-000100', 12000, '2026-01-19 15:55:07', '2026-01-19 15:55:07');

INSERT INTO franchise_order (franchise_order_id, franchise_id, order_code, user_id, address, requirement, order_status, total_quantity, total_amount, delivery_date, delivery_time, cancelled_reason, created_at, updated_at, version) VALUES (9005, 1, 'PO-20251224-006', 1001, '서울시 강남구 테스트로 1', '60~90일 과거 더미데이터', 'COMPLETED', 20, 200000, '2025-12-26 19:38:04', '09:00', NULL, '2025-12-24 15:38:04', '2025-12-26 19:38:04', 0);
INSERT INTO franchise_order_item (franchise_order_item_id, franchise_order_id, quantity, product_id, unit_price, total_price, created_at, updated_at) VALUES (9005, 9005, 20, 3, 10000, 200000, '2025-12-24 15:38:04', '2025-12-24 15:38:04');
INSERT INTO inventorylog (product_id, product_name, box_code, transaction_code, log_type, quantity, from_location_type, from_location_id, to_location_type, to_location_id, actor_type, actor_id, created_at, updated_at) VALUES (3, '오리지널 떡볶이 밀키트 매운맛 1,2인분', 'SE01-FA01-A1-OR0301-A01', 'PO-20251224-006', 'OUTBOUND', 20, 'FACTORY', 1, 'FRANCHISE', 1, 'FACTORY', 1, '2025-12-25 17:38:04', '2025-12-25 17:38:04');
INSERT INTO inventorylog (product_id, product_name, box_code, transaction_code, log_type, quantity, from_location_type, from_location_id, to_location_type, to_location_id, actor_type, actor_id, created_at, updated_at) VALUES (3, '오리지널 떡볶이 밀키트 매운맛 1,2인분', 'SE01-FA01-A1-OR0301-A01', 'PO-20251224-006', 'INBOUND', 20, 'FACTORY', 1, 'FRANCHISE', 1, 'FRANCHISE', 1, '2025-12-26 19:38:04', '2025-12-26 19:38:04');
INSERT INTO sales (sales_id, franchise_id, sales_code, quantity, total_amount, is_canceled, created_at, updated_at) VALUES (9005, 1, 'SL-20251227-006', 20, 200000, false, '2025-12-27 21:38:04', '2025-12-27 21:38:04');
INSERT INTO sales_item (sales_id, product_id, quantity, product_code, product_name, lot, unit_price, created_at, updated_at) VALUES (9005, 3, 1, 'OR0301', '오리지널 떡볶이 밀키트 매운맛 1,2인분', 'SE01-FA01-A1-OR0301-000101', 10000, '2025-12-27 21:38:04', '2025-12-27 21:38:04');
INSERT INTO sales_item (sales_id, product_id, quantity, product_code, product_name, lot, unit_price, created_at, updated_at) VALUES (9005, 3, 1, 'OR0301', '오리지널 떡볶이 밀키트 매운맛 1,2인분', 'SE01-FA01-A1-OR0301-000102', 10000, '2025-12-27 21:38:04', '2025-12-27 21:38:04');
INSERT INTO sales_item (sales_id, product_id, quantity, product_code, product_name, lot, unit_price, created_at, updated_at) VALUES (9005, 3, 1, 'OR0301', '오리지널 떡볶이 밀키트 매운맛 1,2인분', 'SE01-FA01-A1-OR0301-000103', 10000, '2025-12-27 21:38:04', '2025-12-27 21:38:04');
INSERT INTO sales_item (sales_id, product_id, quantity, product_code, product_name, lot, unit_price, created_at, updated_at) VALUES (9005, 3, 1, 'OR0301', '오리지널 떡볶이 밀키트 매운맛 1,2인분', 'SE01-FA01-A1-OR0301-000104', 10000, '2025-12-27 21:38:04', '2025-12-27 21:38:04');
INSERT INTO sales_item (sales_id, product_id, quantity, product_code, product_name, lot, unit_price, created_at, updated_at) VALUES (9005, 3, 1, 'OR0301', '오리지널 떡볶이 밀키트 매운맛 1,2인분', 'SE01-FA01-A1-OR0301-000105', 10000, '2025-12-27 21:38:04', '2025-12-27 21:38:04');
INSERT INTO sales_item (sales_id, product_id, quantity, product_code, product_name, lot, unit_price, created_at, updated_at) VALUES (9005, 3, 1, 'OR0301', '오리지널 떡볶이 밀키트 매운맛 1,2인분', 'SE01-FA01-A1-OR0301-000106', 10000, '2025-12-27 21:38:04', '2025-12-27 21:38:04');
INSERT INTO sales_item (sales_id, product_id, quantity, product_code, product_name, lot, unit_price, created_at, updated_at) VALUES (9005, 3, 1, 'OR0301', '오리지널 떡볶이 밀키트 매운맛 1,2인분', 'SE01-FA01-A1-OR0301-000107', 10000, '2025-12-27 21:38:04', '2025-12-27 21:38:04');
INSERT INTO sales_item (sales_id, product_id, quantity, product_code, product_name, lot, unit_price, created_at, updated_at) VALUES (9005, 3, 1, 'OR0301', '오리지널 떡볶이 밀키트 매운맛 1,2인분', 'SE01-FA01-A1-OR0301-000108', 10000, '2025-12-27 21:38:04', '2025-12-27 21:38:04');
INSERT INTO sales_item (sales_id, product_id, quantity, product_code, product_name, lot, unit_price, created_at, updated_at) VALUES (9005, 3, 1, 'OR0301', '오리지널 떡볶이 밀키트 매운맛 1,2인분', 'SE01-FA01-A1-OR0301-000109', 10000, '2025-12-27 21:38:04', '2025-12-27 21:38:04');
INSERT INTO sales_item (sales_id, product_id, quantity, product_code, product_name, lot, unit_price, created_at, updated_at) VALUES (9005, 3, 1, 'OR0301', '오리지널 떡볶이 밀키트 매운맛 1,2인분', 'SE01-FA01-A1-OR0301-000110', 10000, '2025-12-27 21:38:04', '2025-12-27 21:38:04');
INSERT INTO sales_item (sales_id, product_id, quantity, product_code, product_name, lot, unit_price, created_at, updated_at) VALUES (9005, 3, 1, 'OR0301', '오리지널 떡볶이 밀키트 매운맛 1,2인분', 'SE01-FA01-A1-OR0301-000111', 10000, '2025-12-27 21:38:04', '2025-12-27 21:38:04');
INSERT INTO sales_item (sales_id, product_id, quantity, product_code, product_name, lot, unit_price, created_at, updated_at) VALUES (9005, 3, 1, 'OR0301', '오리지널 떡볶이 밀키트 매운맛 1,2인분', 'SE01-FA01-A1-OR0301-000112', 10000, '2025-12-27 21:38:04', '2025-12-27 21:38:04');
INSERT INTO sales_item (sales_id, product_id, quantity, product_code, product_name, lot, unit_price, created_at, updated_at) VALUES (9005, 3, 1, 'OR0301', '오리지널 떡볶이 밀키트 매운맛 1,2인분', 'SE01-FA01-A1-OR0301-000113', 10000, '2025-12-27 21:38:04', '2025-12-27 21:38:04');
INSERT INTO sales_item (sales_id, product_id, quantity, product_code, product_name, lot, unit_price, created_at, updated_at) VALUES (9005, 3, 1, 'OR0301', '오리지널 떡볶이 밀키트 매운맛 1,2인분', 'SE01-FA01-A1-OR0301-000114', 10000, '2025-12-27 21:38:04', '2025-12-27 21:38:04');
INSERT INTO sales_item (sales_id, product_id, quantity, product_code, product_name, lot, unit_price, created_at, updated_at) VALUES (9005, 3, 1, 'OR0301', '오리지널 떡볶이 밀키트 매운맛 1,2인분', 'SE01-FA01-A1-OR0301-000115', 10000, '2025-12-27 21:38:04', '2025-12-27 21:38:04');
INSERT INTO sales_item (sales_id, product_id, quantity, product_code, product_name, lot, unit_price, created_at, updated_at) VALUES (9005, 3, 1, 'OR0301', '오리지널 떡볶이 밀키트 매운맛 1,2인분', 'SE01-FA01-A1-OR0301-000116', 10000, '2025-12-27 21:38:04', '2025-12-27 21:38:04');
INSERT INTO sales_item (sales_id, product_id, quantity, product_code, product_name, lot, unit_price, created_at, updated_at) VALUES (9005, 3, 1, 'OR0301', '오리지널 떡볶이 밀키트 매운맛 1,2인분', 'SE01-FA01-A1-OR0301-000117', 10000, '2025-12-27 21:38:04', '2025-12-27 21:38:04');
INSERT INTO sales_item (sales_id, product_id, quantity, product_code, product_name, lot, unit_price, created_at, updated_at) VALUES (9005, 3, 1, 'OR0301', '오리지널 떡볶이 밀키트 매운맛 1,2인분', 'SE01-FA01-A1-OR0301-000118', 10000, '2025-12-27 21:38:04', '2025-12-27 21:38:04');
INSERT INTO sales_item (sales_id, product_id, quantity, product_code, product_name, lot, unit_price, created_at, updated_at) VALUES (9005, 3, 1, 'OR0301', '오리지널 떡볶이 밀키트 매운맛 1,2인분', 'SE01-FA01-A1-OR0301-000119', 10000, '2025-12-27 21:38:04', '2025-12-27 21:38:04');
INSERT INTO sales_item (sales_id, product_id, quantity, product_code, product_name, lot, unit_price, created_at, updated_at) VALUES (9005, 3, 1, 'OR0301', '오리지널 떡볶이 밀키트 매운맛 1,2인분', 'SE01-FA01-A1-OR0301-000120', 10000, '2025-12-27 21:38:04', '2025-12-27 21:38:04');

INSERT INTO franchise_order (franchise_order_id, franchise_id, order_code, user_id, address, requirement, order_status, total_quantity, total_amount, delivery_date, delivery_time, cancelled_reason, created_at, updated_at, version) VALUES (9006, 1, 'PO-20251230-007', 1001, '서울시 강남구 테스트로 1', '60~90일 과거 더미데이터', 'COMPLETED', 20, 200000, '2026-01-01 20:33:16', '09:00', NULL, '2025-12-30 16:33:16', '2026-01-01 20:33:16', 0);
INSERT INTO franchise_order_item (franchise_order_item_id, franchise_order_id, quantity, product_id, unit_price, total_price, created_at, updated_at) VALUES (9006, 9006, 20, 2, 10000, 200000, '2025-12-30 16:33:16', '2025-12-30 16:33:16');
INSERT INTO inventorylog (product_id, product_name, box_code, transaction_code, log_type, quantity, from_location_type, from_location_id, to_location_type, to_location_id, actor_type, actor_id, created_at, updated_at) VALUES (2, '오리지널 떡볶이 밀키트 기본맛 1,2인분', 'SE01-FA01-A1-OR0201-A01', 'PO-20251230-007', 'OUTBOUND', 20, 'FACTORY', 1, 'FRANCHISE', 1, 'FACTORY', 1, '2025-12-31 18:33:16', '2025-12-31 18:33:16');
INSERT INTO inventorylog (product_id, product_name, box_code, transaction_code, log_type, quantity, from_location_type, from_location_id, to_location_type, to_location_id, actor_type, actor_id, created_at, updated_at) VALUES (2, '오리지널 떡볶이 밀키트 기본맛 1,2인분', 'SE01-FA01-A1-OR0201-A01', 'PO-20251230-007', 'INBOUND', 20, 'FACTORY', 1, 'FRANCHISE', 1, 'FRANCHISE', 1, '2026-01-01 20:33:16', '2026-01-01 20:33:16');
INSERT INTO sales (sales_id, franchise_id, sales_code, quantity, total_amount, is_canceled, created_at, updated_at) VALUES (9006, 1, 'SL-20260102-007', 20, 200000, false, '2026-01-02 22:33:16', '2026-01-02 22:33:16');
INSERT INTO sales_item (sales_id, product_id, quantity, product_code, product_name, lot, unit_price, created_at, updated_at) VALUES (9006, 2, 1, 'OR0201', '오리지널 떡볶이 밀키트 기본맛 1,2인분', 'SE01-FA01-A1-OR0201-000121', 10000, '2026-01-02 22:33:16', '2026-01-02 22:33:16');
INSERT INTO sales_item (sales_id, product_id, quantity, product_code, product_name, lot, unit_price, created_at, updated_at) VALUES (9006, 2, 1, 'OR0201', '오리지널 떡볶이 밀키트 기본맛 1,2인분', 'SE01-FA01-A1-OR0201-000122', 10000, '2026-01-02 22:33:16', '2026-01-02 22:33:16');
INSERT INTO sales_item (sales_id, product_id, quantity, product_code, product_name, lot, unit_price, created_at, updated_at) VALUES (9006, 2, 1, 'OR0201', '오리지널 떡볶이 밀키트 기본맛 1,2인분', 'SE01-FA01-A1-OR0201-000123', 10000, '2026-01-02 22:33:16', '2026-01-02 22:33:16');
INSERT INTO sales_item (sales_id, product_id, quantity, product_code, product_name, lot, unit_price, created_at, updated_at) VALUES (9006, 2, 1, 'OR0201', '오리지널 떡볶이 밀키트 기본맛 1,2인분', 'SE01-FA01-A1-OR0201-000124', 10000, '2026-01-02 22:33:16', '2026-01-02 22:33:16');
INSERT INTO sales_item (sales_id, product_id, quantity, product_code, product_name, lot, unit_price, created_at, updated_at) VALUES (9006, 2, 1, 'OR0201', '오리지널 떡볶이 밀키트 기본맛 1,2인분', 'SE01-FA01-A1-OR0201-000125', 10000, '2026-01-02 22:33:16', '2026-01-02 22:33:16');
INSERT INTO sales_item (sales_id, product_id, quantity, product_code, product_name, lot, unit_price, created_at, updated_at) VALUES (9006, 2, 1, 'OR0201', '오리지널 떡볶이 밀키트 기본맛 1,2인분', 'SE01-FA01-A1-OR0201-000126', 10000, '2026-01-02 22:33:16', '2026-01-02 22:33:16');
INSERT INTO sales_item (sales_id, product_id, quantity, product_code, product_name, lot, unit_price, created_at, updated_at) VALUES (9006, 2, 1, 'OR0201', '오리지널 떡볶이 밀키트 기본맛 1,2인분', 'SE01-FA01-A1-OR0201-000127', 10000, '2026-01-02 22:33:16', '2026-01-02 22:33:16');
INSERT INTO sales_item (sales_id, product_id, quantity, product_code, product_name, lot, unit_price, created_at, updated_at) VALUES (9006, 2, 1, 'OR0201', '오리지널 떡볶이 밀키트 기본맛 1,2인분', 'SE01-FA01-A1-OR0201-000128', 10000, '2026-01-02 22:33:16', '2026-01-02 22:33:16');
INSERT INTO sales_item (sales_id, product_id, quantity, product_code, product_name, lot, unit_price, created_at, updated_at) VALUES (9006, 2, 1, 'OR0201', '오리지널 떡볶이 밀키트 기본맛 1,2인분', 'SE01-FA01-A1-OR0201-000129', 10000, '2026-01-02 22:33:16', '2026-01-02 22:33:16');
INSERT INTO sales_item (sales_id, product_id, quantity, product_code, product_name, lot, unit_price, created_at, updated_at) VALUES (9006, 2, 1, 'OR0201', '오리지널 떡볶이 밀키트 기본맛 1,2인분', 'SE01-FA01-A1-OR0201-000130', 10000, '2026-01-02 22:33:16', '2026-01-02 22:33:16');
INSERT INTO sales_item (sales_id, product_id, quantity, product_code, product_name, lot, unit_price, created_at, updated_at) VALUES (9006, 2, 1, 'OR0201', '오리지널 떡볶이 밀키트 기본맛 1,2인분', 'SE01-FA01-A1-OR0201-000131', 10000, '2026-01-02 22:33:16', '2026-01-02 22:33:16');
INSERT INTO sales_item (sales_id, product_id, quantity, product_code, product_name, lot, unit_price, created_at, updated_at) VALUES (9006, 2, 1, 'OR0201', '오리지널 떡볶이 밀키트 기본맛 1,2인분', 'SE01-FA01-A1-OR0201-000132', 10000, '2026-01-02 22:33:16', '2026-01-02 22:33:16');
INSERT INTO sales_item (sales_id, product_id, quantity, product_code, product_name, lot, unit_price, created_at, updated_at) VALUES (9006, 2, 1, 'OR0201', '오리지널 떡볶이 밀키트 기본맛 1,2인분', 'SE01-FA01-A1-OR0201-000133', 10000, '2026-01-02 22:33:16', '2026-01-02 22:33:16');
INSERT INTO sales_item (sales_id, product_id, quantity, product_code, product_name, lot, unit_price, created_at, updated_at) VALUES (9006, 2, 1, 'OR0201', '오리지널 떡볶이 밀키트 기본맛 1,2인분', 'SE01-FA01-A1-OR0201-000134', 10000, '2026-01-02 22:33:16', '2026-01-02 22:33:16');
INSERT INTO sales_item (sales_id, product_id, quantity, product_code, product_name, lot, unit_price, created_at, updated_at) VALUES (9006, 2, 1, 'OR0201', '오리지널 떡볶이 밀키트 기본맛 1,2인분', 'SE01-FA01-A1-OR0201-000135', 10000, '2026-01-02 22:33:16', '2026-01-02 22:33:16');
INSERT INTO sales_item (sales_id, product_id, quantity, product_code, product_name, lot, unit_price, created_at, updated_at) VALUES (9006, 2, 1, 'OR0201', '오리지널 떡볶이 밀키트 기본맛 1,2인분', 'SE01-FA01-A1-OR0201-000136', 10000, '2026-01-02 22:33:16', '2026-01-02 22:33:16');
INSERT INTO sales_item (sales_id, product_id, quantity, product_code, product_name, lot, unit_price, created_at, updated_at) VALUES (9006, 2, 1, 'OR0201', '오리지널 떡볶이 밀키트 기본맛 1,2인분', 'SE01-FA01-A1-OR0201-000137', 10000, '2026-01-02 22:33:16', '2026-01-02 22:33:16');
INSERT INTO sales_item (sales_id, product_id, quantity, product_code, product_name, lot, unit_price, created_at, updated_at) VALUES (9006, 2, 1, 'OR0201', '오리지널 떡볶이 밀키트 기본맛 1,2인분', 'SE01-FA01-A1-OR0201-000138', 10000, '2026-01-02 22:33:16', '2026-01-02 22:33:16');
INSERT INTO sales_item (sales_id, product_id, quantity, product_code, product_name, lot, unit_price, created_at, updated_at) VALUES (9006, 2, 1, 'OR0201', '오리지널 떡볶이 밀키트 기본맛 1,2인분', 'SE01-FA01-A1-OR0201-000139', 10000, '2026-01-02 22:33:16', '2026-01-02 22:33:16');
INSERT INTO sales_item (sales_id, product_id, quantity, product_code, product_name, lot, unit_price, created_at, updated_at) VALUES (9006, 2, 1, 'OR0201', '오리지널 떡볶이 밀키트 기본맛 1,2인분', 'SE01-FA01-A1-OR0201-000140', 10000, '2026-01-02 22:33:16', '2026-01-02 22:33:16');

INSERT INTO franchise_order (franchise_order_id, franchise_id, order_code, user_id, address, requirement, order_status, total_quantity, total_amount, delivery_date, delivery_time, cancelled_reason, created_at, updated_at, version) VALUES (9007, 1, 'PO-20251228-008', 1001, '서울시 강남구 테스트로 1', '60~90일 과거 더미데이터', 'COMPLETED', 20, 440000, '2025-12-30 14:43:56', '09:00', NULL, '2025-12-28 10:43:56', '2025-12-30 14:43:56', 0);
INSERT INTO franchise_order_item (franchise_order_item_id, franchise_order_id, quantity, product_id, unit_price, total_price, created_at, updated_at) VALUES (9007, 9007, 20, 23, 22000, 440000, '2025-12-28 10:43:56', '2025-12-28 10:43:56');
INSERT INTO inventorylog (product_id, product_name, box_code, transaction_code, log_type, quantity, from_location_type, from_location_id, to_location_type, to_location_id, actor_type, actor_id, created_at, updated_at) VALUES (23, '마라 떡볶이 밀키트 매운맛 3,4인분', 'SE01-FA01-A1-MA0303-A01', 'PO-20251228-008', 'OUTBOUND', 20, 'FACTORY', 1, 'FRANCHISE', 1, 'FACTORY', 1, '2025-12-29 12:43:56', '2025-12-29 12:43:56');
INSERT INTO inventorylog (product_id, product_name, box_code, transaction_code, log_type, quantity, from_location_type, from_location_id, to_location_type, to_location_id, actor_type, actor_id, created_at, updated_at) VALUES (23, '마라 떡볶이 밀키트 매운맛 3,4인분', 'SE01-FA01-A1-MA0303-A01', 'PO-20251228-008', 'INBOUND', 20, 'FACTORY', 1, 'FRANCHISE', 1, 'FRANCHISE', 1, '2025-12-30 14:43:56', '2025-12-30 14:43:56');
INSERT INTO sales (sales_id, franchise_id, sales_code, quantity, total_amount, is_canceled, created_at, updated_at) VALUES (9007, 1, 'SL-20251231-008', 20, 440000, false, '2025-12-31 16:43:56', '2025-12-31 16:43:56');
INSERT INTO sales_item (sales_id, product_id, quantity, product_code, product_name, lot, unit_price, created_at, updated_at) VALUES (9007, 23, 1, 'MA0303', '마라 떡볶이 밀키트 매운맛 3,4인분', 'SE01-FA01-A1-MA0303-000141', 22000, '2025-12-31 16:43:56', '2025-12-31 16:43:56');
INSERT INTO sales_item (sales_id, product_id, quantity, product_code, product_name, lot, unit_price, created_at, updated_at) VALUES (9007, 23, 1, 'MA0303', '마라 떡볶이 밀키트 매운맛 3,4인분', 'SE01-FA01-A1-MA0303-000142', 22000, '2025-12-31 16:43:56', '2025-12-31 16:43:56');
INSERT INTO sales_item (sales_id, product_id, quantity, product_code, product_name, lot, unit_price, created_at, updated_at) VALUES (9007, 23, 1, 'MA0303', '마라 떡볶이 밀키트 매운맛 3,4인분', 'SE01-FA01-A1-MA0303-000143', 22000, '2025-12-31 16:43:56', '2025-12-31 16:43:56');
INSERT INTO sales_item (sales_id, product_id, quantity, product_code, product_name, lot, unit_price, created_at, updated_at) VALUES (9007, 23, 1, 'MA0303', '마라 떡볶이 밀키트 매운맛 3,4인분', 'SE01-FA01-A1-MA0303-000144', 22000, '2025-12-31 16:43:56', '2025-12-31 16:43:56');
INSERT INTO sales_item (sales_id, product_id, quantity, product_code, product_name, lot, unit_price, created_at, updated_at) VALUES (9007, 23, 1, 'MA0303', '마라 떡볶이 밀키트 매운맛 3,4인분', 'SE01-FA01-A1-MA0303-000145', 22000, '2025-12-31 16:43:56', '2025-12-31 16:43:56');
INSERT INTO sales_item (sales_id, product_id, quantity, product_code, product_name, lot, unit_price, created_at, updated_at) VALUES (9007, 23, 1, 'MA0303', '마라 떡볶이 밀키트 매운맛 3,4인분', 'SE01-FA01-A1-MA0303-000146', 22000, '2025-12-31 16:43:56', '2025-12-31 16:43:56');
INSERT INTO sales_item (sales_id, product_id, quantity, product_code, product_name, lot, unit_price, created_at, updated_at) VALUES (9007, 23, 1, 'MA0303', '마라 떡볶이 밀키트 매운맛 3,4인분', 'SE01-FA01-A1-MA0303-000147', 22000, '2025-12-31 16:43:56', '2025-12-31 16:43:56');
INSERT INTO sales_item (sales_id, product_id, quantity, product_code, product_name, lot, unit_price, created_at, updated_at) VALUES (9007, 23, 1, 'MA0303', '마라 떡볶이 밀키트 매운맛 3,4인분', 'SE01-FA01-A1-MA0303-000148', 22000, '2025-12-31 16:43:56', '2025-12-31 16:43:56');
INSERT INTO sales_item (sales_id, product_id, quantity, product_code, product_name, lot, unit_price, created_at, updated_at) VALUES (9007, 23, 1, 'MA0303', '마라 떡볶이 밀키트 매운맛 3,4인분', 'SE01-FA01-A1-MA0303-000149', 22000, '2025-12-31 16:43:56', '2025-12-31 16:43:56');
INSERT INTO sales_item (sales_id, product_id, quantity, product_code, product_name, lot, unit_price, created_at, updated_at) VALUES (9007, 23, 1, 'MA0303', '마라 떡볶이 밀키트 매운맛 3,4인분', 'SE01-FA01-A1-MA0303-000150', 22000, '2025-12-31 16:43:56', '2025-12-31 16:43:56');
INSERT INTO sales_item (sales_id, product_id, quantity, product_code, product_name, lot, unit_price, created_at, updated_at) VALUES (9007, 23, 1, 'MA0303', '마라 떡볶이 밀키트 매운맛 3,4인분', 'SE01-FA01-A1-MA0303-000151', 22000, '2025-12-31 16:43:56', '2025-12-31 16:43:56');
INSERT INTO sales_item (sales_id, product_id, quantity, product_code, product_name, lot, unit_price, created_at, updated_at) VALUES (9007, 23, 1, 'MA0303', '마라 떡볶이 밀키트 매운맛 3,4인분', 'SE01-FA01-A1-MA0303-000152', 22000, '2025-12-31 16:43:56', '2025-12-31 16:43:56');
INSERT INTO sales_item (sales_id, product_id, quantity, product_code, product_name, lot, unit_price, created_at, updated_at) VALUES (9007, 23, 1, 'MA0303', '마라 떡볶이 밀키트 매운맛 3,4인분', 'SE01-FA01-A1-MA0303-000153', 22000, '2025-12-31 16:43:56', '2025-12-31 16:43:56');
INSERT INTO sales_item (sales_id, product_id, quantity, product_code, product_name, lot, unit_price, created_at, updated_at) VALUES (9007, 23, 1, 'MA0303', '마라 떡볶이 밀키트 매운맛 3,4인분', 'SE01-FA01-A1-MA0303-000154', 22000, '2025-12-31 16:43:56', '2025-12-31 16:43:56');
INSERT INTO sales_item (sales_id, product_id, quantity, product_code, product_name, lot, unit_price, created_at, updated_at) VALUES (9007, 23, 1, 'MA0303', '마라 떡볶이 밀키트 매운맛 3,4인분', 'SE01-FA01-A1-MA0303-000155', 22000, '2025-12-31 16:43:56', '2025-12-31 16:43:56');
INSERT INTO sales_item (sales_id, product_id, quantity, product_code, product_name, lot, unit_price, created_at, updated_at) VALUES (9007, 23, 1, 'MA0303', '마라 떡볶이 밀키트 매운맛 3,4인분', 'SE01-FA01-A1-MA0303-000156', 22000, '2025-12-31 16:43:56', '2025-12-31 16:43:56');
INSERT INTO sales_item (sales_id, product_id, quantity, product_code, product_name, lot, unit_price, created_at, updated_at) VALUES (9007, 23, 1, 'MA0303', '마라 떡볶이 밀키트 매운맛 3,4인분', 'SE01-FA01-A1-MA0303-000157', 22000, '2025-12-31 16:43:56', '2025-12-31 16:43:56');
INSERT INTO sales_item (sales_id, product_id, quantity, product_code, product_name, lot, unit_price, created_at, updated_at) VALUES (9007, 23, 1, 'MA0303', '마라 떡볶이 밀키트 매운맛 3,4인분', 'SE01-FA01-A1-MA0303-000158', 22000, '2025-12-31 16:43:56', '2025-12-31 16:43:56');
INSERT INTO sales_item (sales_id, product_id, quantity, product_code, product_name, lot, unit_price, created_at, updated_at) VALUES (9007, 23, 1, 'MA0303', '마라 떡볶이 밀키트 매운맛 3,4인분', 'SE01-FA01-A1-MA0303-000159', 22000, '2025-12-31 16:43:56', '2025-12-31 16:43:56');
INSERT INTO sales_item (sales_id, product_id, quantity, product_code, product_name, lot, unit_price, created_at, updated_at) VALUES (9007, 23, 1, 'MA0303', '마라 떡볶이 밀키트 매운맛 3,4인분', 'SE01-FA01-A1-MA0303-000160', 22000, '2025-12-31 16:43:56', '2025-12-31 16:43:56');

INSERT INTO franchise_order (franchise_order_id, franchise_id, order_code, user_id, address, requirement, order_status, total_quantity, total_amount, delivery_date, delivery_time, cancelled_reason, created_at, updated_at, version) VALUES (9008, 1, 'PO-20251225-009', 1001, '서울시 강남구 테스트로 1', '60~90일 과거 더미데이터', 'COMPLETED', 20, 440000, '2025-12-27 18:07:18', '09:00', NULL, '2025-12-25 14:07:18', '2025-12-27 18:07:18', 0);
INSERT INTO franchise_order_item (franchise_order_item_id, franchise_order_id, quantity, product_id, unit_price, total_price, created_at, updated_at) VALUES (9008, 9008, 20, 16, 22000, 440000, '2025-12-25 14:07:18', '2025-12-25 14:07:18');
INSERT INTO inventorylog (product_id, product_name, box_code, transaction_code, log_type, quantity, from_location_type, from_location_id, to_location_type, to_location_id, actor_type, actor_id, created_at, updated_at) VALUES (16, '로제 떡볶이 밀키트 아주매운맛 3,4인분', 'SE01-FA01-A1-RO0403-A01', 'PO-20251225-009', 'OUTBOUND', 20, 'FACTORY', 1, 'FRANCHISE', 1, 'FACTORY', 1, '2025-12-26 16:07:18', '2025-12-26 16:07:18');
INSERT INTO inventorylog (product_id, product_name, box_code, transaction_code, log_type, quantity, from_location_type, from_location_id, to_location_type, to_location_id, actor_type, actor_id, created_at, updated_at) VALUES (16, '로제 떡볶이 밀키트 아주매운맛 3,4인분', 'SE01-FA01-A1-RO0403-A01', 'PO-20251225-009', 'INBOUND', 20, 'FACTORY', 1, 'FRANCHISE', 1, 'FRANCHISE', 1, '2025-12-27 18:07:18', '2025-12-27 18:07:18');
INSERT INTO sales (sales_id, franchise_id, sales_code, quantity, total_amount, is_canceled, created_at, updated_at) VALUES (9008, 1, 'SL-20251228-009', 20, 440000, false, '2025-12-28 20:07:18', '2025-12-28 20:07:18');
INSERT INTO sales_item (sales_id, product_id, quantity, product_code, product_name, lot, unit_price, created_at, updated_at) VALUES (9008, 16, 1, 'RO0403', '로제 떡볶이 밀키트 아주매운맛 3,4인분', 'SE01-FA01-A1-RO0403-000161', 22000, '2025-12-28 20:07:18', '2025-12-28 20:07:18');
INSERT INTO sales_item (sales_id, product_id, quantity, product_code, product_name, lot, unit_price, created_at, updated_at) VALUES (9008, 16, 1, 'RO0403', '로제 떡볶이 밀키트 아주매운맛 3,4인분', 'SE01-FA01-A1-RO0403-000162', 22000, '2025-12-28 20:07:18', '2025-12-28 20:07:18');
INSERT INTO sales_item (sales_id, product_id, quantity, product_code, product_name, lot, unit_price, created_at, updated_at) VALUES (9008, 16, 1, 'RO0403', '로제 떡볶이 밀키트 아주매운맛 3,4인분', 'SE01-FA01-A1-RO0403-000163', 22000, '2025-12-28 20:07:18', '2025-12-28 20:07:18');
INSERT INTO sales_item (sales_id, product_id, quantity, product_code, product_name, lot, unit_price, created_at, updated_at) VALUES (9008, 16, 1, 'RO0403', '로제 떡볶이 밀키트 아주매운맛 3,4인분', 'SE01-FA01-A1-RO0403-000164', 22000, '2025-12-28 20:07:18', '2025-12-28 20:07:18');
INSERT INTO sales_item (sales_id, product_id, quantity, product_code, product_name, lot, unit_price, created_at, updated_at) VALUES (9008, 16, 1, 'RO0403', '로제 떡볶이 밀키트 아주매운맛 3,4인분', 'SE01-FA01-A1-RO0403-000165', 22000, '2025-12-28 20:07:18', '2025-12-28 20:07:18');
INSERT INTO sales_item (sales_id, product_id, quantity, product_code, product_name, lot, unit_price, created_at, updated_at) VALUES (9008, 16, 1, 'RO0403', '로제 떡볶이 밀키트 아주매운맛 3,4인분', 'SE01-FA01-A1-RO0403-000166', 22000, '2025-12-28 20:07:18', '2025-12-28 20:07:18');
INSERT INTO sales_item (sales_id, product_id, quantity, product_code, product_name, lot, unit_price, created_at, updated_at) VALUES (9008, 16, 1, 'RO0403', '로제 떡볶이 밀키트 아주매운맛 3,4인분', 'SE01-FA01-A1-RO0403-000167', 22000, '2025-12-28 20:07:18', '2025-12-28 20:07:18');
INSERT INTO sales_item (sales_id, product_id, quantity, product_code, product_name, lot, unit_price, created_at, updated_at) VALUES (9008, 16, 1, 'RO0403', '로제 떡볶이 밀키트 아주매운맛 3,4인분', 'SE01-FA01-A1-RO0403-000168', 22000, '2025-12-28 20:07:18', '2025-12-28 20:07:18');
INSERT INTO sales_item (sales_id, product_id, quantity, product_code, product_name, lot, unit_price, created_at, updated_at) VALUES (9008, 16, 1, 'RO0403', '로제 떡볶이 밀키트 아주매운맛 3,4인분', 'SE01-FA01-A1-RO0403-000169', 22000, '2025-12-28 20:07:18', '2025-12-28 20:07:18');
INSERT INTO sales_item (sales_id, product_id, quantity, product_code, product_name, lot, unit_price, created_at, updated_at) VALUES (9008, 16, 1, 'RO0403', '로제 떡볶이 밀키트 아주매운맛 3,4인분', 'SE01-FA01-A1-RO0403-000170', 22000, '2025-12-28 20:07:18', '2025-12-28 20:07:18');
INSERT INTO sales_item (sales_id, product_id, quantity, product_code, product_name, lot, unit_price, created_at, updated_at) VALUES (9008, 16, 1, 'RO0403', '로제 떡볶이 밀키트 아주매운맛 3,4인분', 'SE01-FA01-A1-RO0403-000171', 22000, '2025-12-28 20:07:18', '2025-12-28 20:07:18');
INSERT INTO sales_item (sales_id, product_id, quantity, product_code, product_name, lot, unit_price, created_at, updated_at) VALUES (9008, 16, 1, 'RO0403', '로제 떡볶이 밀키트 아주매운맛 3,4인분', 'SE01-FA01-A1-RO0403-000172', 22000, '2025-12-28 20:07:18', '2025-12-28 20:07:18');
INSERT INTO sales_item (sales_id, product_id, quantity, product_code, product_name, lot, unit_price, created_at, updated_at) VALUES (9008, 16, 1, 'RO0403', '로제 떡볶이 밀키트 아주매운맛 3,4인분', 'SE01-FA01-A1-RO0403-000173', 22000, '2025-12-28 20:07:18', '2025-12-28 20:07:18');
INSERT INTO sales_item (sales_id, product_id, quantity, product_code, product_name, lot, unit_price, created_at, updated_at) VALUES (9008, 16, 1, 'RO0403', '로제 떡볶이 밀키트 아주매운맛 3,4인분', 'SE01-FA01-A1-RO0403-000174', 22000, '2025-12-28 20:07:18', '2025-12-28 20:07:18');
INSERT INTO sales_item (sales_id, product_id, quantity, product_code, product_name, lot, unit_price, created_at, updated_at) VALUES (9008, 16, 1, 'RO0403', '로제 떡볶이 밀키트 아주매운맛 3,4인분', 'SE01-FA01-A1-RO0403-000175', 22000, '2025-12-28 20:07:18', '2025-12-28 20:07:18');
INSERT INTO sales_item (sales_id, product_id, quantity, product_code, product_name, lot, unit_price, created_at, updated_at) VALUES (9008, 16, 1, 'RO0403', '로제 떡볶이 밀키트 아주매운맛 3,4인분', 'SE01-FA01-A1-RO0403-000176', 22000, '2025-12-28 20:07:18', '2025-12-28 20:07:18');
INSERT INTO sales_item (sales_id, product_id, quantity, product_code, product_name, lot, unit_price, created_at, updated_at) VALUES (9008, 16, 1, 'RO0403', '로제 떡볶이 밀키트 아주매운맛 3,4인분', 'SE01-FA01-A1-RO0403-000177', 22000, '2025-12-28 20:07:18', '2025-12-28 20:07:18');
INSERT INTO sales_item (sales_id, product_id, quantity, product_code, product_name, lot, unit_price, created_at, updated_at) VALUES (9008, 16, 1, 'RO0403', '로제 떡볶이 밀키트 아주매운맛 3,4인분', 'SE01-FA01-A1-RO0403-000178', 22000, '2025-12-28 20:07:18', '2025-12-28 20:07:18');
INSERT INTO sales_item (sales_id, product_id, quantity, product_code, product_name, lot, unit_price, created_at, updated_at) VALUES (9008, 16, 1, 'RO0403', '로제 떡볶이 밀키트 아주매운맛 3,4인분', 'SE01-FA01-A1-RO0403-000179', 22000, '2025-12-28 20:07:18', '2025-12-28 20:07:18');
INSERT INTO sales_item (sales_id, product_id, quantity, product_code, product_name, lot, unit_price, created_at, updated_at) VALUES (9008, 16, 1, 'RO0403', '로제 떡볶이 밀키트 아주매운맛 3,4인분', 'SE01-FA01-A1-RO0403-000180', 22000, '2025-12-28 20:07:18', '2025-12-28 20:07:18');

INSERT INTO franchise_order (franchise_order_id, franchise_id, order_code, user_id, address, requirement, order_status, total_quantity, total_amount, delivery_date, delivery_time, cancelled_reason, created_at, updated_at, version) VALUES (9009, 1, 'PO-20260104-010', 1001, '서울시 강남구 테스트로 1', '60~90일 과거 더미데이터', 'COMPLETED', 20, 360000, '2026-01-06 13:46:56', '09:00', NULL, '2026-01-04 09:46:56', '2026-01-06 13:46:56', 0);
INSERT INTO franchise_order_item (franchise_order_item_id, franchise_order_id, quantity, product_id, unit_price, total_price, created_at, updated_at) VALUES (9009, 9009, 20, 7, 18000, 360000, '2026-01-04 09:46:56', '2026-01-04 09:46:56');
INSERT INTO inventorylog (product_id, product_name, box_code, transaction_code, log_type, quantity, from_location_type, from_location_id, to_location_type, to_location_id, actor_type, actor_id, created_at, updated_at) VALUES (7, '오리지널 떡볶이 밀키트 매운맛 3,4인분', 'SE01-FA01-A1-OR0303-A01', 'PO-20260104-010', 'OUTBOUND', 20, 'FACTORY', 1, 'FRANCHISE', 1, 'FACTORY', 1, '2026-01-05 11:46:56', '2026-01-05 11:46:56');
INSERT INTO inventorylog (product_id, product_name, box_code, transaction_code, log_type, quantity, from_location_type, from_location_id, to_location_type, to_location_id, actor_type, actor_id, created_at, updated_at) VALUES (7, '오리지널 떡볶이 밀키트 매운맛 3,4인분', 'SE01-FA01-A1-OR0303-A01', 'PO-20260104-010', 'INBOUND', 20, 'FACTORY', 1, 'FRANCHISE', 1, 'FRANCHISE', 1, '2026-01-06 13:46:56', '2026-01-06 13:46:56');
INSERT INTO sales (sales_id, franchise_id, sales_code, quantity, total_amount, is_canceled, created_at, updated_at) VALUES (9009, 1, 'SL-20260107-010', 20, 360000, false, '2026-01-07 15:46:56', '2026-01-07 15:46:56');
INSERT INTO sales_item (sales_id, product_id, quantity, product_code, product_name, lot, unit_price, created_at, updated_at) VALUES (9009, 7, 1, 'OR0303', '오리지널 떡볶이 밀키트 매운맛 3,4인분', 'SE01-FA01-A1-OR0303-000181', 18000, '2026-01-07 15:46:56', '2026-01-07 15:46:56');
INSERT INTO sales_item (sales_id, product_id, quantity, product_code, product_name, lot, unit_price, created_at, updated_at) VALUES (9009, 7, 1, 'OR0303', '오리지널 떡볶이 밀키트 매운맛 3,4인분', 'SE01-FA01-A1-OR0303-000182', 18000, '2026-01-07 15:46:56', '2026-01-07 15:46:56');
INSERT INTO sales_item (sales_id, product_id, quantity, product_code, product_name, lot, unit_price, created_at, updated_at) VALUES (9009, 7, 1, 'OR0303', '오리지널 떡볶이 밀키트 매운맛 3,4인분', 'SE01-FA01-A1-OR0303-000183', 18000, '2026-01-07 15:46:56', '2026-01-07 15:46:56');
INSERT INTO sales_item (sales_id, product_id, quantity, product_code, product_name, lot, unit_price, created_at, updated_at) VALUES (9009, 7, 1, 'OR0303', '오리지널 떡볶이 밀키트 매운맛 3,4인분', 'SE01-FA01-A1-OR0303-000184', 18000, '2026-01-07 15:46:56', '2026-01-07 15:46:56');
INSERT INTO sales_item (sales_id, product_id, quantity, product_code, product_name, lot, unit_price, created_at, updated_at) VALUES (9009, 7, 1, 'OR0303', '오리지널 떡볶이 밀키트 매운맛 3,4인분', 'SE01-FA01-A1-OR0303-000185', 18000, '2026-01-07 15:46:56', '2026-01-07 15:46:56');
INSERT INTO sales_item (sales_id, product_id, quantity, product_code, product_name, lot, unit_price, created_at, updated_at) VALUES (9009, 7, 1, 'OR0303', '오리지널 떡볶이 밀키트 매운맛 3,4인분', 'SE01-FA01-A1-OR0303-000186', 18000, '2026-01-07 15:46:56', '2026-01-07 15:46:56');
INSERT INTO sales_item (sales_id, product_id, quantity, product_code, product_name, lot, unit_price, created_at, updated_at) VALUES (9009, 7, 1, 'OR0303', '오리지널 떡볶이 밀키트 매운맛 3,4인분', 'SE01-FA01-A1-OR0303-000187', 18000, '2026-01-07 15:46:56', '2026-01-07 15:46:56');
INSERT INTO sales_item (sales_id, product_id, quantity, product_code, product_name, lot, unit_price, created_at, updated_at) VALUES (9009, 7, 1, 'OR0303', '오리지널 떡볶이 밀키트 매운맛 3,4인분', 'SE01-FA01-A1-OR0303-000188', 18000, '2026-01-07 15:46:56', '2026-01-07 15:46:56');
INSERT INTO sales_item (sales_id, product_id, quantity, product_code, product_name, lot, unit_price, created_at, updated_at) VALUES (9009, 7, 1, 'OR0303', '오리지널 떡볶이 밀키트 매운맛 3,4인분', 'SE01-FA01-A1-OR0303-000189', 18000, '2026-01-07 15:46:56', '2026-01-07 15:46:56');
INSERT INTO sales_item (sales_id, product_id, quantity, product_code, product_name, lot, unit_price, created_at, updated_at) VALUES (9009, 7, 1, 'OR0303', '오리지널 떡볶이 밀키트 매운맛 3,4인분', 'SE01-FA01-A1-OR0303-000190', 18000, '2026-01-07 15:46:56', '2026-01-07 15:46:56');
INSERT INTO sales_item (sales_id, product_id, quantity, product_code, product_name, lot, unit_price, created_at, updated_at) VALUES (9009, 7, 1, 'OR0303', '오리지널 떡볶이 밀키트 매운맛 3,4인분', 'SE01-FA01-A1-OR0303-000191', 18000, '2026-01-07 15:46:56', '2026-01-07 15:46:56');
INSERT INTO sales_item (sales_id, product_id, quantity, product_code, product_name, lot, unit_price, created_at, updated_at) VALUES (9009, 7, 1, 'OR0303', '오리지널 떡볶이 밀키트 매운맛 3,4인분', 'SE01-FA01-A1-OR0303-000192', 18000, '2026-01-07 15:46:56', '2026-01-07 15:46:56');
INSERT INTO sales_item (sales_id, product_id, quantity, product_code, product_name, lot, unit_price, created_at, updated_at) VALUES (9009, 7, 1, 'OR0303', '오리지널 떡볶이 밀키트 매운맛 3,4인분', 'SE01-FA01-A1-OR0303-000193', 18000, '2026-01-07 15:46:56', '2026-01-07 15:46:56');
INSERT INTO sales_item (sales_id, product_id, quantity, product_code, product_name, lot, unit_price, created_at, updated_at) VALUES (9009, 7, 1, 'OR0303', '오리지널 떡볶이 밀키트 매운맛 3,4인분', 'SE01-FA01-A1-OR0303-000194', 18000, '2026-01-07 15:46:56', '2026-01-07 15:46:56');
INSERT INTO sales_item (sales_id, product_id, quantity, product_code, product_name, lot, unit_price, created_at, updated_at) VALUES (9009, 7, 1, 'OR0303', '오리지널 떡볶이 밀키트 매운맛 3,4인분', 'SE01-FA01-A1-OR0303-000195', 18000, '2026-01-07 15:46:56', '2026-01-07 15:46:56');
INSERT INTO sales_item (sales_id, product_id, quantity, product_code, product_name, lot, unit_price, created_at, updated_at) VALUES (9009, 7, 1, 'OR0303', '오리지널 떡볶이 밀키트 매운맛 3,4인분', 'SE01-FA01-A1-OR0303-000196', 18000, '2026-01-07 15:46:56', '2026-01-07 15:46:56');
INSERT INTO sales_item (sales_id, product_id, quantity, product_code, product_name, lot, unit_price, created_at, updated_at) VALUES (9009, 7, 1, 'OR0303', '오리지널 떡볶이 밀키트 매운맛 3,4인분', 'SE01-FA01-A1-OR0303-000197', 18000, '2026-01-07 15:46:56', '2026-01-07 15:46:56');
INSERT INTO sales_item (sales_id, product_id, quantity, product_code, product_name, lot, unit_price, created_at, updated_at) VALUES (9009, 7, 1, 'OR0303', '오리지널 떡볶이 밀키트 매운맛 3,4인분', 'SE01-FA01-A1-OR0303-000198', 18000, '2026-01-07 15:46:56', '2026-01-07 15:46:56');
INSERT INTO sales_item (sales_id, product_id, quantity, product_code, product_name, lot, unit_price, created_at, updated_at) VALUES (9009, 7, 1, 'OR0303', '오리지널 떡볶이 밀키트 매운맛 3,4인분', 'SE01-FA01-A1-OR0303-000199', 18000, '2026-01-07 15:46:56', '2026-01-07 15:46:56');
INSERT INTO sales_item (sales_id, product_id, quantity, product_code, product_name, lot, unit_price, created_at, updated_at) VALUES (9009, 7, 1, 'OR0303', '오리지널 떡볶이 밀키트 매운맛 3,4인분', 'SE01-FA01-A1-OR0303-000200', 18000, '2026-01-07 15:46:56', '2026-01-07 15:46:56');

INSERT INTO franchise_order (franchise_order_id, franchise_id, order_code, user_id, address, requirement, order_status, total_quantity, total_amount, delivery_date, delivery_time, cancelled_reason, created_at, updated_at, version) VALUES (9010, 1, 'PO-20260102-011', 1001, '서울시 강남구 테스트로 1', '60~90일 과거 더미데이터', 'COMPLETED', 20, 200000, '2026-01-04 15:32:58', '09:00', NULL, '2026-01-02 11:32:58', '2026-01-04 15:32:58', 0);
INSERT INTO franchise_order_item (franchise_order_item_id, franchise_order_id, quantity, product_id, unit_price, total_price, created_at, updated_at) VALUES (9010, 9010, 20, 2, 10000, 200000, '2026-01-02 11:32:58', '2026-01-02 11:32:58');
INSERT INTO inventorylog (product_id, product_name, box_code, transaction_code, log_type, quantity, from_location_type, from_location_id, to_location_type, to_location_id, actor_type, actor_id, created_at, updated_at) VALUES (2, '오리지널 떡볶이 밀키트 기본맛 1,2인분', 'SE01-FA01-A1-OR0201-A02', 'PO-20260102-011', 'OUTBOUND', 20, 'FACTORY', 1, 'FRANCHISE', 1, 'FACTORY', 1, '2026-01-03 13:32:58', '2026-01-03 13:32:58');
INSERT INTO inventorylog (product_id, product_name, box_code, transaction_code, log_type, quantity, from_location_type, from_location_id, to_location_type, to_location_id, actor_type, actor_id, created_at, updated_at) VALUES (2, '오리지널 떡볶이 밀키트 기본맛 1,2인분', 'SE01-FA01-A1-OR0201-A02', 'PO-20260102-011', 'INBOUND', 20, 'FACTORY', 1, 'FRANCHISE', 1, 'FRANCHISE', 1, '2026-01-04 15:32:58', '2026-01-04 15:32:58');
INSERT INTO sales (sales_id, franchise_id, sales_code, quantity, total_amount, is_canceled, created_at, updated_at) VALUES (9010, 1, 'SL-20260105-011', 20, 200000, false, '2026-01-05 17:32:58', '2026-01-05 17:32:58');
INSERT INTO sales_item (sales_id, product_id, quantity, product_code, product_name, lot, unit_price, created_at, updated_at) VALUES (9010, 2, 1, 'OR0201', '오리지널 떡볶이 밀키트 기본맛 1,2인분', 'SE01-FA01-A1-OR0201-000201', 10000, '2026-01-05 17:32:58', '2026-01-05 17:32:58');
INSERT INTO sales_item (sales_id, product_id, quantity, product_code, product_name, lot, unit_price, created_at, updated_at) VALUES (9010, 2, 1, 'OR0201', '오리지널 떡볶이 밀키트 기본맛 1,2인분', 'SE01-FA01-A1-OR0201-000202', 10000, '2026-01-05 17:32:58', '2026-01-05 17:32:58');
INSERT INTO sales_item (sales_id, product_id, quantity, product_code, product_name, lot, unit_price, created_at, updated_at) VALUES (9010, 2, 1, 'OR0201', '오리지널 떡볶이 밀키트 기본맛 1,2인분', 'SE01-FA01-A1-OR0201-000203', 10000, '2026-01-05 17:32:58', '2026-01-05 17:32:58');
INSERT INTO sales_item (sales_id, product_id, quantity, product_code, product_name, lot, unit_price, created_at, updated_at) VALUES (9010, 2, 1, 'OR0201', '오리지널 떡볶이 밀키트 기본맛 1,2인분', 'SE01-FA01-A1-OR0201-000204', 10000, '2026-01-05 17:32:58', '2026-01-05 17:32:58');
INSERT INTO sales_item (sales_id, product_id, quantity, product_code, product_name, lot, unit_price, created_at, updated_at) VALUES (9010, 2, 1, 'OR0201', '오리지널 떡볶이 밀키트 기본맛 1,2인분', 'SE01-FA01-A1-OR0201-000205', 10000, '2026-01-05 17:32:58', '2026-01-05 17:32:58');
INSERT INTO sales_item (sales_id, product_id, quantity, product_code, product_name, lot, unit_price, created_at, updated_at) VALUES (9010, 2, 1, 'OR0201', '오리지널 떡볶이 밀키트 기본맛 1,2인분', 'SE01-FA01-A1-OR0201-000206', 10000, '2026-01-05 17:32:58', '2026-01-05 17:32:58');
INSERT INTO sales_item (sales_id, product_id, quantity, product_code, product_name, lot, unit_price, created_at, updated_at) VALUES (9010, 2, 1, 'OR0201', '오리지널 떡볶이 밀키트 기본맛 1,2인분', 'SE01-FA01-A1-OR0201-000207', 10000, '2026-01-05 17:32:58', '2026-01-05 17:32:58');
INSERT INTO sales_item (sales_id, product_id, quantity, product_code, product_name, lot, unit_price, created_at, updated_at) VALUES (9010, 2, 1, 'OR0201', '오리지널 떡볶이 밀키트 기본맛 1,2인분', 'SE01-FA01-A1-OR0201-000208', 10000, '2026-01-05 17:32:58', '2026-01-05 17:32:58');
INSERT INTO sales_item (sales_id, product_id, quantity, product_code, product_name, lot, unit_price, created_at, updated_at) VALUES (9010, 2, 1, 'OR0201', '오리지널 떡볶이 밀키트 기본맛 1,2인분', 'SE01-FA01-A1-OR0201-000209', 10000, '2026-01-05 17:32:58', '2026-01-05 17:32:58');
INSERT INTO sales_item (sales_id, product_id, quantity, product_code, product_name, lot, unit_price, created_at, updated_at) VALUES (9010, 2, 1, 'OR0201', '오리지널 떡볶이 밀키트 기본맛 1,2인분', 'SE01-FA01-A1-OR0201-000210', 10000, '2026-01-05 17:32:58', '2026-01-05 17:32:58');
INSERT INTO sales_item (sales_id, product_id, quantity, product_code, product_name, lot, unit_price, created_at, updated_at) VALUES (9010, 2, 1, 'OR0201', '오리지널 떡볶이 밀키트 기본맛 1,2인분', 'SE01-FA01-A1-OR0201-000211', 10000, '2026-01-05 17:32:58', '2026-01-05 17:32:58');
INSERT INTO sales_item (sales_id, product_id, quantity, product_code, product_name, lot, unit_price, created_at, updated_at) VALUES (9010, 2, 1, 'OR0201', '오리지널 떡볶이 밀키트 기본맛 1,2인분', 'SE01-FA01-A1-OR0201-000212', 10000, '2026-01-05 17:32:58', '2026-01-05 17:32:58');
INSERT INTO sales_item (sales_id, product_id, quantity, product_code, product_name, lot, unit_price, created_at, updated_at) VALUES (9010, 2, 1, 'OR0201', '오리지널 떡볶이 밀키트 기본맛 1,2인분', 'SE01-FA01-A1-OR0201-000213', 10000, '2026-01-05 17:32:58', '2026-01-05 17:32:58');
INSERT INTO sales_item (sales_id, product_id, quantity, product_code, product_name, lot, unit_price, created_at, updated_at) VALUES (9010, 2, 1, 'OR0201', '오리지널 떡볶이 밀키트 기본맛 1,2인분', 'SE01-FA01-A1-OR0201-000214', 10000, '2026-01-05 17:32:58', '2026-01-05 17:32:58');
INSERT INTO sales_item (sales_id, product_id, quantity, product_code, product_name, lot, unit_price, created_at, updated_at) VALUES (9010, 2, 1, 'OR0201', '오리지널 떡볶이 밀키트 기본맛 1,2인분', 'SE01-FA01-A1-OR0201-000215', 10000, '2026-01-05 17:32:58', '2026-01-05 17:32:58');
INSERT INTO sales_item (sales_id, product_id, quantity, product_code, product_name, lot, unit_price, created_at, updated_at) VALUES (9010, 2, 1, 'OR0201', '오리지널 떡볶이 밀키트 기본맛 1,2인분', 'SE01-FA01-A1-OR0201-000216', 10000, '2026-01-05 17:32:58', '2026-01-05 17:32:58');
INSERT INTO sales_item (sales_id, product_id, quantity, product_code, product_name, lot, unit_price, created_at, updated_at) VALUES (9010, 2, 1, 'OR0201', '오리지널 떡볶이 밀키트 기본맛 1,2인분', 'SE01-FA01-A1-OR0201-000217', 10000, '2026-01-05 17:32:58', '2026-01-05 17:32:58');
INSERT INTO sales_item (sales_id, product_id, quantity, product_code, product_name, lot, unit_price, created_at, updated_at) VALUES (9010, 2, 1, 'OR0201', '오리지널 떡볶이 밀키트 기본맛 1,2인분', 'SE01-FA01-A1-OR0201-000218', 10000, '2026-01-05 17:32:58', '2026-01-05 17:32:58');
INSERT INTO sales_item (sales_id, product_id, quantity, product_code, product_name, lot, unit_price, created_at, updated_at) VALUES (9010, 2, 1, 'OR0201', '오리지널 떡볶이 밀키트 기본맛 1,2인분', 'SE01-FA01-A1-OR0201-000219', 10000, '2026-01-05 17:32:58', '2026-01-05 17:32:58');
INSERT INTO sales_item (sales_id, product_id, quantity, product_code, product_name, lot, unit_price, created_at, updated_at) VALUES (9010, 2, 1, 'OR0201', '오리지널 떡볶이 밀키트 기본맛 1,2인분', 'SE01-FA01-A1-OR0201-000220', 10000, '2026-01-05 17:32:58', '2026-01-05 17:32:58');

INSERT INTO franchise_order (franchise_order_id, franchise_id, order_code, user_id, address, requirement, order_status, total_quantity, total_amount, delivery_date, delivery_time, cancelled_reason, created_at, updated_at, version) VALUES (9011, 1, 'PO-20251223-012', 1001, '서울시 강남구 테스트로 1', '60~90일 과거 더미데이터', 'COMPLETED', 20, 240000, '2025-12-25 21:38:12', '09:00', NULL, '2025-12-23 17:38:12', '2025-12-25 21:38:12', 0);
INSERT INTO franchise_order_item (franchise_order_item_id, franchise_order_id, quantity, product_id, unit_price, total_price, created_at, updated_at) VALUES (9011, 9011, 20, 11, 12000, 240000, '2025-12-23 17:38:12', '2025-12-23 17:38:12');
INSERT INTO inventorylog (product_id, product_name, box_code, transaction_code, log_type, quantity, from_location_type, from_location_id, to_location_type, to_location_id, actor_type, actor_id, created_at, updated_at) VALUES (11, '로제 떡볶이 밀키트 매운맛 1,2인분', 'SE01-FA01-A1-RO0301-A01', 'PO-20251223-012', 'OUTBOUND', 20, 'FACTORY', 1, 'FRANCHISE', 1, 'FACTORY', 1, '2025-12-24 19:38:12', '2025-12-24 19:38:12');
INSERT INTO inventorylog (product_id, product_name, box_code, transaction_code, log_type, quantity, from_location_type, from_location_id, to_location_type, to_location_id, actor_type, actor_id, created_at, updated_at) VALUES (11, '로제 떡볶이 밀키트 매운맛 1,2인분', 'SE01-FA01-A1-RO0301-A01', 'PO-20251223-012', 'INBOUND', 20, 'FACTORY', 1, 'FRANCHISE', 1, 'FRANCHISE', 1, '2025-12-25 21:38:12', '2025-12-25 21:38:12');
INSERT INTO sales (sales_id, franchise_id, sales_code, quantity, total_amount, is_canceled, created_at, updated_at) VALUES (9011, 1, 'SL-20251226-012', 20, 240000, false, '2025-12-26 23:38:12', '2025-12-26 23:38:12');
INSERT INTO sales_item (sales_id, product_id, quantity, product_code, product_name, lot, unit_price, created_at, updated_at) VALUES (9011, 11, 1, 'RO0301', '로제 떡볶이 밀키트 매운맛 1,2인분', 'SE01-FA01-A1-RO0301-000221', 12000, '2025-12-26 23:38:12', '2025-12-26 23:38:12');
INSERT INTO sales_item (sales_id, product_id, quantity, product_code, product_name, lot, unit_price, created_at, updated_at) VALUES (9011, 11, 1, 'RO0301', '로제 떡볶이 밀키트 매운맛 1,2인분', 'SE01-FA01-A1-RO0301-000222', 12000, '2025-12-26 23:38:12', '2025-12-26 23:38:12');
INSERT INTO sales_item (sales_id, product_id, quantity, product_code, product_name, lot, unit_price, created_at, updated_at) VALUES (9011, 11, 1, 'RO0301', '로제 떡볶이 밀키트 매운맛 1,2인분', 'SE01-FA01-A1-RO0301-000223', 12000, '2025-12-26 23:38:12', '2025-12-26 23:38:12');
INSERT INTO sales_item (sales_id, product_id, quantity, product_code, product_name, lot, unit_price, created_at, updated_at) VALUES (9011, 11, 1, 'RO0301', '로제 떡볶이 밀키트 매운맛 1,2인분', 'SE01-FA01-A1-RO0301-000224', 12000, '2025-12-26 23:38:12', '2025-12-26 23:38:12');
INSERT INTO sales_item (sales_id, product_id, quantity, product_code, product_name, lot, unit_price, created_at, updated_at) VALUES (9011, 11, 1, 'RO0301', '로제 떡볶이 밀키트 매운맛 1,2인분', 'SE01-FA01-A1-RO0301-000225', 12000, '2025-12-26 23:38:12', '2025-12-26 23:38:12');
INSERT INTO sales_item (sales_id, product_id, quantity, product_code, product_name, lot, unit_price, created_at, updated_at) VALUES (9011, 11, 1, 'RO0301', '로제 떡볶이 밀키트 매운맛 1,2인분', 'SE01-FA01-A1-RO0301-000226', 12000, '2025-12-26 23:38:12', '2025-12-26 23:38:12');
INSERT INTO sales_item (sales_id, product_id, quantity, product_code, product_name, lot, unit_price, created_at, updated_at) VALUES (9011, 11, 1, 'RO0301', '로제 떡볶이 밀키트 매운맛 1,2인분', 'SE01-FA01-A1-RO0301-000227', 12000, '2025-12-26 23:38:12', '2025-12-26 23:38:12');
INSERT INTO sales_item (sales_id, product_id, quantity, product_code, product_name, lot, unit_price, created_at, updated_at) VALUES (9011, 11, 1, 'RO0301', '로제 떡볶이 밀키트 매운맛 1,2인분', 'SE01-FA01-A1-RO0301-000228', 12000, '2025-12-26 23:38:12', '2025-12-26 23:38:12');
INSERT INTO sales_item (sales_id, product_id, quantity, product_code, product_name, lot, unit_price, created_at, updated_at) VALUES (9011, 11, 1, 'RO0301', '로제 떡볶이 밀키트 매운맛 1,2인분', 'SE01-FA01-A1-RO0301-000229', 12000, '2025-12-26 23:38:12', '2025-12-26 23:38:12');
INSERT INTO sales_item (sales_id, product_id, quantity, product_code, product_name, lot, unit_price, created_at, updated_at) VALUES (9011, 11, 1, 'RO0301', '로제 떡볶이 밀키트 매운맛 1,2인분', 'SE01-FA01-A1-RO0301-000230', 12000, '2025-12-26 23:38:12', '2025-12-26 23:38:12');
INSERT INTO sales_item (sales_id, product_id, quantity, product_code, product_name, lot, unit_price, created_at, updated_at) VALUES (9011, 11, 1, 'RO0301', '로제 떡볶이 밀키트 매운맛 1,2인분', 'SE01-FA01-A1-RO0301-000231', 12000, '2025-12-26 23:38:12', '2025-12-26 23:38:12');
INSERT INTO sales_item (sales_id, product_id, quantity, product_code, product_name, lot, unit_price, created_at, updated_at) VALUES (9011, 11, 1, 'RO0301', '로제 떡볶이 밀키트 매운맛 1,2인분', 'SE01-FA01-A1-RO0301-000232', 12000, '2025-12-26 23:38:12', '2025-12-26 23:38:12');
INSERT INTO sales_item (sales_id, product_id, quantity, product_code, product_name, lot, unit_price, created_at, updated_at) VALUES (9011, 11, 1, 'RO0301', '로제 떡볶이 밀키트 매운맛 1,2인분', 'SE01-FA01-A1-RO0301-000233', 12000, '2025-12-26 23:38:12', '2025-12-26 23:38:12');
INSERT INTO sales_item (sales_id, product_id, quantity, product_code, product_name, lot, unit_price, created_at, updated_at) VALUES (9011, 11, 1, 'RO0301', '로제 떡볶이 밀키트 매운맛 1,2인분', 'SE01-FA01-A1-RO0301-000234', 12000, '2025-12-26 23:38:12', '2025-12-26 23:38:12');
INSERT INTO sales_item (sales_id, product_id, quantity, product_code, product_name, lot, unit_price, created_at, updated_at) VALUES (9011, 11, 1, 'RO0301', '로제 떡볶이 밀키트 매운맛 1,2인분', 'SE01-FA01-A1-RO0301-000235', 12000, '2025-12-26 23:38:12', '2025-12-26 23:38:12');
INSERT INTO sales_item (sales_id, product_id, quantity, product_code, product_name, lot, unit_price, created_at, updated_at) VALUES (9011, 11, 1, 'RO0301', '로제 떡볶이 밀키트 매운맛 1,2인분', 'SE01-FA01-A1-RO0301-000236', 12000, '2025-12-26 23:38:12', '2025-12-26 23:38:12');
INSERT INTO sales_item (sales_id, product_id, quantity, product_code, product_name, lot, unit_price, created_at, updated_at) VALUES (9011, 11, 1, 'RO0301', '로제 떡볶이 밀키트 매운맛 1,2인분', 'SE01-FA01-A1-RO0301-000237', 12000, '2025-12-26 23:38:12', '2025-12-26 23:38:12');
INSERT INTO sales_item (sales_id, product_id, quantity, product_code, product_name, lot, unit_price, created_at, updated_at) VALUES (9011, 11, 1, 'RO0301', '로제 떡볶이 밀키트 매운맛 1,2인분', 'SE01-FA01-A1-RO0301-000238', 12000, '2025-12-26 23:38:12', '2025-12-26 23:38:12');
INSERT INTO sales_item (sales_id, product_id, quantity, product_code, product_name, lot, unit_price, created_at, updated_at) VALUES (9011, 11, 1, 'RO0301', '로제 떡볶이 밀키트 매운맛 1,2인분', 'SE01-FA01-A1-RO0301-000239', 12000, '2025-12-26 23:38:12', '2025-12-26 23:38:12');
INSERT INTO sales_item (sales_id, product_id, quantity, product_code, product_name, lot, unit_price, created_at, updated_at) VALUES (9011, 11, 1, 'RO0301', '로제 떡볶이 밀키트 매운맛 1,2인분', 'SE01-FA01-A1-RO0301-000240', 12000, '2025-12-26 23:38:12', '2025-12-26 23:38:12');

INSERT INTO franchise_order (franchise_order_id, franchise_id, order_code, user_id, address, requirement, order_status, total_quantity, total_amount, delivery_date, delivery_time, cancelled_reason, created_at, updated_at, version) VALUES (9012, 1, 'PO-20251225-013', 1001, '서울시 강남구 테스트로 1', '60~90일 과거 더미데이터', 'COMPLETED', 20, 360000, '2025-12-27 15:34:49', '09:00', NULL, '2025-12-25 11:34:49', '2025-12-27 15:34:49', 0);
INSERT INTO franchise_order_item (franchise_order_item_id, franchise_order_id, quantity, product_id, unit_price, total_price, created_at, updated_at) VALUES (9012, 9012, 20, 8, 18000, 360000, '2025-12-25 11:34:49', '2025-12-25 11:34:49');
INSERT INTO inventorylog (product_id, product_name, box_code, transaction_code, log_type, quantity, from_location_type, from_location_id, to_location_type, to_location_id, actor_type, actor_id, created_at, updated_at) VALUES (8, '오리지널 떡볶이 밀키트 아주매운맛 3,4인분', 'SE01-FA01-A1-OR0403-A01', 'PO-20251225-013', 'OUTBOUND', 20, 'FACTORY', 1, 'FRANCHISE', 1, 'FACTORY', 1, '2025-12-26 13:34:49', '2025-12-26 13:34:49');
INSERT INTO inventorylog (product_id, product_name, box_code, transaction_code, log_type, quantity, from_location_type, from_location_id, to_location_type, to_location_id, actor_type, actor_id, created_at, updated_at) VALUES (8, '오리지널 떡볶이 밀키트 아주매운맛 3,4인분', 'SE01-FA01-A1-OR0403-A01', 'PO-20251225-013', 'INBOUND', 20, 'FACTORY', 1, 'FRANCHISE', 1, 'FRANCHISE', 1, '2025-12-27 15:34:49', '2025-12-27 15:34:49');
INSERT INTO sales (sales_id, franchise_id, sales_code, quantity, total_amount, is_canceled, created_at, updated_at) VALUES (9012, 1, 'SL-20251228-013', 20, 360000, false, '2025-12-28 17:34:49', '2025-12-28 17:34:49');
INSERT INTO sales_item (sales_id, product_id, quantity, product_code, product_name, lot, unit_price, created_at, updated_at) VALUES (9012, 8, 1, 'OR0403', '오리지널 떡볶이 밀키트 아주매운맛 3,4인분', 'SE01-FA01-A1-OR0403-000241', 18000, '2025-12-28 17:34:49', '2025-12-28 17:34:49');
INSERT INTO sales_item (sales_id, product_id, quantity, product_code, product_name, lot, unit_price, created_at, updated_at) VALUES (9012, 8, 1, 'OR0403', '오리지널 떡볶이 밀키트 아주매운맛 3,4인분', 'SE01-FA01-A1-OR0403-000242', 18000, '2025-12-28 17:34:49', '2025-12-28 17:34:49');
INSERT INTO sales_item (sales_id, product_id, quantity, product_code, product_name, lot, unit_price, created_at, updated_at) VALUES (9012, 8, 1, 'OR0403', '오리지널 떡볶이 밀키트 아주매운맛 3,4인분', 'SE01-FA01-A1-OR0403-000243', 18000, '2025-12-28 17:34:49', '2025-12-28 17:34:49');
INSERT INTO sales_item (sales_id, product_id, quantity, product_code, product_name, lot, unit_price, created_at, updated_at) VALUES (9012, 8, 1, 'OR0403', '오리지널 떡볶이 밀키트 아주매운맛 3,4인분', 'SE01-FA01-A1-OR0403-000244', 18000, '2025-12-28 17:34:49', '2025-12-28 17:34:49');
INSERT INTO sales_item (sales_id, product_id, quantity, product_code, product_name, lot, unit_price, created_at, updated_at) VALUES (9012, 8, 1, 'OR0403', '오리지널 떡볶이 밀키트 아주매운맛 3,4인분', 'SE01-FA01-A1-OR0403-000245', 18000, '2025-12-28 17:34:49', '2025-12-28 17:34:49');
INSERT INTO sales_item (sales_id, product_id, quantity, product_code, product_name, lot, unit_price, created_at, updated_at) VALUES (9012, 8, 1, 'OR0403', '오리지널 떡볶이 밀키트 아주매운맛 3,4인분', 'SE01-FA01-A1-OR0403-000246', 18000, '2025-12-28 17:34:49', '2025-12-28 17:34:49');
INSERT INTO sales_item (sales_id, product_id, quantity, product_code, product_name, lot, unit_price, created_at, updated_at) VALUES (9012, 8, 1, 'OR0403', '오리지널 떡볶이 밀키트 아주매운맛 3,4인분', 'SE01-FA01-A1-OR0403-000247', 18000, '2025-12-28 17:34:49', '2025-12-28 17:34:49');
INSERT INTO sales_item (sales_id, product_id, quantity, product_code, product_name, lot, unit_price, created_at, updated_at) VALUES (9012, 8, 1, 'OR0403', '오리지널 떡볶이 밀키트 아주매운맛 3,4인분', 'SE01-FA01-A1-OR0403-000248', 18000, '2025-12-28 17:34:49', '2025-12-28 17:34:49');
INSERT INTO sales_item (sales_id, product_id, quantity, product_code, product_name, lot, unit_price, created_at, updated_at) VALUES (9012, 8, 1, 'OR0403', '오리지널 떡볶이 밀키트 아주매운맛 3,4인분', 'SE01-FA01-A1-OR0403-000249', 18000, '2025-12-28 17:34:49', '2025-12-28 17:34:49');
INSERT INTO sales_item (sales_id, product_id, quantity, product_code, product_name, lot, unit_price, created_at, updated_at) VALUES (9012, 8, 1, 'OR0403', '오리지널 떡볶이 밀키트 아주매운맛 3,4인분', 'SE01-FA01-A1-OR0403-000250', 18000, '2025-12-28 17:34:49', '2025-12-28 17:34:49');
INSERT INTO sales_item (sales_id, product_id, quantity, product_code, product_name, lot, unit_price, created_at, updated_at) VALUES (9012, 8, 1, 'OR0403', '오리지널 떡볶이 밀키트 아주매운맛 3,4인분', 'SE01-FA01-A1-OR0403-000251', 18000, '2025-12-28 17:34:49', '2025-12-28 17:34:49');
INSERT INTO sales_item (sales_id, product_id, quantity, product_code, product_name, lot, unit_price, created_at, updated_at) VALUES (9012, 8, 1, 'OR0403', '오리지널 떡볶이 밀키트 아주매운맛 3,4인분', 'SE01-FA01-A1-OR0403-000252', 18000, '2025-12-28 17:34:49', '2025-12-28 17:34:49');
INSERT INTO sales_item (sales_id, product_id, quantity, product_code, product_name, lot, unit_price, created_at, updated_at) VALUES (9012, 8, 1, 'OR0403', '오리지널 떡볶이 밀키트 아주매운맛 3,4인분', 'SE01-FA01-A1-OR0403-000253', 18000, '2025-12-28 17:34:49', '2025-12-28 17:34:49');
INSERT INTO sales_item (sales_id, product_id, quantity, product_code, product_name, lot, unit_price, created_at, updated_at) VALUES (9012, 8, 1, 'OR0403', '오리지널 떡볶이 밀키트 아주매운맛 3,4인분', 'SE01-FA01-A1-OR0403-000254', 18000, '2025-12-28 17:34:49', '2025-12-28 17:34:49');
INSERT INTO sales_item (sales_id, product_id, quantity, product_code, product_name, lot, unit_price, created_at, updated_at) VALUES (9012, 8, 1, 'OR0403', '오리지널 떡볶이 밀키트 아주매운맛 3,4인분', 'SE01-FA01-A1-OR0403-000255', 18000, '2025-12-28 17:34:49', '2025-12-28 17:34:49');
INSERT INTO sales_item (sales_id, product_id, quantity, product_code, product_name, lot, unit_price, created_at, updated_at) VALUES (9012, 8, 1, 'OR0403', '오리지널 떡볶이 밀키트 아주매운맛 3,4인분', 'SE01-FA01-A1-OR0403-000256', 18000, '2025-12-28 17:34:49', '2025-12-28 17:34:49');
INSERT INTO sales_item (sales_id, product_id, quantity, product_code, product_name, lot, unit_price, created_at, updated_at) VALUES (9012, 8, 1, 'OR0403', '오리지널 떡볶이 밀키트 아주매운맛 3,4인분', 'SE01-FA01-A1-OR0403-000257', 18000, '2025-12-28 17:34:49', '2025-12-28 17:34:49');
INSERT INTO sales_item (sales_id, product_id, quantity, product_code, product_name, lot, unit_price, created_at, updated_at) VALUES (9012, 8, 1, 'OR0403', '오리지널 떡볶이 밀키트 아주매운맛 3,4인분', 'SE01-FA01-A1-OR0403-000258', 18000, '2025-12-28 17:34:49', '2025-12-28 17:34:49');
INSERT INTO sales_item (sales_id, product_id, quantity, product_code, product_name, lot, unit_price, created_at, updated_at) VALUES (9012, 8, 1, 'OR0403', '오리지널 떡볶이 밀키트 아주매운맛 3,4인분', 'SE01-FA01-A1-OR0403-000259', 18000, '2025-12-28 17:34:49', '2025-12-28 17:34:49');
INSERT INTO sales_item (sales_id, product_id, quantity, product_code, product_name, lot, unit_price, created_at, updated_at) VALUES (9012, 8, 1, 'OR0403', '오리지널 떡볶이 밀키트 아주매운맛 3,4인분', 'SE01-FA01-A1-OR0403-000260', 18000, '2025-12-28 17:34:49', '2025-12-28 17:34:49');

INSERT INTO franchise_order (franchise_order_id, franchise_id, order_code, user_id, address, requirement, order_status, total_quantity, total_amount, delivery_date, delivery_time, cancelled_reason, created_at, updated_at, version) VALUES (9013, 1, 'PO-20251230-014', 1001, '서울시 강남구 테스트로 1', '60~90일 과거 더미데이터', 'COMPLETED', 20, 240000, '2026-01-01 18:31:01', '09:00', NULL, '2025-12-30 14:31:01', '2026-01-01 18:31:01', 0);
INSERT INTO franchise_order_item (franchise_order_item_id, franchise_order_id, quantity, product_id, unit_price, total_price, created_at, updated_at) VALUES (9013, 9013, 20, 9, 12000, 240000, '2025-12-30 14:31:01', '2025-12-30 14:31:01');
INSERT INTO inventorylog (product_id, product_name, box_code, transaction_code, log_type, quantity, from_location_type, from_location_id, to_location_type, to_location_id, actor_type, actor_id, created_at, updated_at) VALUES (9, '로제 떡볶이 밀키트 순한맛 1,2인분', 'SE01-FA01-A1-RO0101-A01', 'PO-20251230-014', 'OUTBOUND', 20, 'FACTORY', 1, 'FRANCHISE', 1, 'FACTORY', 1, '2025-12-31 16:31:01', '2025-12-31 16:31:01');
INSERT INTO inventorylog (product_id, product_name, box_code, transaction_code, log_type, quantity, from_location_type, from_location_id, to_location_type, to_location_id, actor_type, actor_id, created_at, updated_at) VALUES (9, '로제 떡볶이 밀키트 순한맛 1,2인분', 'SE01-FA01-A1-RO0101-A01', 'PO-20251230-014', 'INBOUND', 20, 'FACTORY', 1, 'FRANCHISE', 1, 'FRANCHISE', 1, '2026-01-01 18:31:01', '2026-01-01 18:31:01');
INSERT INTO sales (sales_id, franchise_id, sales_code, quantity, total_amount, is_canceled, created_at, updated_at) VALUES (9013, 1, 'SL-20260102-014', 20, 240000, false, '2026-01-02 20:31:01', '2026-01-02 20:31:01');
INSERT INTO sales_item (sales_id, product_id, quantity, product_code, product_name, lot, unit_price, created_at, updated_at) VALUES (9013, 9, 1, 'RO0101', '로제 떡볶이 밀키트 순한맛 1,2인분', 'SE01-FA01-A1-RO0101-000261', 12000, '2026-01-02 20:31:01', '2026-01-02 20:31:01');
INSERT INTO sales_item (sales_id, product_id, quantity, product_code, product_name, lot, unit_price, created_at, updated_at) VALUES (9013, 9, 1, 'RO0101', '로제 떡볶이 밀키트 순한맛 1,2인분', 'SE01-FA01-A1-RO0101-000262', 12000, '2026-01-02 20:31:01', '2026-01-02 20:31:01');
INSERT INTO sales_item (sales_id, product_id, quantity, product_code, product_name, lot, unit_price, created_at, updated_at) VALUES (9013, 9, 1, 'RO0101', '로제 떡볶이 밀키트 순한맛 1,2인분', 'SE01-FA01-A1-RO0101-000263', 12000, '2026-01-02 20:31:01', '2026-01-02 20:31:01');
INSERT INTO sales_item (sales_id, product_id, quantity, product_code, product_name, lot, unit_price, created_at, updated_at) VALUES (9013, 9, 1, 'RO0101', '로제 떡볶이 밀키트 순한맛 1,2인분', 'SE01-FA01-A1-RO0101-000264', 12000, '2026-01-02 20:31:01', '2026-01-02 20:31:01');
INSERT INTO sales_item (sales_id, product_id, quantity, product_code, product_name, lot, unit_price, created_at, updated_at) VALUES (9013, 9, 1, 'RO0101', '로제 떡볶이 밀키트 순한맛 1,2인분', 'SE01-FA01-A1-RO0101-000265', 12000, '2026-01-02 20:31:01', '2026-01-02 20:31:01');
INSERT INTO sales_item (sales_id, product_id, quantity, product_code, product_name, lot, unit_price, created_at, updated_at) VALUES (9013, 9, 1, 'RO0101', '로제 떡볶이 밀키트 순한맛 1,2인분', 'SE01-FA01-A1-RO0101-000266', 12000, '2026-01-02 20:31:01', '2026-01-02 20:31:01');
INSERT INTO sales_item (sales_id, product_id, quantity, product_code, product_name, lot, unit_price, created_at, updated_at) VALUES (9013, 9, 1, 'RO0101', '로제 떡볶이 밀키트 순한맛 1,2인분', 'SE01-FA01-A1-RO0101-000267', 12000, '2026-01-02 20:31:01', '2026-01-02 20:31:01');
INSERT INTO sales_item (sales_id, product_id, quantity, product_code, product_name, lot, unit_price, created_at, updated_at) VALUES (9013, 9, 1, 'RO0101', '로제 떡볶이 밀키트 순한맛 1,2인분', 'SE01-FA01-A1-RO0101-000268', 12000, '2026-01-02 20:31:01', '2026-01-02 20:31:01');
INSERT INTO sales_item (sales_id, product_id, quantity, product_code, product_name, lot, unit_price, created_at, updated_at) VALUES (9013, 9, 1, 'RO0101', '로제 떡볶이 밀키트 순한맛 1,2인분', 'SE01-FA01-A1-RO0101-000269', 12000, '2026-01-02 20:31:01', '2026-01-02 20:31:01');
INSERT INTO sales_item (sales_id, product_id, quantity, product_code, product_name, lot, unit_price, created_at, updated_at) VALUES (9013, 9, 1, 'RO0101', '로제 떡볶이 밀키트 순한맛 1,2인분', 'SE01-FA01-A1-RO0101-000270', 12000, '2026-01-02 20:31:01', '2026-01-02 20:31:01');
INSERT INTO sales_item (sales_id, product_id, quantity, product_code, product_name, lot, unit_price, created_at, updated_at) VALUES (9013, 9, 1, 'RO0101', '로제 떡볶이 밀키트 순한맛 1,2인분', 'SE01-FA01-A1-RO0101-000271', 12000, '2026-01-02 20:31:01', '2026-01-02 20:31:01');
INSERT INTO sales_item (sales_id, product_id, quantity, product_code, product_name, lot, unit_price, created_at, updated_at) VALUES (9013, 9, 1, 'RO0101', '로제 떡볶이 밀키트 순한맛 1,2인분', 'SE01-FA01-A1-RO0101-000272', 12000, '2026-01-02 20:31:01', '2026-01-02 20:31:01');
INSERT INTO sales_item (sales_id, product_id, quantity, product_code, product_name, lot, unit_price, created_at, updated_at) VALUES (9013, 9, 1, 'RO0101', '로제 떡볶이 밀키트 순한맛 1,2인분', 'SE01-FA01-A1-RO0101-000273', 12000, '2026-01-02 20:31:01', '2026-01-02 20:31:01');
INSERT INTO sales_item (sales_id, product_id, quantity, product_code, product_name, lot, unit_price, created_at, updated_at) VALUES (9013, 9, 1, 'RO0101', '로제 떡볶이 밀키트 순한맛 1,2인분', 'SE01-FA01-A1-RO0101-000274', 12000, '2026-01-02 20:31:01', '2026-01-02 20:31:01');
INSERT INTO sales_item (sales_id, product_id, quantity, product_code, product_name, lot, unit_price, created_at, updated_at) VALUES (9013, 9, 1, 'RO0101', '로제 떡볶이 밀키트 순한맛 1,2인분', 'SE01-FA01-A1-RO0101-000275', 12000, '2026-01-02 20:31:01', '2026-01-02 20:31:01');
INSERT INTO sales_item (sales_id, product_id, quantity, product_code, product_name, lot, unit_price, created_at, updated_at) VALUES (9013, 9, 1, 'RO0101', '로제 떡볶이 밀키트 순한맛 1,2인분', 'SE01-FA01-A1-RO0101-000276', 12000, '2026-01-02 20:31:01', '2026-01-02 20:31:01');
INSERT INTO sales_item (sales_id, product_id, quantity, product_code, product_name, lot, unit_price, created_at, updated_at) VALUES (9013, 9, 1, 'RO0101', '로제 떡볶이 밀키트 순한맛 1,2인분', 'SE01-FA01-A1-RO0101-000277', 12000, '2026-01-02 20:31:01', '2026-01-02 20:31:01');
INSERT INTO sales_item (sales_id, product_id, quantity, product_code, product_name, lot, unit_price, created_at, updated_at) VALUES (9013, 9, 1, 'RO0101', '로제 떡볶이 밀키트 순한맛 1,2인분', 'SE01-FA01-A1-RO0101-000278', 12000, '2026-01-02 20:31:01', '2026-01-02 20:31:01');
INSERT INTO sales_item (sales_id, product_id, quantity, product_code, product_name, lot, unit_price, created_at, updated_at) VALUES (9013, 9, 1, 'RO0101', '로제 떡볶이 밀키트 순한맛 1,2인분', 'SE01-FA01-A1-RO0101-000279', 12000, '2026-01-02 20:31:01', '2026-01-02 20:31:01');
INSERT INTO sales_item (sales_id, product_id, quantity, product_code, product_name, lot, unit_price, created_at, updated_at) VALUES (9013, 9, 1, 'RO0101', '로제 떡볶이 밀키트 순한맛 1,2인분', 'SE01-FA01-A1-RO0101-000280', 12000, '2026-01-02 20:31:01', '2026-01-02 20:31:01');

INSERT INTO franchise_order (franchise_order_id, franchise_id, order_code, user_id, address, requirement, order_status, total_quantity, total_amount, delivery_date, delivery_time, cancelled_reason, created_at, updated_at, version) VALUES (9014, 1, 'PO-20251221-015', 1001, '서울시 강남구 테스트로 1', '60~90일 과거 더미데이터', 'COMPLETED', 20, 200000, '2025-12-23 17:15:03', '09:00', NULL, '2025-12-21 13:15:03', '2025-12-23 17:15:03', 0);
INSERT INTO franchise_order_item (franchise_order_item_id, franchise_order_id, quantity, product_id, unit_price, total_price, created_at, updated_at) VALUES (9014, 9014, 20, 1, 10000, 200000, '2025-12-21 13:15:03', '2025-12-21 13:15:03');
INSERT INTO inventorylog (product_id, product_name, box_code, transaction_code, log_type, quantity, from_location_type, from_location_id, to_location_type, to_location_id, actor_type, actor_id, created_at, updated_at) VALUES (1, '오리지널 떡볶이 밀키트 순한맛 1,2인분', 'SE01-FA01-A1-OR0101-A01', 'PO-20251221-015', 'OUTBOUND', 20, 'FACTORY', 1, 'FRANCHISE', 1, 'FACTORY', 1, '2025-12-22 15:15:03', '2025-12-22 15:15:03');
INSERT INTO inventorylog (product_id, product_name, box_code, transaction_code, log_type, quantity, from_location_type, from_location_id, to_location_type, to_location_id, actor_type, actor_id, created_at, updated_at) VALUES (1, '오리지널 떡볶이 밀키트 순한맛 1,2인분', 'SE01-FA01-A1-OR0101-A01', 'PO-20251221-015', 'INBOUND', 20, 'FACTORY', 1, 'FRANCHISE', 1, 'FRANCHISE', 1, '2025-12-23 17:15:03', '2025-12-23 17:15:03');
INSERT INTO sales (sales_id, franchise_id, sales_code, quantity, total_amount, is_canceled, created_at, updated_at) VALUES (9014, 1, 'SL-20251224-015', 20, 200000, false, '2025-12-24 19:15:03', '2025-12-24 19:15:03');
INSERT INTO sales_item (sales_id, product_id, quantity, product_code, product_name, lot, unit_price, created_at, updated_at) VALUES (9014, 1, 1, 'OR0101', '오리지널 떡볶이 밀키트 순한맛 1,2인분', 'SE01-FA01-A1-OR0101-000281', 10000, '2025-12-24 19:15:03', '2025-12-24 19:15:03');
INSERT INTO sales_item (sales_id, product_id, quantity, product_code, product_name, lot, unit_price, created_at, updated_at) VALUES (9014, 1, 1, 'OR0101', '오리지널 떡볶이 밀키트 순한맛 1,2인분', 'SE01-FA01-A1-OR0101-000282', 10000, '2025-12-24 19:15:03', '2025-12-24 19:15:03');
INSERT INTO sales_item (sales_id, product_id, quantity, product_code, product_name, lot, unit_price, created_at, updated_at) VALUES (9014, 1, 1, 'OR0101', '오리지널 떡볶이 밀키트 순한맛 1,2인분', 'SE01-FA01-A1-OR0101-000283', 10000, '2025-12-24 19:15:03', '2025-12-24 19:15:03');
INSERT INTO sales_item (sales_id, product_id, quantity, product_code, product_name, lot, unit_price, created_at, updated_at) VALUES (9014, 1, 1, 'OR0101', '오리지널 떡볶이 밀키트 순한맛 1,2인분', 'SE01-FA01-A1-OR0101-000284', 10000, '2025-12-24 19:15:03', '2025-12-24 19:15:03');
INSERT INTO sales_item (sales_id, product_id, quantity, product_code, product_name, lot, unit_price, created_at, updated_at) VALUES (9014, 1, 1, 'OR0101', '오리지널 떡볶이 밀키트 순한맛 1,2인분', 'SE01-FA01-A1-OR0101-000285', 10000, '2025-12-24 19:15:03', '2025-12-24 19:15:03');
INSERT INTO sales_item (sales_id, product_id, quantity, product_code, product_name, lot, unit_price, created_at, updated_at) VALUES (9014, 1, 1, 'OR0101', '오리지널 떡볶이 밀키트 순한맛 1,2인분', 'SE01-FA01-A1-OR0101-000286', 10000, '2025-12-24 19:15:03', '2025-12-24 19:15:03');
INSERT INTO sales_item (sales_id, product_id, quantity, product_code, product_name, lot, unit_price, created_at, updated_at) VALUES (9014, 1, 1, 'OR0101', '오리지널 떡볶이 밀키트 순한맛 1,2인분', 'SE01-FA01-A1-OR0101-000287', 10000, '2025-12-24 19:15:03', '2025-12-24 19:15:03');
INSERT INTO sales_item (sales_id, product_id, quantity, product_code, product_name, lot, unit_price, created_at, updated_at) VALUES (9014, 1, 1, 'OR0101', '오리지널 떡볶이 밀키트 순한맛 1,2인분', 'SE01-FA01-A1-OR0101-000288', 10000, '2025-12-24 19:15:03', '2025-12-24 19:15:03');
INSERT INTO sales_item (sales_id, product_id, quantity, product_code, product_name, lot, unit_price, created_at, updated_at) VALUES (9014, 1, 1, 'OR0101', '오리지널 떡볶이 밀키트 순한맛 1,2인분', 'SE01-FA01-A1-OR0101-000289', 10000, '2025-12-24 19:15:03', '2025-12-24 19:15:03');
INSERT INTO sales_item (sales_id, product_id, quantity, product_code, product_name, lot, unit_price, created_at, updated_at) VALUES (9014, 1, 1, 'OR0101', '오리지널 떡볶이 밀키트 순한맛 1,2인분', 'SE01-FA01-A1-OR0101-000290', 10000, '2025-12-24 19:15:03', '2025-12-24 19:15:03');
INSERT INTO sales_item (sales_id, product_id, quantity, product_code, product_name, lot, unit_price, created_at, updated_at) VALUES (9014, 1, 1, 'OR0101', '오리지널 떡볶이 밀키트 순한맛 1,2인분', 'SE01-FA01-A1-OR0101-000291', 10000, '2025-12-24 19:15:03', '2025-12-24 19:15:03');
INSERT INTO sales_item (sales_id, product_id, quantity, product_code, product_name, lot, unit_price, created_at, updated_at) VALUES (9014, 1, 1, 'OR0101', '오리지널 떡볶이 밀키트 순한맛 1,2인분', 'SE01-FA01-A1-OR0101-000292', 10000, '2025-12-24 19:15:03', '2025-12-24 19:15:03');
INSERT INTO sales_item (sales_id, product_id, quantity, product_code, product_name, lot, unit_price, created_at, updated_at) VALUES (9014, 1, 1, 'OR0101', '오리지널 떡볶이 밀키트 순한맛 1,2인분', 'SE01-FA01-A1-OR0101-000293', 10000, '2025-12-24 19:15:03', '2025-12-24 19:15:03');
INSERT INTO sales_item (sales_id, product_id, quantity, product_code, product_name, lot, unit_price, created_at, updated_at) VALUES (9014, 1, 1, 'OR0101', '오리지널 떡볶이 밀키트 순한맛 1,2인분', 'SE01-FA01-A1-OR0101-000294', 10000, '2025-12-24 19:15:03', '2025-12-24 19:15:03');
INSERT INTO sales_item (sales_id, product_id, quantity, product_code, product_name, lot, unit_price, created_at, updated_at) VALUES (9014, 1, 1, 'OR0101', '오리지널 떡볶이 밀키트 순한맛 1,2인분', 'SE01-FA01-A1-OR0101-000295', 10000, '2025-12-24 19:15:03', '2025-12-24 19:15:03');
INSERT INTO sales_item (sales_id, product_id, quantity, product_code, product_name, lot, unit_price, created_at, updated_at) VALUES (9014, 1, 1, 'OR0101', '오리지널 떡볶이 밀키트 순한맛 1,2인분', 'SE01-FA01-A1-OR0101-000296', 10000, '2025-12-24 19:15:03', '2025-12-24 19:15:03');
INSERT INTO sales_item (sales_id, product_id, quantity, product_code, product_name, lot, unit_price, created_at, updated_at) VALUES (9014, 1, 1, 'OR0101', '오리지널 떡볶이 밀키트 순한맛 1,2인분', 'SE01-FA01-A1-OR0101-000297', 10000, '2025-12-24 19:15:03', '2025-12-24 19:15:03');
INSERT INTO sales_item (sales_id, product_id, quantity, product_code, product_name, lot, unit_price, created_at, updated_at) VALUES (9014, 1, 1, 'OR0101', '오리지널 떡볶이 밀키트 순한맛 1,2인분', 'SE01-FA01-A1-OR0101-000298', 10000, '2025-12-24 19:15:03', '2025-12-24 19:15:03');
INSERT INTO sales_item (sales_id, product_id, quantity, product_code, product_name, lot, unit_price, created_at, updated_at) VALUES (9014, 1, 1, 'OR0101', '오리지널 떡볶이 밀키트 순한맛 1,2인분', 'SE01-FA01-A1-OR0101-000299', 10000, '2025-12-24 19:15:03', '2025-12-24 19:15:03');
INSERT INTO sales_item (sales_id, product_id, quantity, product_code, product_name, lot, unit_price, created_at, updated_at) VALUES (9014, 1, 1, 'OR0101', '오리지널 떡볶이 밀키트 순한맛 1,2인분', 'SE01-FA01-A1-OR0101-000300', 10000, '2025-12-24 19:15:03', '2025-12-24 19:15:03');

INSERT INTO franchise_order (franchise_order_id, franchise_id, order_code, user_id, address, requirement, order_status, total_quantity, total_amount, delivery_date, delivery_time, cancelled_reason, created_at, updated_at, version) VALUES (9015, 1, 'PO-20260116-016', 1001, '서울시 강남구 테스트로 1', '60~90일 과거 더미데이터', 'COMPLETED', 20, 440000, '2026-01-18 20:52:04', '09:00', NULL, '2026-01-16 16:52:04', '2026-01-18 20:52:04', 0);
INSERT INTO franchise_order_item (franchise_order_item_id, franchise_order_id, quantity, product_id, unit_price, total_price, created_at, updated_at) VALUES (9015, 9015, 20, 22, 22000, 440000, '2026-01-16 16:52:04', '2026-01-16 16:52:04');
INSERT INTO inventorylog (product_id, product_name, box_code, transaction_code, log_type, quantity, from_location_type, from_location_id, to_location_type, to_location_id, actor_type, actor_id, created_at, updated_at) VALUES (22, '마라 떡볶이 밀키트 기본맛 3,4인분', 'SE01-FA01-A1-MA0203-A01', 'PO-20260116-016', 'OUTBOUND', 20, 'FACTORY', 1, 'FRANCHISE', 1, 'FACTORY', 1, '2026-01-17 18:52:04', '2026-01-17 18:52:04');
INSERT INTO inventorylog (product_id, product_name, box_code, transaction_code, log_type, quantity, from_location_type, from_location_id, to_location_type, to_location_id, actor_type, actor_id, created_at, updated_at) VALUES (22, '마라 떡볶이 밀키트 기본맛 3,4인분', 'SE01-FA01-A1-MA0203-A01', 'PO-20260116-016', 'INBOUND', 20, 'FACTORY', 1, 'FRANCHISE', 1, 'FRANCHISE', 1, '2026-01-18 20:52:04', '2026-01-18 20:52:04');
INSERT INTO sales (sales_id, franchise_id, sales_code, quantity, total_amount, is_canceled, created_at, updated_at) VALUES (9015, 1, 'SL-20260119-016', 20, 440000, false, '2026-01-19 22:52:04', '2026-01-19 22:52:04');
INSERT INTO sales_item (sales_id, product_id, quantity, product_code, product_name, lot, unit_price, created_at, updated_at) VALUES (9015, 22, 1, 'MA0203', '마라 떡볶이 밀키트 기본맛 3,4인분', 'SE01-FA01-A1-MA0203-000301', 22000, '2026-01-19 22:52:04', '2026-01-19 22:52:04');
INSERT INTO sales_item (sales_id, product_id, quantity, product_code, product_name, lot, unit_price, created_at, updated_at) VALUES (9015, 22, 1, 'MA0203', '마라 떡볶이 밀키트 기본맛 3,4인분', 'SE01-FA01-A1-MA0203-000302', 22000, '2026-01-19 22:52:04', '2026-01-19 22:52:04');
INSERT INTO sales_item (sales_id, product_id, quantity, product_code, product_name, lot, unit_price, created_at, updated_at) VALUES (9015, 22, 1, 'MA0203', '마라 떡볶이 밀키트 기본맛 3,4인분', 'SE01-FA01-A1-MA0203-000303', 22000, '2026-01-19 22:52:04', '2026-01-19 22:52:04');
INSERT INTO sales_item (sales_id, product_id, quantity, product_code, product_name, lot, unit_price, created_at, updated_at) VALUES (9015, 22, 1, 'MA0203', '마라 떡볶이 밀키트 기본맛 3,4인분', 'SE01-FA01-A1-MA0203-000304', 22000, '2026-01-19 22:52:04', '2026-01-19 22:52:04');
INSERT INTO sales_item (sales_id, product_id, quantity, product_code, product_name, lot, unit_price, created_at, updated_at) VALUES (9015, 22, 1, 'MA0203', '마라 떡볶이 밀키트 기본맛 3,4인분', 'SE01-FA01-A1-MA0203-000305', 22000, '2026-01-19 22:52:04', '2026-01-19 22:52:04');
INSERT INTO sales_item (sales_id, product_id, quantity, product_code, product_name, lot, unit_price, created_at, updated_at) VALUES (9015, 22, 1, 'MA0203', '마라 떡볶이 밀키트 기본맛 3,4인분', 'SE01-FA01-A1-MA0203-000306', 22000, '2026-01-19 22:52:04', '2026-01-19 22:52:04');
INSERT INTO sales_item (sales_id, product_id, quantity, product_code, product_name, lot, unit_price, created_at, updated_at) VALUES (9015, 22, 1, 'MA0203', '마라 떡볶이 밀키트 기본맛 3,4인분', 'SE01-FA01-A1-MA0203-000307', 22000, '2026-01-19 22:52:04', '2026-01-19 22:52:04');
INSERT INTO sales_item (sales_id, product_id, quantity, product_code, product_name, lot, unit_price, created_at, updated_at) VALUES (9015, 22, 1, 'MA0203', '마라 떡볶이 밀키트 기본맛 3,4인분', 'SE01-FA01-A1-MA0203-000308', 22000, '2026-01-19 22:52:04', '2026-01-19 22:52:04');
INSERT INTO sales_item (sales_id, product_id, quantity, product_code, product_name, lot, unit_price, created_at, updated_at) VALUES (9015, 22, 1, 'MA0203', '마라 떡볶이 밀키트 기본맛 3,4인분', 'SE01-FA01-A1-MA0203-000309', 22000, '2026-01-19 22:52:04', '2026-01-19 22:52:04');
INSERT INTO sales_item (sales_id, product_id, quantity, product_code, product_name, lot, unit_price, created_at, updated_at) VALUES (9015, 22, 1, 'MA0203', '마라 떡볶이 밀키트 기본맛 3,4인분', 'SE01-FA01-A1-MA0203-000310', 22000, '2026-01-19 22:52:04', '2026-01-19 22:52:04');
INSERT INTO sales_item (sales_id, product_id, quantity, product_code, product_name, lot, unit_price, created_at, updated_at) VALUES (9015, 22, 1, 'MA0203', '마라 떡볶이 밀키트 기본맛 3,4인분', 'SE01-FA01-A1-MA0203-000311', 22000, '2026-01-19 22:52:04', '2026-01-19 22:52:04');
INSERT INTO sales_item (sales_id, product_id, quantity, product_code, product_name, lot, unit_price, created_at, updated_at) VALUES (9015, 22, 1, 'MA0203', '마라 떡볶이 밀키트 기본맛 3,4인분', 'SE01-FA01-A1-MA0203-000312', 22000, '2026-01-19 22:52:04', '2026-01-19 22:52:04');
INSERT INTO sales_item (sales_id, product_id, quantity, product_code, product_name, lot, unit_price, created_at, updated_at) VALUES (9015, 22, 1, 'MA0203', '마라 떡볶이 밀키트 기본맛 3,4인분', 'SE01-FA01-A1-MA0203-000313', 22000, '2026-01-19 22:52:04', '2026-01-19 22:52:04');
INSERT INTO sales_item (sales_id, product_id, quantity, product_code, product_name, lot, unit_price, created_at, updated_at) VALUES (9015, 22, 1, 'MA0203', '마라 떡볶이 밀키트 기본맛 3,4인분', 'SE01-FA01-A1-MA0203-000314', 22000, '2026-01-19 22:52:04', '2026-01-19 22:52:04');
INSERT INTO sales_item (sales_id, product_id, quantity, product_code, product_name, lot, unit_price, created_at, updated_at) VALUES (9015, 22, 1, 'MA0203', '마라 떡볶이 밀키트 기본맛 3,4인분', 'SE01-FA01-A1-MA0203-000315', 22000, '2026-01-19 22:52:04', '2026-01-19 22:52:04');
INSERT INTO sales_item (sales_id, product_id, quantity, product_code, product_name, lot, unit_price, created_at, updated_at) VALUES (9015, 22, 1, 'MA0203', '마라 떡볶이 밀키트 기본맛 3,4인분', 'SE01-FA01-A1-MA0203-000316', 22000, '2026-01-19 22:52:04', '2026-01-19 22:52:04');
INSERT INTO sales_item (sales_id, product_id, quantity, product_code, product_name, lot, unit_price, created_at, updated_at) VALUES (9015, 22, 1, 'MA0203', '마라 떡볶이 밀키트 기본맛 3,4인분', 'SE01-FA01-A1-MA0203-000317', 22000, '2026-01-19 22:52:04', '2026-01-19 22:52:04');
INSERT INTO sales_item (sales_id, product_id, quantity, product_code, product_name, lot, unit_price, created_at, updated_at) VALUES (9015, 22, 1, 'MA0203', '마라 떡볶이 밀키트 기본맛 3,4인분', 'SE01-FA01-A1-MA0203-000318', 22000, '2026-01-19 22:52:04', '2026-01-19 22:52:04');
INSERT INTO sales_item (sales_id, product_id, quantity, product_code, product_name, lot, unit_price, created_at, updated_at) VALUES (9015, 22, 1, 'MA0203', '마라 떡볶이 밀키트 기본맛 3,4인분', 'SE01-FA01-A1-MA0203-000319', 22000, '2026-01-19 22:52:04', '2026-01-19 22:52:04');
INSERT INTO sales_item (sales_id, product_id, quantity, product_code, product_name, lot, unit_price, created_at, updated_at) VALUES (9015, 22, 1, 'MA0203', '마라 떡볶이 밀키트 기본맛 3,4인분', 'SE01-FA01-A1-MA0203-000320', 22000, '2026-01-19 22:52:04', '2026-01-19 22:52:04');

INSERT INTO franchise_order (franchise_order_id, franchise_id, order_code, user_id, address, requirement, order_status, total_quantity, total_amount, delivery_date, delivery_time, cancelled_reason, created_at, updated_at, version) VALUES (9016, 1, 'PO-20260114-017', 1001, '서울시 강남구 테스트로 1', '60~90일 과거 더미데이터', 'COMPLETED', 20, 200000, '2026-01-16 20:35:10', '09:00', NULL, '2026-01-14 16:35:10', '2026-01-16 20:35:10', 0);
INSERT INTO franchise_order_item (franchise_order_item_id, franchise_order_id, quantity, product_id, unit_price, total_price, created_at, updated_at) VALUES (9016, 9016, 20, 1, 10000, 200000, '2026-01-14 16:35:10', '2026-01-14 16:35:10');
INSERT INTO inventorylog (product_id, product_name, box_code, transaction_code, log_type, quantity, from_location_type, from_location_id, to_location_type, to_location_id, actor_type, actor_id, created_at, updated_at) VALUES (1, '오리지널 떡볶이 밀키트 순한맛 1,2인분', 'SE01-FA01-A1-OR0101-A02', 'PO-20260114-017', 'OUTBOUND', 20, 'FACTORY', 1, 'FRANCHISE', 1, 'FACTORY', 1, '2026-01-15 18:35:10', '2026-01-15 18:35:10');
INSERT INTO inventorylog (product_id, product_name, box_code, transaction_code, log_type, quantity, from_location_type, from_location_id, to_location_type, to_location_id, actor_type, actor_id, created_at, updated_at) VALUES (1, '오리지널 떡볶이 밀키트 순한맛 1,2인분', 'SE01-FA01-A1-OR0101-A02', 'PO-20260114-017', 'INBOUND', 20, 'FACTORY', 1, 'FRANCHISE', 1, 'FRANCHISE', 1, '2026-01-16 20:35:10', '2026-01-16 20:35:10');
INSERT INTO sales (sales_id, franchise_id, sales_code, quantity, total_amount, is_canceled, created_at, updated_at) VALUES (9016, 1, 'SL-20260117-017', 20, 200000, false, '2026-01-17 22:35:10', '2026-01-17 22:35:10');
INSERT INTO sales_item (sales_id, product_id, quantity, product_code, product_name, lot, unit_price, created_at, updated_at) VALUES (9016, 1, 1, 'OR0101', '오리지널 떡볶이 밀키트 순한맛 1,2인분', 'SE01-FA01-A1-OR0101-000321', 10000, '2026-01-17 22:35:10', '2026-01-17 22:35:10');
INSERT INTO sales_item (sales_id, product_id, quantity, product_code, product_name, lot, unit_price, created_at, updated_at) VALUES (9016, 1, 1, 'OR0101', '오리지널 떡볶이 밀키트 순한맛 1,2인분', 'SE01-FA01-A1-OR0101-000322', 10000, '2026-01-17 22:35:10', '2026-01-17 22:35:10');
INSERT INTO sales_item (sales_id, product_id, quantity, product_code, product_name, lot, unit_price, created_at, updated_at) VALUES (9016, 1, 1, 'OR0101', '오리지널 떡볶이 밀키트 순한맛 1,2인분', 'SE01-FA01-A1-OR0101-000323', 10000, '2026-01-17 22:35:10', '2026-01-17 22:35:10');
INSERT INTO sales_item (sales_id, product_id, quantity, product_code, product_name, lot, unit_price, created_at, updated_at) VALUES (9016, 1, 1, 'OR0101', '오리지널 떡볶이 밀키트 순한맛 1,2인분', 'SE01-FA01-A1-OR0101-000324', 10000, '2026-01-17 22:35:10', '2026-01-17 22:35:10');
INSERT INTO sales_item (sales_id, product_id, quantity, product_code, product_name, lot, unit_price, created_at, updated_at) VALUES (9016, 1, 1, 'OR0101', '오리지널 떡볶이 밀키트 순한맛 1,2인분', 'SE01-FA01-A1-OR0101-000325', 10000, '2026-01-17 22:35:10', '2026-01-17 22:35:10');
INSERT INTO sales_item (sales_id, product_id, quantity, product_code, product_name, lot, unit_price, created_at, updated_at) VALUES (9016, 1, 1, 'OR0101', '오리지널 떡볶이 밀키트 순한맛 1,2인분', 'SE01-FA01-A1-OR0101-000326', 10000, '2026-01-17 22:35:10', '2026-01-17 22:35:10');
INSERT INTO sales_item (sales_id, product_id, quantity, product_code, product_name, lot, unit_price, created_at, updated_at) VALUES (9016, 1, 1, 'OR0101', '오리지널 떡볶이 밀키트 순한맛 1,2인분', 'SE01-FA01-A1-OR0101-000327', 10000, '2026-01-17 22:35:10', '2026-01-17 22:35:10');
INSERT INTO sales_item (sales_id, product_id, quantity, product_code, product_name, lot, unit_price, created_at, updated_at) VALUES (9016, 1, 1, 'OR0101', '오리지널 떡볶이 밀키트 순한맛 1,2인분', 'SE01-FA01-A1-OR0101-000328', 10000, '2026-01-17 22:35:10', '2026-01-17 22:35:10');
INSERT INTO sales_item (sales_id, product_id, quantity, product_code, product_name, lot, unit_price, created_at, updated_at) VALUES (9016, 1, 1, 'OR0101', '오리지널 떡볶이 밀키트 순한맛 1,2인분', 'SE01-FA01-A1-OR0101-000329', 10000, '2026-01-17 22:35:10', '2026-01-17 22:35:10');
INSERT INTO sales_item (sales_id, product_id, quantity, product_code, product_name, lot, unit_price, created_at, updated_at) VALUES (9016, 1, 1, 'OR0101', '오리지널 떡볶이 밀키트 순한맛 1,2인분', 'SE01-FA01-A1-OR0101-000330', 10000, '2026-01-17 22:35:10', '2026-01-17 22:35:10');
INSERT INTO sales_item (sales_id, product_id, quantity, product_code, product_name, lot, unit_price, created_at, updated_at) VALUES (9016, 1, 1, 'OR0101', '오리지널 떡볶이 밀키트 순한맛 1,2인분', 'SE01-FA01-A1-OR0101-000331', 10000, '2026-01-17 22:35:10', '2026-01-17 22:35:10');
INSERT INTO sales_item (sales_id, product_id, quantity, product_code, product_name, lot, unit_price, created_at, updated_at) VALUES (9016, 1, 1, 'OR0101', '오리지널 떡볶이 밀키트 순한맛 1,2인분', 'SE01-FA01-A1-OR0101-000332', 10000, '2026-01-17 22:35:10', '2026-01-17 22:35:10');
INSERT INTO sales_item (sales_id, product_id, quantity, product_code, product_name, lot, unit_price, created_at, updated_at) VALUES (9016, 1, 1, 'OR0101', '오리지널 떡볶이 밀키트 순한맛 1,2인분', 'SE01-FA01-A1-OR0101-000333', 10000, '2026-01-17 22:35:10', '2026-01-17 22:35:10');
INSERT INTO sales_item (sales_id, product_id, quantity, product_code, product_name, lot, unit_price, created_at, updated_at) VALUES (9016, 1, 1, 'OR0101', '오리지널 떡볶이 밀키트 순한맛 1,2인분', 'SE01-FA01-A1-OR0101-000334', 10000, '2026-01-17 22:35:10', '2026-01-17 22:35:10');
INSERT INTO sales_item (sales_id, product_id, quantity, product_code, product_name, lot, unit_price, created_at, updated_at) VALUES (9016, 1, 1, 'OR0101', '오리지널 떡볶이 밀키트 순한맛 1,2인분', 'SE01-FA01-A1-OR0101-000335', 10000, '2026-01-17 22:35:10', '2026-01-17 22:35:10');
INSERT INTO sales_item (sales_id, product_id, quantity, product_code, product_name, lot, unit_price, created_at, updated_at) VALUES (9016, 1, 1, 'OR0101', '오리지널 떡볶이 밀키트 순한맛 1,2인분', 'SE01-FA01-A1-OR0101-000336', 10000, '2026-01-17 22:35:10', '2026-01-17 22:35:10');
INSERT INTO sales_item (sales_id, product_id, quantity, product_code, product_name, lot, unit_price, created_at, updated_at) VALUES (9016, 1, 1, 'OR0101', '오리지널 떡볶이 밀키트 순한맛 1,2인분', 'SE01-FA01-A1-OR0101-000337', 10000, '2026-01-17 22:35:10', '2026-01-17 22:35:10');
INSERT INTO sales_item (sales_id, product_id, quantity, product_code, product_name, lot, unit_price, created_at, updated_at) VALUES (9016, 1, 1, 'OR0101', '오리지널 떡볶이 밀키트 순한맛 1,2인분', 'SE01-FA01-A1-OR0101-000338', 10000, '2026-01-17 22:35:10', '2026-01-17 22:35:10');
INSERT INTO sales_item (sales_id, product_id, quantity, product_code, product_name, lot, unit_price, created_at, updated_at) VALUES (9016, 1, 1, 'OR0101', '오리지널 떡볶이 밀키트 순한맛 1,2인분', 'SE01-FA01-A1-OR0101-000339', 10000, '2026-01-17 22:35:10', '2026-01-17 22:35:10');
INSERT INTO sales_item (sales_id, product_id, quantity, product_code, product_name, lot, unit_price, created_at, updated_at) VALUES (9016, 1, 1, 'OR0101', '오리지널 떡볶이 밀키트 순한맛 1,2인분', 'SE01-FA01-A1-OR0101-000340', 10000, '2026-01-17 22:35:10', '2026-01-17 22:35:10');

INSERT INTO franchise_order (franchise_order_id, franchise_id, order_code, user_id, address, requirement, order_status, total_quantity, total_amount, delivery_date, delivery_time, cancelled_reason, created_at, updated_at, version) VALUES (9017, 1, 'PO-20251219-018', 1001, '서울시 강남구 테스트로 1', '60~90일 과거 더미데이터', 'COMPLETED', 20, 440000, '2025-12-21 16:59:34', '09:00', NULL, '2025-12-19 12:59:34', '2025-12-21 16:59:34', 0);
INSERT INTO franchise_order_item (franchise_order_item_id, franchise_order_id, quantity, product_id, unit_price, total_price, created_at, updated_at) VALUES (9017, 9017, 20, 21, 22000, 440000, '2025-12-19 12:59:34', '2025-12-19 12:59:34');
INSERT INTO inventorylog (product_id, product_name, box_code, transaction_code, log_type, quantity, from_location_type, from_location_id, to_location_type, to_location_id, actor_type, actor_id, created_at, updated_at) VALUES (21, '마라 떡볶이 밀키트 순한맛 3,4인분', 'SE01-FA01-A1-MA0103-A01', 'PO-20251219-018', 'OUTBOUND', 20, 'FACTORY', 1, 'FRANCHISE', 1, 'FACTORY', 1, '2025-12-20 14:59:34', '2025-12-20 14:59:34');
INSERT INTO inventorylog (product_id, product_name, box_code, transaction_code, log_type, quantity, from_location_type, from_location_id, to_location_type, to_location_id, actor_type, actor_id, created_at, updated_at) VALUES (21, '마라 떡볶이 밀키트 순한맛 3,4인분', 'SE01-FA01-A1-MA0103-A01', 'PO-20251219-018', 'INBOUND', 20, 'FACTORY', 1, 'FRANCHISE', 1, 'FRANCHISE', 1, '2025-12-21 16:59:34', '2025-12-21 16:59:34');
INSERT INTO sales (sales_id, franchise_id, sales_code, quantity, total_amount, is_canceled, created_at, updated_at) VALUES (9017, 1, 'SL-20251222-018', 20, 440000, false, '2025-12-22 18:59:34', '2025-12-22 18:59:34');
INSERT INTO sales_item (sales_id, product_id, quantity, product_code, product_name, lot, unit_price, created_at, updated_at) VALUES (9017, 21, 1, 'MA0103', '마라 떡볶이 밀키트 순한맛 3,4인분', 'SE01-FA01-A1-MA0103-000341', 22000, '2025-12-22 18:59:34', '2025-12-22 18:59:34');
INSERT INTO sales_item (sales_id, product_id, quantity, product_code, product_name, lot, unit_price, created_at, updated_at) VALUES (9017, 21, 1, 'MA0103', '마라 떡볶이 밀키트 순한맛 3,4인분', 'SE01-FA01-A1-MA0103-000342', 22000, '2025-12-22 18:59:34', '2025-12-22 18:59:34');
INSERT INTO sales_item (sales_id, product_id, quantity, product_code, product_name, lot, unit_price, created_at, updated_at) VALUES (9017, 21, 1, 'MA0103', '마라 떡볶이 밀키트 순한맛 3,4인분', 'SE01-FA01-A1-MA0103-000343', 22000, '2025-12-22 18:59:34', '2025-12-22 18:59:34');
INSERT INTO sales_item (sales_id, product_id, quantity, product_code, product_name, lot, unit_price, created_at, updated_at) VALUES (9017, 21, 1, 'MA0103', '마라 떡볶이 밀키트 순한맛 3,4인분', 'SE01-FA01-A1-MA0103-000344', 22000, '2025-12-22 18:59:34', '2025-12-22 18:59:34');
INSERT INTO sales_item (sales_id, product_id, quantity, product_code, product_name, lot, unit_price, created_at, updated_at) VALUES (9017, 21, 1, 'MA0103', '마라 떡볶이 밀키트 순한맛 3,4인분', 'SE01-FA01-A1-MA0103-000345', 22000, '2025-12-22 18:59:34', '2025-12-22 18:59:34');
INSERT INTO sales_item (sales_id, product_id, quantity, product_code, product_name, lot, unit_price, created_at, updated_at) VALUES (9017, 21, 1, 'MA0103', '마라 떡볶이 밀키트 순한맛 3,4인분', 'SE01-FA01-A1-MA0103-000346', 22000, '2025-12-22 18:59:34', '2025-12-22 18:59:34');
INSERT INTO sales_item (sales_id, product_id, quantity, product_code, product_name, lot, unit_price, created_at, updated_at) VALUES (9017, 21, 1, 'MA0103', '마라 떡볶이 밀키트 순한맛 3,4인분', 'SE01-FA01-A1-MA0103-000347', 22000, '2025-12-22 18:59:34', '2025-12-22 18:59:34');
INSERT INTO sales_item (sales_id, product_id, quantity, product_code, product_name, lot, unit_price, created_at, updated_at) VALUES (9017, 21, 1, 'MA0103', '마라 떡볶이 밀키트 순한맛 3,4인분', 'SE01-FA01-A1-MA0103-000348', 22000, '2025-12-22 18:59:34', '2025-12-22 18:59:34');
INSERT INTO sales_item (sales_id, product_id, quantity, product_code, product_name, lot, unit_price, created_at, updated_at) VALUES (9017, 21, 1, 'MA0103', '마라 떡볶이 밀키트 순한맛 3,4인분', 'SE01-FA01-A1-MA0103-000349', 22000, '2025-12-22 18:59:34', '2025-12-22 18:59:34');
INSERT INTO sales_item (sales_id, product_id, quantity, product_code, product_name, lot, unit_price, created_at, updated_at) VALUES (9017, 21, 1, 'MA0103', '마라 떡볶이 밀키트 순한맛 3,4인분', 'SE01-FA01-A1-MA0103-000350', 22000, '2025-12-22 18:59:34', '2025-12-22 18:59:34');
INSERT INTO sales_item (sales_id, product_id, quantity, product_code, product_name, lot, unit_price, created_at, updated_at) VALUES (9017, 21, 1, 'MA0103', '마라 떡볶이 밀키트 순한맛 3,4인분', 'SE01-FA01-A1-MA0103-000351', 22000, '2025-12-22 18:59:34', '2025-12-22 18:59:34');
INSERT INTO sales_item (sales_id, product_id, quantity, product_code, product_name, lot, unit_price, created_at, updated_at) VALUES (9017, 21, 1, 'MA0103', '마라 떡볶이 밀키트 순한맛 3,4인분', 'SE01-FA01-A1-MA0103-000352', 22000, '2025-12-22 18:59:34', '2025-12-22 18:59:34');
INSERT INTO sales_item (sales_id, product_id, quantity, product_code, product_name, lot, unit_price, created_at, updated_at) VALUES (9017, 21, 1, 'MA0103', '마라 떡볶이 밀키트 순한맛 3,4인분', 'SE01-FA01-A1-MA0103-000353', 22000, '2025-12-22 18:59:34', '2025-12-22 18:59:34');
INSERT INTO sales_item (sales_id, product_id, quantity, product_code, product_name, lot, unit_price, created_at, updated_at) VALUES (9017, 21, 1, 'MA0103', '마라 떡볶이 밀키트 순한맛 3,4인분', 'SE01-FA01-A1-MA0103-000354', 22000, '2025-12-22 18:59:34', '2025-12-22 18:59:34');
INSERT INTO sales_item (sales_id, product_id, quantity, product_code, product_name, lot, unit_price, created_at, updated_at) VALUES (9017, 21, 1, 'MA0103', '마라 떡볶이 밀키트 순한맛 3,4인분', 'SE01-FA01-A1-MA0103-000355', 22000, '2025-12-22 18:59:34', '2025-12-22 18:59:34');
INSERT INTO sales_item (sales_id, product_id, quantity, product_code, product_name, lot, unit_price, created_at, updated_at) VALUES (9017, 21, 1, 'MA0103', '마라 떡볶이 밀키트 순한맛 3,4인분', 'SE01-FA01-A1-MA0103-000356', 22000, '2025-12-22 18:59:34', '2025-12-22 18:59:34');
INSERT INTO sales_item (sales_id, product_id, quantity, product_code, product_name, lot, unit_price, created_at, updated_at) VALUES (9017, 21, 1, 'MA0103', '마라 떡볶이 밀키트 순한맛 3,4인분', 'SE01-FA01-A1-MA0103-000357', 22000, '2025-12-22 18:59:34', '2025-12-22 18:59:34');
INSERT INTO sales_item (sales_id, product_id, quantity, product_code, product_name, lot, unit_price, created_at, updated_at) VALUES (9017, 21, 1, 'MA0103', '마라 떡볶이 밀키트 순한맛 3,4인분', 'SE01-FA01-A1-MA0103-000358', 22000, '2025-12-22 18:59:34', '2025-12-22 18:59:34');
INSERT INTO sales_item (sales_id, product_id, quantity, product_code, product_name, lot, unit_price, created_at, updated_at) VALUES (9017, 21, 1, 'MA0103', '마라 떡볶이 밀키트 순한맛 3,4인분', 'SE01-FA01-A1-MA0103-000359', 22000, '2025-12-22 18:59:34', '2025-12-22 18:59:34');
INSERT INTO sales_item (sales_id, product_id, quantity, product_code, product_name, lot, unit_price, created_at, updated_at) VALUES (9017, 21, 1, 'MA0103', '마라 떡볶이 밀키트 순한맛 3,4인분', 'SE01-FA01-A1-MA0103-000360', 22000, '2025-12-22 18:59:34', '2025-12-22 18:59:34');

INSERT INTO franchise_order (franchise_order_id, franchise_id, order_code, user_id, address, requirement, order_status, total_quantity, total_amount, delivery_date, delivery_time, cancelled_reason, created_at, updated_at, version) VALUES (9018, 1, 'PO-20251227-019', 1001, '서울시 강남구 테스트로 1', '60~90일 과거 더미데이터', 'COMPLETED', 20, 360000, '2025-12-29 17:25:42', '09:00', NULL, '2025-12-27 13:25:42', '2025-12-29 17:25:42', 0);
INSERT INTO franchise_order_item (franchise_order_item_id, franchise_order_id, quantity, product_id, unit_price, total_price, created_at, updated_at) VALUES (9018, 9018, 20, 5, 18000, 360000, '2025-12-27 13:25:42', '2025-12-27 13:25:42');
INSERT INTO inventorylog (product_id, product_name, box_code, transaction_code, log_type, quantity, from_location_type, from_location_id, to_location_type, to_location_id, actor_type, actor_id, created_at, updated_at) VALUES (5, '오리지널 떡볶이 밀키트 순한맛 3,4인분', 'SE01-FA01-A1-OR0103-A01', 'PO-20251227-019', 'OUTBOUND', 20, 'FACTORY', 1, 'FRANCHISE', 1, 'FACTORY', 1, '2025-12-28 15:25:42', '2025-12-28 15:25:42');
INSERT INTO inventorylog (product_id, product_name, box_code, transaction_code, log_type, quantity, from_location_type, from_location_id, to_location_type, to_location_id, actor_type, actor_id, created_at, updated_at) VALUES (5, '오리지널 떡볶이 밀키트 순한맛 3,4인분', 'SE01-FA01-A1-OR0103-A01', 'PO-20251227-019', 'INBOUND', 20, 'FACTORY', 1, 'FRANCHISE', 1, 'FRANCHISE', 1, '2025-12-29 17:25:42', '2025-12-29 17:25:42');
INSERT INTO sales (sales_id, franchise_id, sales_code, quantity, total_amount, is_canceled, created_at, updated_at) VALUES (9018, 1, 'SL-20251230-019', 20, 360000, false, '2025-12-30 19:25:42', '2025-12-30 19:25:42');
INSERT INTO sales_item (sales_id, product_id, quantity, product_code, product_name, lot, unit_price, created_at, updated_at) VALUES (9018, 5, 1, 'OR0103', '오리지널 떡볶이 밀키트 순한맛 3,4인분', 'SE01-FA01-A1-OR0103-000361', 18000, '2025-12-30 19:25:42', '2025-12-30 19:25:42');
INSERT INTO sales_item (sales_id, product_id, quantity, product_code, product_name, lot, unit_price, created_at, updated_at) VALUES (9018, 5, 1, 'OR0103', '오리지널 떡볶이 밀키트 순한맛 3,4인분', 'SE01-FA01-A1-OR0103-000362', 18000, '2025-12-30 19:25:42', '2025-12-30 19:25:42');
INSERT INTO sales_item (sales_id, product_id, quantity, product_code, product_name, lot, unit_price, created_at, updated_at) VALUES (9018, 5, 1, 'OR0103', '오리지널 떡볶이 밀키트 순한맛 3,4인분', 'SE01-FA01-A1-OR0103-000363', 18000, '2025-12-30 19:25:42', '2025-12-30 19:25:42');
INSERT INTO sales_item (sales_id, product_id, quantity, product_code, product_name, lot, unit_price, created_at, updated_at) VALUES (9018, 5, 1, 'OR0103', '오리지널 떡볶이 밀키트 순한맛 3,4인분', 'SE01-FA01-A1-OR0103-000364', 18000, '2025-12-30 19:25:42', '2025-12-30 19:25:42');
INSERT INTO sales_item (sales_id, product_id, quantity, product_code, product_name, lot, unit_price, created_at, updated_at) VALUES (9018, 5, 1, 'OR0103', '오리지널 떡볶이 밀키트 순한맛 3,4인분', 'SE01-FA01-A1-OR0103-000365', 18000, '2025-12-30 19:25:42', '2025-12-30 19:25:42');
INSERT INTO sales_item (sales_id, product_id, quantity, product_code, product_name, lot, unit_price, created_at, updated_at) VALUES (9018, 5, 1, 'OR0103', '오리지널 떡볶이 밀키트 순한맛 3,4인분', 'SE01-FA01-A1-OR0103-000366', 18000, '2025-12-30 19:25:42', '2025-12-30 19:25:42');
INSERT INTO sales_item (sales_id, product_id, quantity, product_code, product_name, lot, unit_price, created_at, updated_at) VALUES (9018, 5, 1, 'OR0103', '오리지널 떡볶이 밀키트 순한맛 3,4인분', 'SE01-FA01-A1-OR0103-000367', 18000, '2025-12-30 19:25:42', '2025-12-30 19:25:42');
INSERT INTO sales_item (sales_id, product_id, quantity, product_code, product_name, lot, unit_price, created_at, updated_at) VALUES (9018, 5, 1, 'OR0103', '오리지널 떡볶이 밀키트 순한맛 3,4인분', 'SE01-FA01-A1-OR0103-000368', 18000, '2025-12-30 19:25:42', '2025-12-30 19:25:42');
INSERT INTO sales_item (sales_id, product_id, quantity, product_code, product_name, lot, unit_price, created_at, updated_at) VALUES (9018, 5, 1, 'OR0103', '오리지널 떡볶이 밀키트 순한맛 3,4인분', 'SE01-FA01-A1-OR0103-000369', 18000, '2025-12-30 19:25:42', '2025-12-30 19:25:42');
INSERT INTO sales_item (sales_id, product_id, quantity, product_code, product_name, lot, unit_price, created_at, updated_at) VALUES (9018, 5, 1, 'OR0103', '오리지널 떡볶이 밀키트 순한맛 3,4인분', 'SE01-FA01-A1-OR0103-000370', 18000, '2025-12-30 19:25:42', '2025-12-30 19:25:42');
INSERT INTO sales_item (sales_id, product_id, quantity, product_code, product_name, lot, unit_price, created_at, updated_at) VALUES (9018, 5, 1, 'OR0103', '오리지널 떡볶이 밀키트 순한맛 3,4인분', 'SE01-FA01-A1-OR0103-000371', 18000, '2025-12-30 19:25:42', '2025-12-30 19:25:42');
INSERT INTO sales_item (sales_id, product_id, quantity, product_code, product_name, lot, unit_price, created_at, updated_at) VALUES (9018, 5, 1, 'OR0103', '오리지널 떡볶이 밀키트 순한맛 3,4인분', 'SE01-FA01-A1-OR0103-000372', 18000, '2025-12-30 19:25:42', '2025-12-30 19:25:42');
INSERT INTO sales_item (sales_id, product_id, quantity, product_code, product_name, lot, unit_price, created_at, updated_at) VALUES (9018, 5, 1, 'OR0103', '오리지널 떡볶이 밀키트 순한맛 3,4인분', 'SE01-FA01-A1-OR0103-000373', 18000, '2025-12-30 19:25:42', '2025-12-30 19:25:42');
INSERT INTO sales_item (sales_id, product_id, quantity, product_code, product_name, lot, unit_price, created_at, updated_at) VALUES (9018, 5, 1, 'OR0103', '오리지널 떡볶이 밀키트 순한맛 3,4인분', 'SE01-FA01-A1-OR0103-000374', 18000, '2025-12-30 19:25:42', '2025-12-30 19:25:42');
INSERT INTO sales_item (sales_id, product_id, quantity, product_code, product_name, lot, unit_price, created_at, updated_at) VALUES (9018, 5, 1, 'OR0103', '오리지널 떡볶이 밀키트 순한맛 3,4인분', 'SE01-FA01-A1-OR0103-000375', 18000, '2025-12-30 19:25:42', '2025-12-30 19:25:42');
INSERT INTO sales_item (sales_id, product_id, quantity, product_code, product_name, lot, unit_price, created_at, updated_at) VALUES (9018, 5, 1, 'OR0103', '오리지널 떡볶이 밀키트 순한맛 3,4인분', 'SE01-FA01-A1-OR0103-000376', 18000, '2025-12-30 19:25:42', '2025-12-30 19:25:42');
INSERT INTO sales_item (sales_id, product_id, quantity, product_code, product_name, lot, unit_price, created_at, updated_at) VALUES (9018, 5, 1, 'OR0103', '오리지널 떡볶이 밀키트 순한맛 3,4인분', 'SE01-FA01-A1-OR0103-000377', 18000, '2025-12-30 19:25:42', '2025-12-30 19:25:42');
INSERT INTO sales_item (sales_id, product_id, quantity, product_code, product_name, lot, unit_price, created_at, updated_at) VALUES (9018, 5, 1, 'OR0103', '오리지널 떡볶이 밀키트 순한맛 3,4인분', 'SE01-FA01-A1-OR0103-000378', 18000, '2025-12-30 19:25:42', '2025-12-30 19:25:42');
INSERT INTO sales_item (sales_id, product_id, quantity, product_code, product_name, lot, unit_price, created_at, updated_at) VALUES (9018, 5, 1, 'OR0103', '오리지널 떡볶이 밀키트 순한맛 3,4인분', 'SE01-FA01-A1-OR0103-000379', 18000, '2025-12-30 19:25:42', '2025-12-30 19:25:42');
INSERT INTO sales_item (sales_id, product_id, quantity, product_code, product_name, lot, unit_price, created_at, updated_at) VALUES (9018, 5, 1, 'OR0103', '오리지널 떡볶이 밀키트 순한맛 3,4인분', 'SE01-FA01-A1-OR0103-000380', 18000, '2025-12-30 19:25:42', '2025-12-30 19:25:42');

INSERT INTO franchise_order (franchise_order_id, franchise_id, order_code, user_id, address, requirement, order_status, total_quantity, total_amount, delivery_date, delivery_time, cancelled_reason, created_at, updated_at, version) VALUES (9019, 1, 'PO-20260104-020', 1001, '서울시 강남구 테스트로 1', '60~90일 과거 더미데이터', 'COMPLETED', 20, 440000, '2026-01-06 21:28:07', '09:00', NULL, '2026-01-04 17:28:07', '2026-01-06 21:28:07', 0);
INSERT INTO franchise_order_item (franchise_order_item_id, franchise_order_id, quantity, product_id, unit_price, total_price, created_at, updated_at) VALUES (9019, 9019, 20, 14, 22000, 440000, '2026-01-04 17:28:07', '2026-01-04 17:28:07');
INSERT INTO inventorylog (product_id, product_name, box_code, transaction_code, log_type, quantity, from_location_type, from_location_id, to_location_type, to_location_id, actor_type, actor_id, created_at, updated_at) VALUES (14, '로제 떡볶이 밀키트 기본맛 3,4인분', 'SE01-FA01-A1-RO0203-A01', 'PO-20260104-020', 'OUTBOUND', 20, 'FACTORY', 1, 'FRANCHISE', 1, 'FACTORY', 1, '2026-01-05 19:28:07', '2026-01-05 19:28:07');
INSERT INTO inventorylog (product_id, product_name, box_code, transaction_code, log_type, quantity, from_location_type, from_location_id, to_location_type, to_location_id, actor_type, actor_id, created_at, updated_at) VALUES (14, '로제 떡볶이 밀키트 기본맛 3,4인분', 'SE01-FA01-A1-RO0203-A01', 'PO-20260104-020', 'INBOUND', 20, 'FACTORY', 1, 'FRANCHISE', 1, 'FRANCHISE', 1, '2026-01-06 21:28:07', '2026-01-06 21:28:07');
INSERT INTO sales (sales_id, franchise_id, sales_code, quantity, total_amount, is_canceled, created_at, updated_at) VALUES (9019, 1, 'SL-20260107-020', 20, 440000, false, '2026-01-07 23:28:07', '2026-01-07 23:28:07');
INSERT INTO sales_item (sales_id, product_id, quantity, product_code, product_name, lot, unit_price, created_at, updated_at) VALUES (9019, 14, 1, 'RO0203', '로제 떡볶이 밀키트 기본맛 3,4인분', 'SE01-FA01-A1-RO0203-000381', 22000, '2026-01-07 23:28:07', '2026-01-07 23:28:07');
INSERT INTO sales_item (sales_id, product_id, quantity, product_code, product_name, lot, unit_price, created_at, updated_at) VALUES (9019, 14, 1, 'RO0203', '로제 떡볶이 밀키트 기본맛 3,4인분', 'SE01-FA01-A1-RO0203-000382', 22000, '2026-01-07 23:28:07', '2026-01-07 23:28:07');
INSERT INTO sales_item (sales_id, product_id, quantity, product_code, product_name, lot, unit_price, created_at, updated_at) VALUES (9019, 14, 1, 'RO0203', '로제 떡볶이 밀키트 기본맛 3,4인분', 'SE01-FA01-A1-RO0203-000383', 22000, '2026-01-07 23:28:07', '2026-01-07 23:28:07');
INSERT INTO sales_item (sales_id, product_id, quantity, product_code, product_name, lot, unit_price, created_at, updated_at) VALUES (9019, 14, 1, 'RO0203', '로제 떡볶이 밀키트 기본맛 3,4인분', 'SE01-FA01-A1-RO0203-000384', 22000, '2026-01-07 23:28:07', '2026-01-07 23:28:07');
INSERT INTO sales_item (sales_id, product_id, quantity, product_code, product_name, lot, unit_price, created_at, updated_at) VALUES (9019, 14, 1, 'RO0203', '로제 떡볶이 밀키트 기본맛 3,4인분', 'SE01-FA01-A1-RO0203-000385', 22000, '2026-01-07 23:28:07', '2026-01-07 23:28:07');
INSERT INTO sales_item (sales_id, product_id, quantity, product_code, product_name, lot, unit_price, created_at, updated_at) VALUES (9019, 14, 1, 'RO0203', '로제 떡볶이 밀키트 기본맛 3,4인분', 'SE01-FA01-A1-RO0203-000386', 22000, '2026-01-07 23:28:07', '2026-01-07 23:28:07');
INSERT INTO sales_item (sales_id, product_id, quantity, product_code, product_name, lot, unit_price, created_at, updated_at) VALUES (9019, 14, 1, 'RO0203', '로제 떡볶이 밀키트 기본맛 3,4인분', 'SE01-FA01-A1-RO0203-000387', 22000, '2026-01-07 23:28:07', '2026-01-07 23:28:07');
INSERT INTO sales_item (sales_id, product_id, quantity, product_code, product_name, lot, unit_price, created_at, updated_at) VALUES (9019, 14, 1, 'RO0203', '로제 떡볶이 밀키트 기본맛 3,4인분', 'SE01-FA01-A1-RO0203-000388', 22000, '2026-01-07 23:28:07', '2026-01-07 23:28:07');
INSERT INTO sales_item (sales_id, product_id, quantity, product_code, product_name, lot, unit_price, created_at, updated_at) VALUES (9019, 14, 1, 'RO0203', '로제 떡볶이 밀키트 기본맛 3,4인분', 'SE01-FA01-A1-RO0203-000389', 22000, '2026-01-07 23:28:07', '2026-01-07 23:28:07');
INSERT INTO sales_item (sales_id, product_id, quantity, product_code, product_name, lot, unit_price, created_at, updated_at) VALUES (9019, 14, 1, 'RO0203', '로제 떡볶이 밀키트 기본맛 3,4인분', 'SE01-FA01-A1-RO0203-000390', 22000, '2026-01-07 23:28:07', '2026-01-07 23:28:07');
INSERT INTO sales_item (sales_id, product_id, quantity, product_code, product_name, lot, unit_price, created_at, updated_at) VALUES (9019, 14, 1, 'RO0203', '로제 떡볶이 밀키트 기본맛 3,4인분', 'SE01-FA01-A1-RO0203-000391', 22000, '2026-01-07 23:28:07', '2026-01-07 23:28:07');
INSERT INTO sales_item (sales_id, product_id, quantity, product_code, product_name, lot, unit_price, created_at, updated_at) VALUES (9019, 14, 1, 'RO0203', '로제 떡볶이 밀키트 기본맛 3,4인분', 'SE01-FA01-A1-RO0203-000392', 22000, '2026-01-07 23:28:07', '2026-01-07 23:28:07');
INSERT INTO sales_item (sales_id, product_id, quantity, product_code, product_name, lot, unit_price, created_at, updated_at) VALUES (9019, 14, 1, 'RO0203', '로제 떡볶이 밀키트 기본맛 3,4인분', 'SE01-FA01-A1-RO0203-000393', 22000, '2026-01-07 23:28:07', '2026-01-07 23:28:07');
INSERT INTO sales_item (sales_id, product_id, quantity, product_code, product_name, lot, unit_price, created_at, updated_at) VALUES (9019, 14, 1, 'RO0203', '로제 떡볶이 밀키트 기본맛 3,4인분', 'SE01-FA01-A1-RO0203-000394', 22000, '2026-01-07 23:28:07', '2026-01-07 23:28:07');
INSERT INTO sales_item (sales_id, product_id, quantity, product_code, product_name, lot, unit_price, created_at, updated_at) VALUES (9019, 14, 1, 'RO0203', '로제 떡볶이 밀키트 기본맛 3,4인분', 'SE01-FA01-A1-RO0203-000395', 22000, '2026-01-07 23:28:07', '2026-01-07 23:28:07');
INSERT INTO sales_item (sales_id, product_id, quantity, product_code, product_name, lot, unit_price, created_at, updated_at) VALUES (9019, 14, 1, 'RO0203', '로제 떡볶이 밀키트 기본맛 3,4인분', 'SE01-FA01-A1-RO0203-000396', 22000, '2026-01-07 23:28:07', '2026-01-07 23:28:07');
INSERT INTO sales_item (sales_id, product_id, quantity, product_code, product_name, lot, unit_price, created_at, updated_at) VALUES (9019, 14, 1, 'RO0203', '로제 떡볶이 밀키트 기본맛 3,4인분', 'SE01-FA01-A1-RO0203-000397', 22000, '2026-01-07 23:28:07', '2026-01-07 23:28:07');
INSERT INTO sales_item (sales_id, product_id, quantity, product_code, product_name, lot, unit_price, created_at, updated_at) VALUES (9019, 14, 1, 'RO0203', '로제 떡볶이 밀키트 기본맛 3,4인분', 'SE01-FA01-A1-RO0203-000398', 22000, '2026-01-07 23:28:07', '2026-01-07 23:28:07');
INSERT INTO sales_item (sales_id, product_id, quantity, product_code, product_name, lot, unit_price, created_at, updated_at) VALUES (9019, 14, 1, 'RO0203', '로제 떡볶이 밀키트 기본맛 3,4인분', 'SE01-FA01-A1-RO0203-000399', 22000, '2026-01-07 23:28:07', '2026-01-07 23:28:07');
INSERT INTO sales_item (sales_id, product_id, quantity, product_code, product_name, lot, unit_price, created_at, updated_at) VALUES (9019, 14, 1, 'RO0203', '로제 떡볶이 밀키트 기본맛 3,4인분', 'SE01-FA01-A1-RO0203-000400', 22000, '2026-01-07 23:28:07', '2026-01-07 23:28:07');

INSERT INTO franchise_order (franchise_order_id, franchise_id, order_code, user_id, address, requirement, order_status, total_quantity, total_amount, delivery_date, delivery_time, cancelled_reason, created_at, updated_at, version) VALUES (9020, 1, 'PO-20260116-021', 1001, '서울시 강남구 테스트로 1', '60~90일 과거 더미데이터', 'COMPLETED', 20, 360000, '2026-01-18 18:01:37', '09:00', NULL, '2026-01-16 14:01:37', '2026-01-18 18:01:37', 0);
INSERT INTO franchise_order_item (franchise_order_item_id, franchise_order_id, quantity, product_id, unit_price, total_price, created_at, updated_at) VALUES (9020, 9020, 20, 7, 18000, 360000, '2026-01-16 14:01:37', '2026-01-16 14:01:37');
INSERT INTO inventorylog (product_id, product_name, box_code, transaction_code, log_type, quantity, from_location_type, from_location_id, to_location_type, to_location_id, actor_type, actor_id, created_at, updated_at) VALUES (7, '오리지널 떡볶이 밀키트 매운맛 3,4인분', 'SE01-FA01-A1-OR0303-A02', 'PO-20260116-021', 'OUTBOUND', 20, 'FACTORY', 1, 'FRANCHISE', 1, 'FACTORY', 1, '2026-01-17 16:01:37', '2026-01-17 16:01:37');
INSERT INTO inventorylog (product_id, product_name, box_code, transaction_code, log_type, quantity, from_location_type, from_location_id, to_location_type, to_location_id, actor_type, actor_id, created_at, updated_at) VALUES (7, '오리지널 떡볶이 밀키트 매운맛 3,4인분', 'SE01-FA01-A1-OR0303-A02', 'PO-20260116-021', 'INBOUND', 20, 'FACTORY', 1, 'FRANCHISE', 1, 'FRANCHISE', 1, '2026-01-18 18:01:37', '2026-01-18 18:01:37');
INSERT INTO sales (sales_id, franchise_id, sales_code, quantity, total_amount, is_canceled, created_at, updated_at) VALUES (9020, 1, 'SL-20260119-021', 20, 360000, false, '2026-01-19 20:01:37', '2026-01-19 20:01:37');
INSERT INTO sales_item (sales_id, product_id, quantity, product_code, product_name, lot, unit_price, created_at, updated_at) VALUES (9020, 7, 1, 'OR0303', '오리지널 떡볶이 밀키트 매운맛 3,4인분', 'SE01-FA01-A1-OR0303-000401', 18000, '2026-01-19 20:01:37', '2026-01-19 20:01:37');
INSERT INTO sales_item (sales_id, product_id, quantity, product_code, product_name, lot, unit_price, created_at, updated_at) VALUES (9020, 7, 1, 'OR0303', '오리지널 떡볶이 밀키트 매운맛 3,4인분', 'SE01-FA01-A1-OR0303-000402', 18000, '2026-01-19 20:01:37', '2026-01-19 20:01:37');
INSERT INTO sales_item (sales_id, product_id, quantity, product_code, product_name, lot, unit_price, created_at, updated_at) VALUES (9020, 7, 1, 'OR0303', '오리지널 떡볶이 밀키트 매운맛 3,4인분', 'SE01-FA01-A1-OR0303-000403', 18000, '2026-01-19 20:01:37', '2026-01-19 20:01:37');
INSERT INTO sales_item (sales_id, product_id, quantity, product_code, product_name, lot, unit_price, created_at, updated_at) VALUES (9020, 7, 1, 'OR0303', '오리지널 떡볶이 밀키트 매운맛 3,4인분', 'SE01-FA01-A1-OR0303-000404', 18000, '2026-01-19 20:01:37', '2026-01-19 20:01:37');
INSERT INTO sales_item (sales_id, product_id, quantity, product_code, product_name, lot, unit_price, created_at, updated_at) VALUES (9020, 7, 1, 'OR0303', '오리지널 떡볶이 밀키트 매운맛 3,4인분', 'SE01-FA01-A1-OR0303-000405', 18000, '2026-01-19 20:01:37', '2026-01-19 20:01:37');
INSERT INTO sales_item (sales_id, product_id, quantity, product_code, product_name, lot, unit_price, created_at, updated_at) VALUES (9020, 7, 1, 'OR0303', '오리지널 떡볶이 밀키트 매운맛 3,4인분', 'SE01-FA01-A1-OR0303-000406', 18000, '2026-01-19 20:01:37', '2026-01-19 20:01:37');
INSERT INTO sales_item (sales_id, product_id, quantity, product_code, product_name, lot, unit_price, created_at, updated_at) VALUES (9020, 7, 1, 'OR0303', '오리지널 떡볶이 밀키트 매운맛 3,4인분', 'SE01-FA01-A1-OR0303-000407', 18000, '2026-01-19 20:01:37', '2026-01-19 20:01:37');
INSERT INTO sales_item (sales_id, product_id, quantity, product_code, product_name, lot, unit_price, created_at, updated_at) VALUES (9020, 7, 1, 'OR0303', '오리지널 떡볶이 밀키트 매운맛 3,4인분', 'SE01-FA01-A1-OR0303-000408', 18000, '2026-01-19 20:01:37', '2026-01-19 20:01:37');
INSERT INTO sales_item (sales_id, product_id, quantity, product_code, product_name, lot, unit_price, created_at, updated_at) VALUES (9020, 7, 1, 'OR0303', '오리지널 떡볶이 밀키트 매운맛 3,4인분', 'SE01-FA01-A1-OR0303-000409', 18000, '2026-01-19 20:01:37', '2026-01-19 20:01:37');
INSERT INTO sales_item (sales_id, product_id, quantity, product_code, product_name, lot, unit_price, created_at, updated_at) VALUES (9020, 7, 1, 'OR0303', '오리지널 떡볶이 밀키트 매운맛 3,4인분', 'SE01-FA01-A1-OR0303-000410', 18000, '2026-01-19 20:01:37', '2026-01-19 20:01:37');
INSERT INTO sales_item (sales_id, product_id, quantity, product_code, product_name, lot, unit_price, created_at, updated_at) VALUES (9020, 7, 1, 'OR0303', '오리지널 떡볶이 밀키트 매운맛 3,4인분', 'SE01-FA01-A1-OR0303-000411', 18000, '2026-01-19 20:01:37', '2026-01-19 20:01:37');
INSERT INTO sales_item (sales_id, product_id, quantity, product_code, product_name, lot, unit_price, created_at, updated_at) VALUES (9020, 7, 1, 'OR0303', '오리지널 떡볶이 밀키트 매운맛 3,4인분', 'SE01-FA01-A1-OR0303-000412', 18000, '2026-01-19 20:01:37', '2026-01-19 20:01:37');
INSERT INTO sales_item (sales_id, product_id, quantity, product_code, product_name, lot, unit_price, created_at, updated_at) VALUES (9020, 7, 1, 'OR0303', '오리지널 떡볶이 밀키트 매운맛 3,4인분', 'SE01-FA01-A1-OR0303-000413', 18000, '2026-01-19 20:01:37', '2026-01-19 20:01:37');
INSERT INTO sales_item (sales_id, product_id, quantity, product_code, product_name, lot, unit_price, created_at, updated_at) VALUES (9020, 7, 1, 'OR0303', '오리지널 떡볶이 밀키트 매운맛 3,4인분', 'SE01-FA01-A1-OR0303-000414', 18000, '2026-01-19 20:01:37', '2026-01-19 20:01:37');
INSERT INTO sales_item (sales_id, product_id, quantity, product_code, product_name, lot, unit_price, created_at, updated_at) VALUES (9020, 7, 1, 'OR0303', '오리지널 떡볶이 밀키트 매운맛 3,4인분', 'SE01-FA01-A1-OR0303-000415', 18000, '2026-01-19 20:01:37', '2026-01-19 20:01:37');
INSERT INTO sales_item (sales_id, product_id, quantity, product_code, product_name, lot, unit_price, created_at, updated_at) VALUES (9020, 7, 1, 'OR0303', '오리지널 떡볶이 밀키트 매운맛 3,4인분', 'SE01-FA01-A1-OR0303-000416', 18000, '2026-01-19 20:01:37', '2026-01-19 20:01:37');
INSERT INTO sales_item (sales_id, product_id, quantity, product_code, product_name, lot, unit_price, created_at, updated_at) VALUES (9020, 7, 1, 'OR0303', '오리지널 떡볶이 밀키트 매운맛 3,4인분', 'SE01-FA01-A1-OR0303-000417', 18000, '2026-01-19 20:01:37', '2026-01-19 20:01:37');
INSERT INTO sales_item (sales_id, product_id, quantity, product_code, product_name, lot, unit_price, created_at, updated_at) VALUES (9020, 7, 1, 'OR0303', '오리지널 떡볶이 밀키트 매운맛 3,4인분', 'SE01-FA01-A1-OR0303-000418', 18000, '2026-01-19 20:01:37', '2026-01-19 20:01:37');
INSERT INTO sales_item (sales_id, product_id, quantity, product_code, product_name, lot, unit_price, created_at, updated_at) VALUES (9020, 7, 1, 'OR0303', '오리지널 떡볶이 밀키트 매운맛 3,4인분', 'SE01-FA01-A1-OR0303-000419', 18000, '2026-01-19 20:01:37', '2026-01-19 20:01:37');
INSERT INTO sales_item (sales_id, product_id, quantity, product_code, product_name, lot, unit_price, created_at, updated_at) VALUES (9020, 7, 1, 'OR0303', '오리지널 떡볶이 밀키트 매운맛 3,4인분', 'SE01-FA01-A1-OR0303-000420', 18000, '2026-01-19 20:01:37', '2026-01-19 20:01:37');

INSERT INTO franchise_order (franchise_order_id, franchise_id, order_code, user_id, address, requirement, order_status, total_quantity, total_amount, delivery_date, delivery_time, cancelled_reason, created_at, updated_at, version) VALUES (9021, 1, 'PO-20251231-022', 1001, '서울시 강남구 테스트로 1', '60~90일 과거 더미데이터', 'COMPLETED', 20, 440000, '2026-01-02 16:00:04', '09:00', NULL, '2025-12-31 12:00:04', '2026-01-02 16:00:04', 0);
INSERT INTO franchise_order_item (franchise_order_item_id, franchise_order_id, quantity, product_id, unit_price, total_price, created_at, updated_at) VALUES (9021, 9021, 20, 22, 22000, 440000, '2025-12-31 12:00:04', '2025-12-31 12:00:04');
INSERT INTO inventorylog (product_id, product_name, box_code, transaction_code, log_type, quantity, from_location_type, from_location_id, to_location_type, to_location_id, actor_type, actor_id, created_at, updated_at) VALUES (22, '마라 떡볶이 밀키트 기본맛 3,4인분', 'SE01-FA01-A1-MA0203-A02', 'PO-20251231-022', 'OUTBOUND', 20, 'FACTORY', 1, 'FRANCHISE', 1, 'FACTORY', 1, '2026-01-01 14:00:04', '2026-01-01 14:00:04');
INSERT INTO inventorylog (product_id, product_name, box_code, transaction_code, log_type, quantity, from_location_type, from_location_id, to_location_type, to_location_id, actor_type, actor_id, created_at, updated_at) VALUES (22, '마라 떡볶이 밀키트 기본맛 3,4인분', 'SE01-FA01-A1-MA0203-A02', 'PO-20251231-022', 'INBOUND', 20, 'FACTORY', 1, 'FRANCHISE', 1, 'FRANCHISE', 1, '2026-01-02 16:00:04', '2026-01-02 16:00:04');
INSERT INTO sales (sales_id, franchise_id, sales_code, quantity, total_amount, is_canceled, created_at, updated_at) VALUES (9021, 1, 'SL-20260103-022', 20, 440000, false, '2026-01-03 18:00:04', '2026-01-03 18:00:04');
INSERT INTO sales_item (sales_id, product_id, quantity, product_code, product_name, lot, unit_price, created_at, updated_at) VALUES (9021, 22, 1, 'MA0203', '마라 떡볶이 밀키트 기본맛 3,4인분', 'SE01-FA01-A1-MA0203-000421', 22000, '2026-01-03 18:00:04', '2026-01-03 18:00:04');
INSERT INTO sales_item (sales_id, product_id, quantity, product_code, product_name, lot, unit_price, created_at, updated_at) VALUES (9021, 22, 1, 'MA0203', '마라 떡볶이 밀키트 기본맛 3,4인분', 'SE01-FA01-A1-MA0203-000422', 22000, '2026-01-03 18:00:04', '2026-01-03 18:00:04');
INSERT INTO sales_item (sales_id, product_id, quantity, product_code, product_name, lot, unit_price, created_at, updated_at) VALUES (9021, 22, 1, 'MA0203', '마라 떡볶이 밀키트 기본맛 3,4인분', 'SE01-FA01-A1-MA0203-000423', 22000, '2026-01-03 18:00:04', '2026-01-03 18:00:04');
INSERT INTO sales_item (sales_id, product_id, quantity, product_code, product_name, lot, unit_price, created_at, updated_at) VALUES (9021, 22, 1, 'MA0203', '마라 떡볶이 밀키트 기본맛 3,4인분', 'SE01-FA01-A1-MA0203-000424', 22000, '2026-01-03 18:00:04', '2026-01-03 18:00:04');
INSERT INTO sales_item (sales_id, product_id, quantity, product_code, product_name, lot, unit_price, created_at, updated_at) VALUES (9021, 22, 1, 'MA0203', '마라 떡볶이 밀키트 기본맛 3,4인분', 'SE01-FA01-A1-MA0203-000425', 22000, '2026-01-03 18:00:04', '2026-01-03 18:00:04');
INSERT INTO sales_item (sales_id, product_id, quantity, product_code, product_name, lot, unit_price, created_at, updated_at) VALUES (9021, 22, 1, 'MA0203', '마라 떡볶이 밀키트 기본맛 3,4인분', 'SE01-FA01-A1-MA0203-000426', 22000, '2026-01-03 18:00:04', '2026-01-03 18:00:04');
INSERT INTO sales_item (sales_id, product_id, quantity, product_code, product_name, lot, unit_price, created_at, updated_at) VALUES (9021, 22, 1, 'MA0203', '마라 떡볶이 밀키트 기본맛 3,4인분', 'SE01-FA01-A1-MA0203-000427', 22000, '2026-01-03 18:00:04', '2026-01-03 18:00:04');
INSERT INTO sales_item (sales_id, product_id, quantity, product_code, product_name, lot, unit_price, created_at, updated_at) VALUES (9021, 22, 1, 'MA0203', '마라 떡볶이 밀키트 기본맛 3,4인분', 'SE01-FA01-A1-MA0203-000428', 22000, '2026-01-03 18:00:04', '2026-01-03 18:00:04');
INSERT INTO sales_item (sales_id, product_id, quantity, product_code, product_name, lot, unit_price, created_at, updated_at) VALUES (9021, 22, 1, 'MA0203', '마라 떡볶이 밀키트 기본맛 3,4인분', 'SE01-FA01-A1-MA0203-000429', 22000, '2026-01-03 18:00:04', '2026-01-03 18:00:04');
INSERT INTO sales_item (sales_id, product_id, quantity, product_code, product_name, lot, unit_price, created_at, updated_at) VALUES (9021, 22, 1, 'MA0203', '마라 떡볶이 밀키트 기본맛 3,4인분', 'SE01-FA01-A1-MA0203-000430', 22000, '2026-01-03 18:00:04', '2026-01-03 18:00:04');
INSERT INTO sales_item (sales_id, product_id, quantity, product_code, product_name, lot, unit_price, created_at, updated_at) VALUES (9021, 22, 1, 'MA0203', '마라 떡볶이 밀키트 기본맛 3,4인분', 'SE01-FA01-A1-MA0203-000431', 22000, '2026-01-03 18:00:04', '2026-01-03 18:00:04');
INSERT INTO sales_item (sales_id, product_id, quantity, product_code, product_name, lot, unit_price, created_at, updated_at) VALUES (9021, 22, 1, 'MA0203', '마라 떡볶이 밀키트 기본맛 3,4인분', 'SE01-FA01-A1-MA0203-000432', 22000, '2026-01-03 18:00:04', '2026-01-03 18:00:04');
INSERT INTO sales_item (sales_id, product_id, quantity, product_code, product_name, lot, unit_price, created_at, updated_at) VALUES (9021, 22, 1, 'MA0203', '마라 떡볶이 밀키트 기본맛 3,4인분', 'SE01-FA01-A1-MA0203-000433', 22000, '2026-01-03 18:00:04', '2026-01-03 18:00:04');
INSERT INTO sales_item (sales_id, product_id, quantity, product_code, product_name, lot, unit_price, created_at, updated_at) VALUES (9021, 22, 1, 'MA0203', '마라 떡볶이 밀키트 기본맛 3,4인분', 'SE01-FA01-A1-MA0203-000434', 22000, '2026-01-03 18:00:04', '2026-01-03 18:00:04');
INSERT INTO sales_item (sales_id, product_id, quantity, product_code, product_name, lot, unit_price, created_at, updated_at) VALUES (9021, 22, 1, 'MA0203', '마라 떡볶이 밀키트 기본맛 3,4인분', 'SE01-FA01-A1-MA0203-000435', 22000, '2026-01-03 18:00:04', '2026-01-03 18:00:04');
INSERT INTO sales_item (sales_id, product_id, quantity, product_code, product_name, lot, unit_price, created_at, updated_at) VALUES (9021, 22, 1, 'MA0203', '마라 떡볶이 밀키트 기본맛 3,4인분', 'SE01-FA01-A1-MA0203-000436', 22000, '2026-01-03 18:00:04', '2026-01-03 18:00:04');
INSERT INTO sales_item (sales_id, product_id, quantity, product_code, product_name, lot, unit_price, created_at, updated_at) VALUES (9021, 22, 1, 'MA0203', '마라 떡볶이 밀키트 기본맛 3,4인분', 'SE01-FA01-A1-MA0203-000437', 22000, '2026-01-03 18:00:04', '2026-01-03 18:00:04');
INSERT INTO sales_item (sales_id, product_id, quantity, product_code, product_name, lot, unit_price, created_at, updated_at) VALUES (9021, 22, 1, 'MA0203', '마라 떡볶이 밀키트 기본맛 3,4인분', 'SE01-FA01-A1-MA0203-000438', 22000, '2026-01-03 18:00:04', '2026-01-03 18:00:04');
INSERT INTO sales_item (sales_id, product_id, quantity, product_code, product_name, lot, unit_price, created_at, updated_at) VALUES (9021, 22, 1, 'MA0203', '마라 떡볶이 밀키트 기본맛 3,4인분', 'SE01-FA01-A1-MA0203-000439', 22000, '2026-01-03 18:00:04', '2026-01-03 18:00:04');
INSERT INTO sales_item (sales_id, product_id, quantity, product_code, product_name, lot, unit_price, created_at, updated_at) VALUES (9021, 22, 1, 'MA0203', '마라 떡볶이 밀키트 기본맛 3,4인분', 'SE01-FA01-A1-MA0203-000440', 22000, '2026-01-03 18:00:04', '2026-01-03 18:00:04');

INSERT INTO franchise_order (franchise_order_id, franchise_id, order_code, user_id, address, requirement, order_status, total_quantity, total_amount, delivery_date, delivery_time, cancelled_reason, created_at, updated_at, version) VALUES (9022, 1, 'PO-20260111-023', 1001, '서울시 강남구 테스트로 1', '60~90일 과거 더미데이터', 'COMPLETED', 20, 240000, '2026-01-13 14:57:02', '09:00', NULL, '2026-01-11 10:57:02', '2026-01-13 14:57:02', 0);
INSERT INTO franchise_order_item (franchise_order_item_id, franchise_order_id, quantity, product_id, unit_price, total_price, created_at, updated_at) VALUES (9022, 9022, 20, 9, 12000, 240000, '2026-01-11 10:57:02', '2026-01-11 10:57:02');
INSERT INTO inventorylog (product_id, product_name, box_code, transaction_code, log_type, quantity, from_location_type, from_location_id, to_location_type, to_location_id, actor_type, actor_id, created_at, updated_at) VALUES (9, '로제 떡볶이 밀키트 순한맛 1,2인분', 'SE01-FA01-A1-RO0101-A02', 'PO-20260111-023', 'OUTBOUND', 20, 'FACTORY', 1, 'FRANCHISE', 1, 'FACTORY', 1, '2026-01-12 12:57:02', '2026-01-12 12:57:02');
INSERT INTO inventorylog (product_id, product_name, box_code, transaction_code, log_type, quantity, from_location_type, from_location_id, to_location_type, to_location_id, actor_type, actor_id, created_at, updated_at) VALUES (9, '로제 떡볶이 밀키트 순한맛 1,2인분', 'SE01-FA01-A1-RO0101-A02', 'PO-20260111-023', 'INBOUND', 20, 'FACTORY', 1, 'FRANCHISE', 1, 'FRANCHISE', 1, '2026-01-13 14:57:02', '2026-01-13 14:57:02');
INSERT INTO sales (sales_id, franchise_id, sales_code, quantity, total_amount, is_canceled, created_at, updated_at) VALUES (9022, 1, 'SL-20260114-023', 20, 240000, false, '2026-01-14 16:57:02', '2026-01-14 16:57:02');
INSERT INTO sales_item (sales_id, product_id, quantity, product_code, product_name, lot, unit_price, created_at, updated_at) VALUES (9022, 9, 1, 'RO0101', '로제 떡볶이 밀키트 순한맛 1,2인분', 'SE01-FA01-A1-RO0101-000441', 12000, '2026-01-14 16:57:02', '2026-01-14 16:57:02');
INSERT INTO sales_item (sales_id, product_id, quantity, product_code, product_name, lot, unit_price, created_at, updated_at) VALUES (9022, 9, 1, 'RO0101', '로제 떡볶이 밀키트 순한맛 1,2인분', 'SE01-FA01-A1-RO0101-000442', 12000, '2026-01-14 16:57:02', '2026-01-14 16:57:02');
INSERT INTO sales_item (sales_id, product_id, quantity, product_code, product_name, lot, unit_price, created_at, updated_at) VALUES (9022, 9, 1, 'RO0101', '로제 떡볶이 밀키트 순한맛 1,2인분', 'SE01-FA01-A1-RO0101-000443', 12000, '2026-01-14 16:57:02', '2026-01-14 16:57:02');
INSERT INTO sales_item (sales_id, product_id, quantity, product_code, product_name, lot, unit_price, created_at, updated_at) VALUES (9022, 9, 1, 'RO0101', '로제 떡볶이 밀키트 순한맛 1,2인분', 'SE01-FA01-A1-RO0101-000444', 12000, '2026-01-14 16:57:02', '2026-01-14 16:57:02');
INSERT INTO sales_item (sales_id, product_id, quantity, product_code, product_name, lot, unit_price, created_at, updated_at) VALUES (9022, 9, 1, 'RO0101', '로제 떡볶이 밀키트 순한맛 1,2인분', 'SE01-FA01-A1-RO0101-000445', 12000, '2026-01-14 16:57:02', '2026-01-14 16:57:02');
INSERT INTO sales_item (sales_id, product_id, quantity, product_code, product_name, lot, unit_price, created_at, updated_at) VALUES (9022, 9, 1, 'RO0101', '로제 떡볶이 밀키트 순한맛 1,2인분', 'SE01-FA01-A1-RO0101-000446', 12000, '2026-01-14 16:57:02', '2026-01-14 16:57:02');
INSERT INTO sales_item (sales_id, product_id, quantity, product_code, product_name, lot, unit_price, created_at, updated_at) VALUES (9022, 9, 1, 'RO0101', '로제 떡볶이 밀키트 순한맛 1,2인분', 'SE01-FA01-A1-RO0101-000447', 12000, '2026-01-14 16:57:02', '2026-01-14 16:57:02');
INSERT INTO sales_item (sales_id, product_id, quantity, product_code, product_name, lot, unit_price, created_at, updated_at) VALUES (9022, 9, 1, 'RO0101', '로제 떡볶이 밀키트 순한맛 1,2인분', 'SE01-FA01-A1-RO0101-000448', 12000, '2026-01-14 16:57:02', '2026-01-14 16:57:02');
INSERT INTO sales_item (sales_id, product_id, quantity, product_code, product_name, lot, unit_price, created_at, updated_at) VALUES (9022, 9, 1, 'RO0101', '로제 떡볶이 밀키트 순한맛 1,2인분', 'SE01-FA01-A1-RO0101-000449', 12000, '2026-01-14 16:57:02', '2026-01-14 16:57:02');
INSERT INTO sales_item (sales_id, product_id, quantity, product_code, product_name, lot, unit_price, created_at, updated_at) VALUES (9022, 9, 1, 'RO0101', '로제 떡볶이 밀키트 순한맛 1,2인분', 'SE01-FA01-A1-RO0101-000450', 12000, '2026-01-14 16:57:02', '2026-01-14 16:57:02');
INSERT INTO sales_item (sales_id, product_id, quantity, product_code, product_name, lot, unit_price, created_at, updated_at) VALUES (9022, 9, 1, 'RO0101', '로제 떡볶이 밀키트 순한맛 1,2인분', 'SE01-FA01-A1-RO0101-000451', 12000, '2026-01-14 16:57:02', '2026-01-14 16:57:02');
INSERT INTO sales_item (sales_id, product_id, quantity, product_code, product_name, lot, unit_price, created_at, updated_at) VALUES (9022, 9, 1, 'RO0101', '로제 떡볶이 밀키트 순한맛 1,2인분', 'SE01-FA01-A1-RO0101-000452', 12000, '2026-01-14 16:57:02', '2026-01-14 16:57:02');
INSERT INTO sales_item (sales_id, product_id, quantity, product_code, product_name, lot, unit_price, created_at, updated_at) VALUES (9022, 9, 1, 'RO0101', '로제 떡볶이 밀키트 순한맛 1,2인분', 'SE01-FA01-A1-RO0101-000453', 12000, '2026-01-14 16:57:02', '2026-01-14 16:57:02');
INSERT INTO sales_item (sales_id, product_id, quantity, product_code, product_name, lot, unit_price, created_at, updated_at) VALUES (9022, 9, 1, 'RO0101', '로제 떡볶이 밀키트 순한맛 1,2인분', 'SE01-FA01-A1-RO0101-000454', 12000, '2026-01-14 16:57:02', '2026-01-14 16:57:02');
INSERT INTO sales_item (sales_id, product_id, quantity, product_code, product_name, lot, unit_price, created_at, updated_at) VALUES (9022, 9, 1, 'RO0101', '로제 떡볶이 밀키트 순한맛 1,2인분', 'SE01-FA01-A1-RO0101-000455', 12000, '2026-01-14 16:57:02', '2026-01-14 16:57:02');
INSERT INTO sales_item (sales_id, product_id, quantity, product_code, product_name, lot, unit_price, created_at, updated_at) VALUES (9022, 9, 1, 'RO0101', '로제 떡볶이 밀키트 순한맛 1,2인분', 'SE01-FA01-A1-RO0101-000456', 12000, '2026-01-14 16:57:02', '2026-01-14 16:57:02');
INSERT INTO sales_item (sales_id, product_id, quantity, product_code, product_name, lot, unit_price, created_at, updated_at) VALUES (9022, 9, 1, 'RO0101', '로제 떡볶이 밀키트 순한맛 1,2인분', 'SE01-FA01-A1-RO0101-000457', 12000, '2026-01-14 16:57:02', '2026-01-14 16:57:02');
INSERT INTO sales_item (sales_id, product_id, quantity, product_code, product_name, lot, unit_price, created_at, updated_at) VALUES (9022, 9, 1, 'RO0101', '로제 떡볶이 밀키트 순한맛 1,2인분', 'SE01-FA01-A1-RO0101-000458', 12000, '2026-01-14 16:57:02', '2026-01-14 16:57:02');
INSERT INTO sales_item (sales_id, product_id, quantity, product_code, product_name, lot, unit_price, created_at, updated_at) VALUES (9022, 9, 1, 'RO0101', '로제 떡볶이 밀키트 순한맛 1,2인분', 'SE01-FA01-A1-RO0101-000459', 12000, '2026-01-14 16:57:02', '2026-01-14 16:57:02');
INSERT INTO sales_item (sales_id, product_id, quantity, product_code, product_name, lot, unit_price, created_at, updated_at) VALUES (9022, 9, 1, 'RO0101', '로제 떡볶이 밀키트 순한맛 1,2인분', 'SE01-FA01-A1-RO0101-000460', 12000, '2026-01-14 16:57:02', '2026-01-14 16:57:02');

INSERT INTO franchise_order (franchise_order_id, franchise_id, order_code, user_id, address, requirement, order_status, total_quantity, total_amount, delivery_date, delivery_time, cancelled_reason, created_at, updated_at, version) VALUES (9023, 1, 'PO-20260102-024', 1001, '서울시 강남구 테스트로 1', '60~90일 과거 더미데이터', 'COMPLETED', 20, 200000, '2026-01-04 16:17:42', '09:00', NULL, '2026-01-02 12:17:42', '2026-01-04 16:17:42', 0);
INSERT INTO franchise_order_item (franchise_order_item_id, franchise_order_id, quantity, product_id, unit_price, total_price, created_at, updated_at) VALUES (9023, 9023, 20, 1, 10000, 200000, '2026-01-02 12:17:42', '2026-01-02 12:17:42');
INSERT INTO inventorylog (product_id, product_name, box_code, transaction_code, log_type, quantity, from_location_type, from_location_id, to_location_type, to_location_id, actor_type, actor_id, created_at, updated_at) VALUES (1, '오리지널 떡볶이 밀키트 순한맛 1,2인분', 'SE01-FA01-A1-OR0101-A03', 'PO-20260102-024', 'OUTBOUND', 20, 'FACTORY', 1, 'FRANCHISE', 1, 'FACTORY', 1, '2026-01-03 14:17:42', '2026-01-03 14:17:42');
INSERT INTO inventorylog (product_id, product_name, box_code, transaction_code, log_type, quantity, from_location_type, from_location_id, to_location_type, to_location_id, actor_type, actor_id, created_at, updated_at) VALUES (1, '오리지널 떡볶이 밀키트 순한맛 1,2인분', 'SE01-FA01-A1-OR0101-A03', 'PO-20260102-024', 'INBOUND', 20, 'FACTORY', 1, 'FRANCHISE', 1, 'FRANCHISE', 1, '2026-01-04 16:17:42', '2026-01-04 16:17:42');
INSERT INTO sales (sales_id, franchise_id, sales_code, quantity, total_amount, is_canceled, created_at, updated_at) VALUES (9023, 1, 'SL-20260105-024', 20, 200000, false, '2026-01-05 18:17:42', '2026-01-05 18:17:42');
INSERT INTO sales_item (sales_id, product_id, quantity, product_code, product_name, lot, unit_price, created_at, updated_at) VALUES (9023, 1, 1, 'OR0101', '오리지널 떡볶이 밀키트 순한맛 1,2인분', 'SE01-FA01-A1-OR0101-000461', 10000, '2026-01-05 18:17:42', '2026-01-05 18:17:42');
INSERT INTO sales_item (sales_id, product_id, quantity, product_code, product_name, lot, unit_price, created_at, updated_at) VALUES (9023, 1, 1, 'OR0101', '오리지널 떡볶이 밀키트 순한맛 1,2인분', 'SE01-FA01-A1-OR0101-000462', 10000, '2026-01-05 18:17:42', '2026-01-05 18:17:42');
INSERT INTO sales_item (sales_id, product_id, quantity, product_code, product_name, lot, unit_price, created_at, updated_at) VALUES (9023, 1, 1, 'OR0101', '오리지널 떡볶이 밀키트 순한맛 1,2인분', 'SE01-FA01-A1-OR0101-000463', 10000, '2026-01-05 18:17:42', '2026-01-05 18:17:42');
INSERT INTO sales_item (sales_id, product_id, quantity, product_code, product_name, lot, unit_price, created_at, updated_at) VALUES (9023, 1, 1, 'OR0101', '오리지널 떡볶이 밀키트 순한맛 1,2인분', 'SE01-FA01-A1-OR0101-000464', 10000, '2026-01-05 18:17:42', '2026-01-05 18:17:42');
INSERT INTO sales_item (sales_id, product_id, quantity, product_code, product_name, lot, unit_price, created_at, updated_at) VALUES (9023, 1, 1, 'OR0101', '오리지널 떡볶이 밀키트 순한맛 1,2인분', 'SE01-FA01-A1-OR0101-000465', 10000, '2026-01-05 18:17:42', '2026-01-05 18:17:42');
INSERT INTO sales_item (sales_id, product_id, quantity, product_code, product_name, lot, unit_price, created_at, updated_at) VALUES (9023, 1, 1, 'OR0101', '오리지널 떡볶이 밀키트 순한맛 1,2인분', 'SE01-FA01-A1-OR0101-000466', 10000, '2026-01-05 18:17:42', '2026-01-05 18:17:42');
INSERT INTO sales_item (sales_id, product_id, quantity, product_code, product_name, lot, unit_price, created_at, updated_at) VALUES (9023, 1, 1, 'OR0101', '오리지널 떡볶이 밀키트 순한맛 1,2인분', 'SE01-FA01-A1-OR0101-000467', 10000, '2026-01-05 18:17:42', '2026-01-05 18:17:42');
INSERT INTO sales_item (sales_id, product_id, quantity, product_code, product_name, lot, unit_price, created_at, updated_at) VALUES (9023, 1, 1, 'OR0101', '오리지널 떡볶이 밀키트 순한맛 1,2인분', 'SE01-FA01-A1-OR0101-000468', 10000, '2026-01-05 18:17:42', '2026-01-05 18:17:42');
INSERT INTO sales_item (sales_id, product_id, quantity, product_code, product_name, lot, unit_price, created_at, updated_at) VALUES (9023, 1, 1, 'OR0101', '오리지널 떡볶이 밀키트 순한맛 1,2인분', 'SE01-FA01-A1-OR0101-000469', 10000, '2026-01-05 18:17:42', '2026-01-05 18:17:42');
INSERT INTO sales_item (sales_id, product_id, quantity, product_code, product_name, lot, unit_price, created_at, updated_at) VALUES (9023, 1, 1, 'OR0101', '오리지널 떡볶이 밀키트 순한맛 1,2인분', 'SE01-FA01-A1-OR0101-000470', 10000, '2026-01-05 18:17:42', '2026-01-05 18:17:42');
INSERT INTO sales_item (sales_id, product_id, quantity, product_code, product_name, lot, unit_price, created_at, updated_at) VALUES (9023, 1, 1, 'OR0101', '오리지널 떡볶이 밀키트 순한맛 1,2인분', 'SE01-FA01-A1-OR0101-000471', 10000, '2026-01-05 18:17:42', '2026-01-05 18:17:42');
INSERT INTO sales_item (sales_id, product_id, quantity, product_code, product_name, lot, unit_price, created_at, updated_at) VALUES (9023, 1, 1, 'OR0101', '오리지널 떡볶이 밀키트 순한맛 1,2인분', 'SE01-FA01-A1-OR0101-000472', 10000, '2026-01-05 18:17:42', '2026-01-05 18:17:42');
INSERT INTO sales_item (sales_id, product_id, quantity, product_code, product_name, lot, unit_price, created_at, updated_at) VALUES (9023, 1, 1, 'OR0101', '오리지널 떡볶이 밀키트 순한맛 1,2인분', 'SE01-FA01-A1-OR0101-000473', 10000, '2026-01-05 18:17:42', '2026-01-05 18:17:42');
INSERT INTO sales_item (sales_id, product_id, quantity, product_code, product_name, lot, unit_price, created_at, updated_at) VALUES (9023, 1, 1, 'OR0101', '오리지널 떡볶이 밀키트 순한맛 1,2인분', 'SE01-FA01-A1-OR0101-000474', 10000, '2026-01-05 18:17:42', '2026-01-05 18:17:42');
INSERT INTO sales_item (sales_id, product_id, quantity, product_code, product_name, lot, unit_price, created_at, updated_at) VALUES (9023, 1, 1, 'OR0101', '오리지널 떡볶이 밀키트 순한맛 1,2인분', 'SE01-FA01-A1-OR0101-000475', 10000, '2026-01-05 18:17:42', '2026-01-05 18:17:42');
INSERT INTO sales_item (sales_id, product_id, quantity, product_code, product_name, lot, unit_price, created_at, updated_at) VALUES (9023, 1, 1, 'OR0101', '오리지널 떡볶이 밀키트 순한맛 1,2인분', 'SE01-FA01-A1-OR0101-000476', 10000, '2026-01-05 18:17:42', '2026-01-05 18:17:42');
INSERT INTO sales_item (sales_id, product_id, quantity, product_code, product_name, lot, unit_price, created_at, updated_at) VALUES (9023, 1, 1, 'OR0101', '오리지널 떡볶이 밀키트 순한맛 1,2인분', 'SE01-FA01-A1-OR0101-000477', 10000, '2026-01-05 18:17:42', '2026-01-05 18:17:42');
INSERT INTO sales_item (sales_id, product_id, quantity, product_code, product_name, lot, unit_price, created_at, updated_at) VALUES (9023, 1, 1, 'OR0101', '오리지널 떡볶이 밀키트 순한맛 1,2인분', 'SE01-FA01-A1-OR0101-000478', 10000, '2026-01-05 18:17:42', '2026-01-05 18:17:42');
INSERT INTO sales_item (sales_id, product_id, quantity, product_code, product_name, lot, unit_price, created_at, updated_at) VALUES (9023, 1, 1, 'OR0101', '오리지널 떡볶이 밀키트 순한맛 1,2인분', 'SE01-FA01-A1-OR0101-000479', 10000, '2026-01-05 18:17:42', '2026-01-05 18:17:42');
INSERT INTO sales_item (sales_id, product_id, quantity, product_code, product_name, lot, unit_price, created_at, updated_at) VALUES (9023, 1, 1, 'OR0101', '오리지널 떡볶이 밀키트 순한맛 1,2인분', 'SE01-FA01-A1-OR0101-000480', 10000, '2026-01-05 18:17:42', '2026-01-05 18:17:42');

INSERT INTO franchise_order (franchise_order_id, franchise_id, order_code, user_id, address, requirement, order_status, total_quantity, total_amount, delivery_date, delivery_time, cancelled_reason, created_at, updated_at, version) VALUES (9024, 1, 'PO-20260101-025', 1001, '서울시 강남구 테스트로 1', '60~90일 과거 더미데이터', 'COMPLETED', 20, 240000, '2026-01-03 15:46:59', '09:00', NULL, '2026-01-01 11:46:59', '2026-01-03 15:46:59', 0);
INSERT INTO franchise_order_item (franchise_order_item_id, franchise_order_id, quantity, product_id, unit_price, total_price, created_at, updated_at) VALUES (9024, 9024, 20, 9, 12000, 240000, '2026-01-01 11:46:59', '2026-01-01 11:46:59');
INSERT INTO inventorylog (product_id, product_name, box_code, transaction_code, log_type, quantity, from_location_type, from_location_id, to_location_type, to_location_id, actor_type, actor_id, created_at, updated_at) VALUES (9, '로제 떡볶이 밀키트 순한맛 1,2인분', 'SE01-FA01-A1-RO0101-A03', 'PO-20260101-025', 'OUTBOUND', 20, 'FACTORY', 1, 'FRANCHISE', 1, 'FACTORY', 1, '2026-01-02 13:46:59', '2026-01-02 13:46:59');
INSERT INTO inventorylog (product_id, product_name, box_code, transaction_code, log_type, quantity, from_location_type, from_location_id, to_location_type, to_location_id, actor_type, actor_id, created_at, updated_at) VALUES (9, '로제 떡볶이 밀키트 순한맛 1,2인분', 'SE01-FA01-A1-RO0101-A03', 'PO-20260101-025', 'INBOUND', 20, 'FACTORY', 1, 'FRANCHISE', 1, 'FRANCHISE', 1, '2026-01-03 15:46:59', '2026-01-03 15:46:59');
INSERT INTO sales (sales_id, franchise_id, sales_code, quantity, total_amount, is_canceled, created_at, updated_at) VALUES (9024, 1, 'SL-20260104-025', 20, 240000, false, '2026-01-04 17:46:59', '2026-01-04 17:46:59');
INSERT INTO sales_item (sales_id, product_id, quantity, product_code, product_name, lot, unit_price, created_at, updated_at) VALUES (9024, 9, 1, 'RO0101', '로제 떡볶이 밀키트 순한맛 1,2인분', 'SE01-FA01-A1-RO0101-000481', 12000, '2026-01-04 17:46:59', '2026-01-04 17:46:59');
INSERT INTO sales_item (sales_id, product_id, quantity, product_code, product_name, lot, unit_price, created_at, updated_at) VALUES (9024, 9, 1, 'RO0101', '로제 떡볶이 밀키트 순한맛 1,2인분', 'SE01-FA01-A1-RO0101-000482', 12000, '2026-01-04 17:46:59', '2026-01-04 17:46:59');
INSERT INTO sales_item (sales_id, product_id, quantity, product_code, product_name, lot, unit_price, created_at, updated_at) VALUES (9024, 9, 1, 'RO0101', '로제 떡볶이 밀키트 순한맛 1,2인분', 'SE01-FA01-A1-RO0101-000483', 12000, '2026-01-04 17:46:59', '2026-01-04 17:46:59');
INSERT INTO sales_item (sales_id, product_id, quantity, product_code, product_name, lot, unit_price, created_at, updated_at) VALUES (9024, 9, 1, 'RO0101', '로제 떡볶이 밀키트 순한맛 1,2인분', 'SE01-FA01-A1-RO0101-000484', 12000, '2026-01-04 17:46:59', '2026-01-04 17:46:59');
INSERT INTO sales_item (sales_id, product_id, quantity, product_code, product_name, lot, unit_price, created_at, updated_at) VALUES (9024, 9, 1, 'RO0101', '로제 떡볶이 밀키트 순한맛 1,2인분', 'SE01-FA01-A1-RO0101-000485', 12000, '2026-01-04 17:46:59', '2026-01-04 17:46:59');
INSERT INTO sales_item (sales_id, product_id, quantity, product_code, product_name, lot, unit_price, created_at, updated_at) VALUES (9024, 9, 1, 'RO0101', '로제 떡볶이 밀키트 순한맛 1,2인분', 'SE01-FA01-A1-RO0101-000486', 12000, '2026-01-04 17:46:59', '2026-01-04 17:46:59');
INSERT INTO sales_item (sales_id, product_id, quantity, product_code, product_name, lot, unit_price, created_at, updated_at) VALUES (9024, 9, 1, 'RO0101', '로제 떡볶이 밀키트 순한맛 1,2인분', 'SE01-FA01-A1-RO0101-000487', 12000, '2026-01-04 17:46:59', '2026-01-04 17:46:59');
INSERT INTO sales_item (sales_id, product_id, quantity, product_code, product_name, lot, unit_price, created_at, updated_at) VALUES (9024, 9, 1, 'RO0101', '로제 떡볶이 밀키트 순한맛 1,2인분', 'SE01-FA01-A1-RO0101-000488', 12000, '2026-01-04 17:46:59', '2026-01-04 17:46:59');
INSERT INTO sales_item (sales_id, product_id, quantity, product_code, product_name, lot, unit_price, created_at, updated_at) VALUES (9024, 9, 1, 'RO0101', '로제 떡볶이 밀키트 순한맛 1,2인분', 'SE01-FA01-A1-RO0101-000489', 12000, '2026-01-04 17:46:59', '2026-01-04 17:46:59');
INSERT INTO sales_item (sales_id, product_id, quantity, product_code, product_name, lot, unit_price, created_at, updated_at) VALUES (9024, 9, 1, 'RO0101', '로제 떡볶이 밀키트 순한맛 1,2인분', 'SE01-FA01-A1-RO0101-000490', 12000, '2026-01-04 17:46:59', '2026-01-04 17:46:59');
INSERT INTO sales_item (sales_id, product_id, quantity, product_code, product_name, lot, unit_price, created_at, updated_at) VALUES (9024, 9, 1, 'RO0101', '로제 떡볶이 밀키트 순한맛 1,2인분', 'SE01-FA01-A1-RO0101-000491', 12000, '2026-01-04 17:46:59', '2026-01-04 17:46:59');
INSERT INTO sales_item (sales_id, product_id, quantity, product_code, product_name, lot, unit_price, created_at, updated_at) VALUES (9024, 9, 1, 'RO0101', '로제 떡볶이 밀키트 순한맛 1,2인분', 'SE01-FA01-A1-RO0101-000492', 12000, '2026-01-04 17:46:59', '2026-01-04 17:46:59');
INSERT INTO sales_item (sales_id, product_id, quantity, product_code, product_name, lot, unit_price, created_at, updated_at) VALUES (9024, 9, 1, 'RO0101', '로제 떡볶이 밀키트 순한맛 1,2인분', 'SE01-FA01-A1-RO0101-000493', 12000, '2026-01-04 17:46:59', '2026-01-04 17:46:59');
INSERT INTO sales_item (sales_id, product_id, quantity, product_code, product_name, lot, unit_price, created_at, updated_at) VALUES (9024, 9, 1, 'RO0101', '로제 떡볶이 밀키트 순한맛 1,2인분', 'SE01-FA01-A1-RO0101-000494', 12000, '2026-01-04 17:46:59', '2026-01-04 17:46:59');
INSERT INTO sales_item (sales_id, product_id, quantity, product_code, product_name, lot, unit_price, created_at, updated_at) VALUES (9024, 9, 1, 'RO0101', '로제 떡볶이 밀키트 순한맛 1,2인분', 'SE01-FA01-A1-RO0101-000495', 12000, '2026-01-04 17:46:59', '2026-01-04 17:46:59');
INSERT INTO sales_item (sales_id, product_id, quantity, product_code, product_name, lot, unit_price, created_at, updated_at) VALUES (9024, 9, 1, 'RO0101', '로제 떡볶이 밀키트 순한맛 1,2인분', 'SE01-FA01-A1-RO0101-000496', 12000, '2026-01-04 17:46:59', '2026-01-04 17:46:59');
INSERT INTO sales_item (sales_id, product_id, quantity, product_code, product_name, lot, unit_price, created_at, updated_at) VALUES (9024, 9, 1, 'RO0101', '로제 떡볶이 밀키트 순한맛 1,2인분', 'SE01-FA01-A1-RO0101-000497', 12000, '2026-01-04 17:46:59', '2026-01-04 17:46:59');
INSERT INTO sales_item (sales_id, product_id, quantity, product_code, product_name, lot, unit_price, created_at, updated_at) VALUES (9024, 9, 1, 'RO0101', '로제 떡볶이 밀키트 순한맛 1,2인분', 'SE01-FA01-A1-RO0101-000498', 12000, '2026-01-04 17:46:59', '2026-01-04 17:46:59');
INSERT INTO sales_item (sales_id, product_id, quantity, product_code, product_name, lot, unit_price, created_at, updated_at) VALUES (9024, 9, 1, 'RO0101', '로제 떡볶이 밀키트 순한맛 1,2인분', 'SE01-FA01-A1-RO0101-000499', 12000, '2026-01-04 17:46:59', '2026-01-04 17:46:59');
INSERT INTO sales_item (sales_id, product_id, quantity, product_code, product_name, lot, unit_price, created_at, updated_at) VALUES (9024, 9, 1, 'RO0101', '로제 떡볶이 밀키트 순한맛 1,2인분', 'SE01-FA01-A1-RO0101-000500', 12000, '2026-01-04 17:46:59', '2026-01-04 17:46:59');

INSERT INTO franchise_order (franchise_order_id, franchise_id, order_code, user_id, address, requirement, order_status, total_quantity, total_amount, delivery_date, delivery_time, cancelled_reason, created_at, updated_at, version) VALUES (9025, 1, 'PO-20260111-026', 1001, '서울시 강남구 테스트로 1', '60~90일 과거 더미데이터', 'COMPLETED', 20, 200000, '2026-01-13 20:51:26', '09:00', NULL, '2026-01-11 16:51:26', '2026-01-13 20:51:26', 0);
INSERT INTO franchise_order_item (franchise_order_item_id, franchise_order_id, quantity, product_id, unit_price, total_price, created_at, updated_at) VALUES (9025, 9025, 20, 2, 10000, 200000, '2026-01-11 16:51:26', '2026-01-11 16:51:26');
INSERT INTO inventorylog (product_id, product_name, box_code, transaction_code, log_type, quantity, from_location_type, from_location_id, to_location_type, to_location_id, actor_type, actor_id, created_at, updated_at) VALUES (2, '오리지널 떡볶이 밀키트 기본맛 1,2인분', 'SE01-FA01-A1-OR0201-A03', 'PO-20260111-026', 'OUTBOUND', 20, 'FACTORY', 1, 'FRANCHISE', 1, 'FACTORY', 1, '2026-01-12 18:51:26', '2026-01-12 18:51:26');
INSERT INTO inventorylog (product_id, product_name, box_code, transaction_code, log_type, quantity, from_location_type, from_location_id, to_location_type, to_location_id, actor_type, actor_id, created_at, updated_at) VALUES (2, '오리지널 떡볶이 밀키트 기본맛 1,2인분', 'SE01-FA01-A1-OR0201-A03', 'PO-20260111-026', 'INBOUND', 20, 'FACTORY', 1, 'FRANCHISE', 1, 'FRANCHISE', 1, '2026-01-13 20:51:26', '2026-01-13 20:51:26');
INSERT INTO sales (sales_id, franchise_id, sales_code, quantity, total_amount, is_canceled, created_at, updated_at) VALUES (9025, 1, 'SL-20260114-026', 20, 200000, false, '2026-01-14 22:51:26', '2026-01-14 22:51:26');
INSERT INTO sales_item (sales_id, product_id, quantity, product_code, product_name, lot, unit_price, created_at, updated_at) VALUES (9025, 2, 1, 'OR0201', '오리지널 떡볶이 밀키트 기본맛 1,2인분', 'SE01-FA01-A1-OR0201-000501', 10000, '2026-01-14 22:51:26', '2026-01-14 22:51:26');
INSERT INTO sales_item (sales_id, product_id, quantity, product_code, product_name, lot, unit_price, created_at, updated_at) VALUES (9025, 2, 1, 'OR0201', '오리지널 떡볶이 밀키트 기본맛 1,2인분', 'SE01-FA01-A1-OR0201-000502', 10000, '2026-01-14 22:51:26', '2026-01-14 22:51:26');
INSERT INTO sales_item (sales_id, product_id, quantity, product_code, product_name, lot, unit_price, created_at, updated_at) VALUES (9025, 2, 1, 'OR0201', '오리지널 떡볶이 밀키트 기본맛 1,2인분', 'SE01-FA01-A1-OR0201-000503', 10000, '2026-01-14 22:51:26', '2026-01-14 22:51:26');
INSERT INTO sales_item (sales_id, product_id, quantity, product_code, product_name, lot, unit_price, created_at, updated_at) VALUES (9025, 2, 1, 'OR0201', '오리지널 떡볶이 밀키트 기본맛 1,2인분', 'SE01-FA01-A1-OR0201-000504', 10000, '2026-01-14 22:51:26', '2026-01-14 22:51:26');
INSERT INTO sales_item (sales_id, product_id, quantity, product_code, product_name, lot, unit_price, created_at, updated_at) VALUES (9025, 2, 1, 'OR0201', '오리지널 떡볶이 밀키트 기본맛 1,2인분', 'SE01-FA01-A1-OR0201-000505', 10000, '2026-01-14 22:51:26', '2026-01-14 22:51:26');
INSERT INTO sales_item (sales_id, product_id, quantity, product_code, product_name, lot, unit_price, created_at, updated_at) VALUES (9025, 2, 1, 'OR0201', '오리지널 떡볶이 밀키트 기본맛 1,2인분', 'SE01-FA01-A1-OR0201-000506', 10000, '2026-01-14 22:51:26', '2026-01-14 22:51:26');
INSERT INTO sales_item (sales_id, product_id, quantity, product_code, product_name, lot, unit_price, created_at, updated_at) VALUES (9025, 2, 1, 'OR0201', '오리지널 떡볶이 밀키트 기본맛 1,2인분', 'SE01-FA01-A1-OR0201-000507', 10000, '2026-01-14 22:51:26', '2026-01-14 22:51:26');
INSERT INTO sales_item (sales_id, product_id, quantity, product_code, product_name, lot, unit_price, created_at, updated_at) VALUES (9025, 2, 1, 'OR0201', '오리지널 떡볶이 밀키트 기본맛 1,2인분', 'SE01-FA01-A1-OR0201-000508', 10000, '2026-01-14 22:51:26', '2026-01-14 22:51:26');
INSERT INTO sales_item (sales_id, product_id, quantity, product_code, product_name, lot, unit_price, created_at, updated_at) VALUES (9025, 2, 1, 'OR0201', '오리지널 떡볶이 밀키트 기본맛 1,2인분', 'SE01-FA01-A1-OR0201-000509', 10000, '2026-01-14 22:51:26', '2026-01-14 22:51:26');
INSERT INTO sales_item (sales_id, product_id, quantity, product_code, product_name, lot, unit_price, created_at, updated_at) VALUES (9025, 2, 1, 'OR0201', '오리지널 떡볶이 밀키트 기본맛 1,2인분', 'SE01-FA01-A1-OR0201-000510', 10000, '2026-01-14 22:51:26', '2026-01-14 22:51:26');
INSERT INTO sales_item (sales_id, product_id, quantity, product_code, product_name, lot, unit_price, created_at, updated_at) VALUES (9025, 2, 1, 'OR0201', '오리지널 떡볶이 밀키트 기본맛 1,2인분', 'SE01-FA01-A1-OR0201-000511', 10000, '2026-01-14 22:51:26', '2026-01-14 22:51:26');
INSERT INTO sales_item (sales_id, product_id, quantity, product_code, product_name, lot, unit_price, created_at, updated_at) VALUES (9025, 2, 1, 'OR0201', '오리지널 떡볶이 밀키트 기본맛 1,2인분', 'SE01-FA01-A1-OR0201-000512', 10000, '2026-01-14 22:51:26', '2026-01-14 22:51:26');
INSERT INTO sales_item (sales_id, product_id, quantity, product_code, product_name, lot, unit_price, created_at, updated_at) VALUES (9025, 2, 1, 'OR0201', '오리지널 떡볶이 밀키트 기본맛 1,2인분', 'SE01-FA01-A1-OR0201-000513', 10000, '2026-01-14 22:51:26', '2026-01-14 22:51:26');
INSERT INTO sales_item (sales_id, product_id, quantity, product_code, product_name, lot, unit_price, created_at, updated_at) VALUES (9025, 2, 1, 'OR0201', '오리지널 떡볶이 밀키트 기본맛 1,2인분', 'SE01-FA01-A1-OR0201-000514', 10000, '2026-01-14 22:51:26', '2026-01-14 22:51:26');
INSERT INTO sales_item (sales_id, product_id, quantity, product_code, product_name, lot, unit_price, created_at, updated_at) VALUES (9025, 2, 1, 'OR0201', '오리지널 떡볶이 밀키트 기본맛 1,2인분', 'SE01-FA01-A1-OR0201-000515', 10000, '2026-01-14 22:51:26', '2026-01-14 22:51:26');
INSERT INTO sales_item (sales_id, product_id, quantity, product_code, product_name, lot, unit_price, created_at, updated_at) VALUES (9025, 2, 1, 'OR0201', '오리지널 떡볶이 밀키트 기본맛 1,2인분', 'SE01-FA01-A1-OR0201-000516', 10000, '2026-01-14 22:51:26', '2026-01-14 22:51:26');
INSERT INTO sales_item (sales_id, product_id, quantity, product_code, product_name, lot, unit_price, created_at, updated_at) VALUES (9025, 2, 1, 'OR0201', '오리지널 떡볶이 밀키트 기본맛 1,2인분', 'SE01-FA01-A1-OR0201-000517', 10000, '2026-01-14 22:51:26', '2026-01-14 22:51:26');
INSERT INTO sales_item (sales_id, product_id, quantity, product_code, product_name, lot, unit_price, created_at, updated_at) VALUES (9025, 2, 1, 'OR0201', '오리지널 떡볶이 밀키트 기본맛 1,2인분', 'SE01-FA01-A1-OR0201-000518', 10000, '2026-01-14 22:51:26', '2026-01-14 22:51:26');
INSERT INTO sales_item (sales_id, product_id, quantity, product_code, product_name, lot, unit_price, created_at, updated_at) VALUES (9025, 2, 1, 'OR0201', '오리지널 떡볶이 밀키트 기본맛 1,2인분', 'SE01-FA01-A1-OR0201-000519', 10000, '2026-01-14 22:51:26', '2026-01-14 22:51:26');
INSERT INTO sales_item (sales_id, product_id, quantity, product_code, product_name, lot, unit_price, created_at, updated_at) VALUES (9025, 2, 1, 'OR0201', '오리지널 떡볶이 밀키트 기본맛 1,2인분', 'SE01-FA01-A1-OR0201-000520', 10000, '2026-01-14 22:51:26', '2026-01-14 22:51:26');

INSERT INTO franchise_order (franchise_order_id, franchise_id, order_code, user_id, address, requirement, order_status, total_quantity, total_amount, delivery_date, delivery_time, cancelled_reason, created_at, updated_at, version) VALUES (9026, 1, 'PO-20260115-027', 1001, '서울시 강남구 테스트로 1', '60~90일 과거 더미데이터', 'COMPLETED', 20, 240000, '2026-01-17 19:22:27', '09:00', NULL, '2026-01-15 15:22:27', '2026-01-17 19:22:27', 0);
INSERT INTO franchise_order_item (franchise_order_item_id, franchise_order_id, quantity, product_id, unit_price, total_price, created_at, updated_at) VALUES (9026, 9026, 20, 12, 12000, 240000, '2026-01-15 15:22:27', '2026-01-15 15:22:27');
INSERT INTO inventorylog (product_id, product_name, box_code, transaction_code, log_type, quantity, from_location_type, from_location_id, to_location_type, to_location_id, actor_type, actor_id, created_at, updated_at) VALUES (12, '로제 떡볶이 밀키트 아주매운맛 1,2인분', 'SE01-FA01-A1-RO0401-A01', 'PO-20260115-027', 'OUTBOUND', 20, 'FACTORY', 1, 'FRANCHISE', 1, 'FACTORY', 1, '2026-01-16 17:22:27', '2026-01-16 17:22:27');
INSERT INTO inventorylog (product_id, product_name, box_code, transaction_code, log_type, quantity, from_location_type, from_location_id, to_location_type, to_location_id, actor_type, actor_id, created_at, updated_at) VALUES (12, '로제 떡볶이 밀키트 아주매운맛 1,2인분', 'SE01-FA01-A1-RO0401-A01', 'PO-20260115-027', 'INBOUND', 20, 'FACTORY', 1, 'FRANCHISE', 1, 'FRANCHISE', 1, '2026-01-17 19:22:27', '2026-01-17 19:22:27');
INSERT INTO sales (sales_id, franchise_id, sales_code, quantity, total_amount, is_canceled, created_at, updated_at) VALUES (9026, 1, 'SL-20260118-027', 20, 240000, false, '2026-01-18 21:22:27', '2026-01-18 21:22:27');
INSERT INTO sales_item (sales_id, product_id, quantity, product_code, product_name, lot, unit_price, created_at, updated_at) VALUES (9026, 12, 1, 'RO0401', '로제 떡볶이 밀키트 아주매운맛 1,2인분', 'SE01-FA01-A1-RO0401-000521', 12000, '2026-01-18 21:22:27', '2026-01-18 21:22:27');
INSERT INTO sales_item (sales_id, product_id, quantity, product_code, product_name, lot, unit_price, created_at, updated_at) VALUES (9026, 12, 1, 'RO0401', '로제 떡볶이 밀키트 아주매운맛 1,2인분', 'SE01-FA01-A1-RO0401-000522', 12000, '2026-01-18 21:22:27', '2026-01-18 21:22:27');
INSERT INTO sales_item (sales_id, product_id, quantity, product_code, product_name, lot, unit_price, created_at, updated_at) VALUES (9026, 12, 1, 'RO0401', '로제 떡볶이 밀키트 아주매운맛 1,2인분', 'SE01-FA01-A1-RO0401-000523', 12000, '2026-01-18 21:22:27', '2026-01-18 21:22:27');
INSERT INTO sales_item (sales_id, product_id, quantity, product_code, product_name, lot, unit_price, created_at, updated_at) VALUES (9026, 12, 1, 'RO0401', '로제 떡볶이 밀키트 아주매운맛 1,2인분', 'SE01-FA01-A1-RO0401-000524', 12000, '2026-01-18 21:22:27', '2026-01-18 21:22:27');
INSERT INTO sales_item (sales_id, product_id, quantity, product_code, product_name, lot, unit_price, created_at, updated_at) VALUES (9026, 12, 1, 'RO0401', '로제 떡볶이 밀키트 아주매운맛 1,2인분', 'SE01-FA01-A1-RO0401-000525', 12000, '2026-01-18 21:22:27', '2026-01-18 21:22:27');
INSERT INTO sales_item (sales_id, product_id, quantity, product_code, product_name, lot, unit_price, created_at, updated_at) VALUES (9026, 12, 1, 'RO0401', '로제 떡볶이 밀키트 아주매운맛 1,2인분', 'SE01-FA01-A1-RO0401-000526', 12000, '2026-01-18 21:22:27', '2026-01-18 21:22:27');
INSERT INTO sales_item (sales_id, product_id, quantity, product_code, product_name, lot, unit_price, created_at, updated_at) VALUES (9026, 12, 1, 'RO0401', '로제 떡볶이 밀키트 아주매운맛 1,2인분', 'SE01-FA01-A1-RO0401-000527', 12000, '2026-01-18 21:22:27', '2026-01-18 21:22:27');
INSERT INTO sales_item (sales_id, product_id, quantity, product_code, product_name, lot, unit_price, created_at, updated_at) VALUES (9026, 12, 1, 'RO0401', '로제 떡볶이 밀키트 아주매운맛 1,2인분', 'SE01-FA01-A1-RO0401-000528', 12000, '2026-01-18 21:22:27', '2026-01-18 21:22:27');
INSERT INTO sales_item (sales_id, product_id, quantity, product_code, product_name, lot, unit_price, created_at, updated_at) VALUES (9026, 12, 1, 'RO0401', '로제 떡볶이 밀키트 아주매운맛 1,2인분', 'SE01-FA01-A1-RO0401-000529', 12000, '2026-01-18 21:22:27', '2026-01-18 21:22:27');
INSERT INTO sales_item (sales_id, product_id, quantity, product_code, product_name, lot, unit_price, created_at, updated_at) VALUES (9026, 12, 1, 'RO0401', '로제 떡볶이 밀키트 아주매운맛 1,2인분', 'SE01-FA01-A1-RO0401-000530', 12000, '2026-01-18 21:22:27', '2026-01-18 21:22:27');
INSERT INTO sales_item (sales_id, product_id, quantity, product_code, product_name, lot, unit_price, created_at, updated_at) VALUES (9026, 12, 1, 'RO0401', '로제 떡볶이 밀키트 아주매운맛 1,2인분', 'SE01-FA01-A1-RO0401-000531', 12000, '2026-01-18 21:22:27', '2026-01-18 21:22:27');
INSERT INTO sales_item (sales_id, product_id, quantity, product_code, product_name, lot, unit_price, created_at, updated_at) VALUES (9026, 12, 1, 'RO0401', '로제 떡볶이 밀키트 아주매운맛 1,2인분', 'SE01-FA01-A1-RO0401-000532', 12000, '2026-01-18 21:22:27', '2026-01-18 21:22:27');
INSERT INTO sales_item (sales_id, product_id, quantity, product_code, product_name, lot, unit_price, created_at, updated_at) VALUES (9026, 12, 1, 'RO0401', '로제 떡볶이 밀키트 아주매운맛 1,2인분', 'SE01-FA01-A1-RO0401-000533', 12000, '2026-01-18 21:22:27', '2026-01-18 21:22:27');
INSERT INTO sales_item (sales_id, product_id, quantity, product_code, product_name, lot, unit_price, created_at, updated_at) VALUES (9026, 12, 1, 'RO0401', '로제 떡볶이 밀키트 아주매운맛 1,2인분', 'SE01-FA01-A1-RO0401-000534', 12000, '2026-01-18 21:22:27', '2026-01-18 21:22:27');
INSERT INTO sales_item (sales_id, product_id, quantity, product_code, product_name, lot, unit_price, created_at, updated_at) VALUES (9026, 12, 1, 'RO0401', '로제 떡볶이 밀키트 아주매운맛 1,2인분', 'SE01-FA01-A1-RO0401-000535', 12000, '2026-01-18 21:22:27', '2026-01-18 21:22:27');
INSERT INTO sales_item (sales_id, product_id, quantity, product_code, product_name, lot, unit_price, created_at, updated_at) VALUES (9026, 12, 1, 'RO0401', '로제 떡볶이 밀키트 아주매운맛 1,2인분', 'SE01-FA01-A1-RO0401-000536', 12000, '2026-01-18 21:22:27', '2026-01-18 21:22:27');
INSERT INTO sales_item (sales_id, product_id, quantity, product_code, product_name, lot, unit_price, created_at, updated_at) VALUES (9026, 12, 1, 'RO0401', '로제 떡볶이 밀키트 아주매운맛 1,2인분', 'SE01-FA01-A1-RO0401-000537', 12000, '2026-01-18 21:22:27', '2026-01-18 21:22:27');
INSERT INTO sales_item (sales_id, product_id, quantity, product_code, product_name, lot, unit_price, created_at, updated_at) VALUES (9026, 12, 1, 'RO0401', '로제 떡볶이 밀키트 아주매운맛 1,2인분', 'SE01-FA01-A1-RO0401-000538', 12000, '2026-01-18 21:22:27', '2026-01-18 21:22:27');
INSERT INTO sales_item (sales_id, product_id, quantity, product_code, product_name, lot, unit_price, created_at, updated_at) VALUES (9026, 12, 1, 'RO0401', '로제 떡볶이 밀키트 아주매운맛 1,2인분', 'SE01-FA01-A1-RO0401-000539', 12000, '2026-01-18 21:22:27', '2026-01-18 21:22:27');
INSERT INTO sales_item (sales_id, product_id, quantity, product_code, product_name, lot, unit_price, created_at, updated_at) VALUES (9026, 12, 1, 'RO0401', '로제 떡볶이 밀키트 아주매운맛 1,2인분', 'SE01-FA01-A1-RO0401-000540', 12000, '2026-01-18 21:22:27', '2026-01-18 21:22:27');

INSERT INTO franchise_order (franchise_order_id, franchise_id, order_code, user_id, address, requirement, order_status, total_quantity, total_amount, delivery_date, delivery_time, cancelled_reason, created_at, updated_at, version) VALUES (9027, 1, 'PO-20251222-028', 1001, '서울시 강남구 테스트로 1', '60~90일 과거 더미데이터', 'COMPLETED', 20, 200000, '2025-12-24 13:43:41', '09:00', NULL, '2025-12-22 09:43:41', '2025-12-24 13:43:41', 0);
INSERT INTO franchise_order_item (franchise_order_item_id, franchise_order_id, quantity, product_id, unit_price, total_price, created_at, updated_at) VALUES (9027, 9027, 20, 3, 10000, 200000, '2025-12-22 09:43:41', '2025-12-22 09:43:41');
INSERT INTO inventorylog (product_id, product_name, box_code, transaction_code, log_type, quantity, from_location_type, from_location_id, to_location_type, to_location_id, actor_type, actor_id, created_at, updated_at) VALUES (3, '오리지널 떡볶이 밀키트 매운맛 1,2인분', 'SE01-FA01-A1-OR0301-A02', 'PO-20251222-028', 'OUTBOUND', 20, 'FACTORY', 1, 'FRANCHISE', 1, 'FACTORY', 1, '2025-12-23 11:43:41', '2025-12-23 11:43:41');
INSERT INTO inventorylog (product_id, product_name, box_code, transaction_code, log_type, quantity, from_location_type, from_location_id, to_location_type, to_location_id, actor_type, actor_id, created_at, updated_at) VALUES (3, '오리지널 떡볶이 밀키트 매운맛 1,2인분', 'SE01-FA01-A1-OR0301-A02', 'PO-20251222-028', 'INBOUND', 20, 'FACTORY', 1, 'FRANCHISE', 1, 'FRANCHISE', 1, '2025-12-24 13:43:41', '2025-12-24 13:43:41');
INSERT INTO sales (sales_id, franchise_id, sales_code, quantity, total_amount, is_canceled, created_at, updated_at) VALUES (9027, 1, 'SL-20251225-028', 20, 200000, false, '2025-12-25 15:43:41', '2025-12-25 15:43:41');
INSERT INTO sales_item (sales_id, product_id, quantity, product_code, product_name, lot, unit_price, created_at, updated_at) VALUES (9027, 3, 1, 'OR0301', '오리지널 떡볶이 밀키트 매운맛 1,2인분', 'SE01-FA01-A1-OR0301-000541', 10000, '2025-12-25 15:43:41', '2025-12-25 15:43:41');
INSERT INTO sales_item (sales_id, product_id, quantity, product_code, product_name, lot, unit_price, created_at, updated_at) VALUES (9027, 3, 1, 'OR0301', '오리지널 떡볶이 밀키트 매운맛 1,2인분', 'SE01-FA01-A1-OR0301-000542', 10000, '2025-12-25 15:43:41', '2025-12-25 15:43:41');
INSERT INTO sales_item (sales_id, product_id, quantity, product_code, product_name, lot, unit_price, created_at, updated_at) VALUES (9027, 3, 1, 'OR0301', '오리지널 떡볶이 밀키트 매운맛 1,2인분', 'SE01-FA01-A1-OR0301-000543', 10000, '2025-12-25 15:43:41', '2025-12-25 15:43:41');
INSERT INTO sales_item (sales_id, product_id, quantity, product_code, product_name, lot, unit_price, created_at, updated_at) VALUES (9027, 3, 1, 'OR0301', '오리지널 떡볶이 밀키트 매운맛 1,2인분', 'SE01-FA01-A1-OR0301-000544', 10000, '2025-12-25 15:43:41', '2025-12-25 15:43:41');
INSERT INTO sales_item (sales_id, product_id, quantity, product_code, product_name, lot, unit_price, created_at, updated_at) VALUES (9027, 3, 1, 'OR0301', '오리지널 떡볶이 밀키트 매운맛 1,2인분', 'SE01-FA01-A1-OR0301-000545', 10000, '2025-12-25 15:43:41', '2025-12-25 15:43:41');
INSERT INTO sales_item (sales_id, product_id, quantity, product_code, product_name, lot, unit_price, created_at, updated_at) VALUES (9027, 3, 1, 'OR0301', '오리지널 떡볶이 밀키트 매운맛 1,2인분', 'SE01-FA01-A1-OR0301-000546', 10000, '2025-12-25 15:43:41', '2025-12-25 15:43:41');
INSERT INTO sales_item (sales_id, product_id, quantity, product_code, product_name, lot, unit_price, created_at, updated_at) VALUES (9027, 3, 1, 'OR0301', '오리지널 떡볶이 밀키트 매운맛 1,2인분', 'SE01-FA01-A1-OR0301-000547', 10000, '2025-12-25 15:43:41', '2025-12-25 15:43:41');
INSERT INTO sales_item (sales_id, product_id, quantity, product_code, product_name, lot, unit_price, created_at, updated_at) VALUES (9027, 3, 1, 'OR0301', '오리지널 떡볶이 밀키트 매운맛 1,2인분', 'SE01-FA01-A1-OR0301-000548', 10000, '2025-12-25 15:43:41', '2025-12-25 15:43:41');
INSERT INTO sales_item (sales_id, product_id, quantity, product_code, product_name, lot, unit_price, created_at, updated_at) VALUES (9027, 3, 1, 'OR0301', '오리지널 떡볶이 밀키트 매운맛 1,2인분', 'SE01-FA01-A1-OR0301-000549', 10000, '2025-12-25 15:43:41', '2025-12-25 15:43:41');
INSERT INTO sales_item (sales_id, product_id, quantity, product_code, product_name, lot, unit_price, created_at, updated_at) VALUES (9027, 3, 1, 'OR0301', '오리지널 떡볶이 밀키트 매운맛 1,2인분', 'SE01-FA01-A1-OR0301-000550', 10000, '2025-12-25 15:43:41', '2025-12-25 15:43:41');
INSERT INTO sales_item (sales_id, product_id, quantity, product_code, product_name, lot, unit_price, created_at, updated_at) VALUES (9027, 3, 1, 'OR0301', '오리지널 떡볶이 밀키트 매운맛 1,2인분', 'SE01-FA01-A1-OR0301-000551', 10000, '2025-12-25 15:43:41', '2025-12-25 15:43:41');
INSERT INTO sales_item (sales_id, product_id, quantity, product_code, product_name, lot, unit_price, created_at, updated_at) VALUES (9027, 3, 1, 'OR0301', '오리지널 떡볶이 밀키트 매운맛 1,2인분', 'SE01-FA01-A1-OR0301-000552', 10000, '2025-12-25 15:43:41', '2025-12-25 15:43:41');
INSERT INTO sales_item (sales_id, product_id, quantity, product_code, product_name, lot, unit_price, created_at, updated_at) VALUES (9027, 3, 1, 'OR0301', '오리지널 떡볶이 밀키트 매운맛 1,2인분', 'SE01-FA01-A1-OR0301-000553', 10000, '2025-12-25 15:43:41', '2025-12-25 15:43:41');
INSERT INTO sales_item (sales_id, product_id, quantity, product_code, product_name, lot, unit_price, created_at, updated_at) VALUES (9027, 3, 1, 'OR0301', '오리지널 떡볶이 밀키트 매운맛 1,2인분', 'SE01-FA01-A1-OR0301-000554', 10000, '2025-12-25 15:43:41', '2025-12-25 15:43:41');
INSERT INTO sales_item (sales_id, product_id, quantity, product_code, product_name, lot, unit_price, created_at, updated_at) VALUES (9027, 3, 1, 'OR0301', '오리지널 떡볶이 밀키트 매운맛 1,2인분', 'SE01-FA01-A1-OR0301-000555', 10000, '2025-12-25 15:43:41', '2025-12-25 15:43:41');
INSERT INTO sales_item (sales_id, product_id, quantity, product_code, product_name, lot, unit_price, created_at, updated_at) VALUES (9027, 3, 1, 'OR0301', '오리지널 떡볶이 밀키트 매운맛 1,2인분', 'SE01-FA01-A1-OR0301-000556', 10000, '2025-12-25 15:43:41', '2025-12-25 15:43:41');
INSERT INTO sales_item (sales_id, product_id, quantity, product_code, product_name, lot, unit_price, created_at, updated_at) VALUES (9027, 3, 1, 'OR0301', '오리지널 떡볶이 밀키트 매운맛 1,2인분', 'SE01-FA01-A1-OR0301-000557', 10000, '2025-12-25 15:43:41', '2025-12-25 15:43:41');
INSERT INTO sales_item (sales_id, product_id, quantity, product_code, product_name, lot, unit_price, created_at, updated_at) VALUES (9027, 3, 1, 'OR0301', '오리지널 떡볶이 밀키트 매운맛 1,2인분', 'SE01-FA01-A1-OR0301-000558', 10000, '2025-12-25 15:43:41', '2025-12-25 15:43:41');
INSERT INTO sales_item (sales_id, product_id, quantity, product_code, product_name, lot, unit_price, created_at, updated_at) VALUES (9027, 3, 1, 'OR0301', '오리지널 떡볶이 밀키트 매운맛 1,2인분', 'SE01-FA01-A1-OR0301-000559', 10000, '2025-12-25 15:43:41', '2025-12-25 15:43:41');
INSERT INTO sales_item (sales_id, product_id, quantity, product_code, product_name, lot, unit_price, created_at, updated_at) VALUES (9027, 3, 1, 'OR0301', '오리지널 떡볶이 밀키트 매운맛 1,2인분', 'SE01-FA01-A1-OR0301-000560', 10000, '2025-12-25 15:43:41', '2025-12-25 15:43:41');

INSERT INTO franchise_order (franchise_order_id, franchise_id, order_code, user_id, address, requirement, order_status, total_quantity, total_amount, delivery_date, delivery_time, cancelled_reason, created_at, updated_at, version) VALUES (9028, 1, 'PO-20260117-029', 1001, '서울시 강남구 테스트로 1', '60~90일 과거 더미데이터', 'COMPLETED', 20, 440000, '2026-01-19 19:46:21', '09:00', NULL, '2026-01-17 15:46:21', '2026-01-19 19:46:21', 0);
INSERT INTO franchise_order_item (franchise_order_item_id, franchise_order_id, quantity, product_id, unit_price, total_price, created_at, updated_at) VALUES (9028, 9028, 20, 16, 22000, 440000, '2026-01-17 15:46:21', '2026-01-17 15:46:21');
INSERT INTO inventorylog (product_id, product_name, box_code, transaction_code, log_type, quantity, from_location_type, from_location_id, to_location_type, to_location_id, actor_type, actor_id, created_at, updated_at) VALUES (16, '로제 떡볶이 밀키트 아주매운맛 3,4인분', 'SE01-FA01-A1-RO0403-A02', 'PO-20260117-029', 'OUTBOUND', 20, 'FACTORY', 1, 'FRANCHISE', 1, 'FACTORY', 1, '2026-01-18 17:46:21', '2026-01-18 17:46:21');
INSERT INTO inventorylog (product_id, product_name, box_code, transaction_code, log_type, quantity, from_location_type, from_location_id, to_location_type, to_location_id, actor_type, actor_id, created_at, updated_at) VALUES (16, '로제 떡볶이 밀키트 아주매운맛 3,4인분', 'SE01-FA01-A1-RO0403-A02', 'PO-20260117-029', 'INBOUND', 20, 'FACTORY', 1, 'FRANCHISE', 1, 'FRANCHISE', 1, '2026-01-19 19:46:21', '2026-01-19 19:46:21');
INSERT INTO sales (sales_id, franchise_id, sales_code, quantity, total_amount, is_canceled, created_at, updated_at) VALUES (9028, 1, 'SL-20260120-029', 20, 440000, false, '2026-01-20 21:46:21', '2026-01-20 21:46:21');
INSERT INTO sales_item (sales_id, product_id, quantity, product_code, product_name, lot, unit_price, created_at, updated_at) VALUES (9028, 16, 1, 'RO0403', '로제 떡볶이 밀키트 아주매운맛 3,4인분', 'SE01-FA01-A1-RO0403-000561', 22000, '2026-01-20 21:46:21', '2026-01-20 21:46:21');
INSERT INTO sales_item (sales_id, product_id, quantity, product_code, product_name, lot, unit_price, created_at, updated_at) VALUES (9028, 16, 1, 'RO0403', '로제 떡볶이 밀키트 아주매운맛 3,4인분', 'SE01-FA01-A1-RO0403-000562', 22000, '2026-01-20 21:46:21', '2026-01-20 21:46:21');
INSERT INTO sales_item (sales_id, product_id, quantity, product_code, product_name, lot, unit_price, created_at, updated_at) VALUES (9028, 16, 1, 'RO0403', '로제 떡볶이 밀키트 아주매운맛 3,4인분', 'SE01-FA01-A1-RO0403-000563', 22000, '2026-01-20 21:46:21', '2026-01-20 21:46:21');
INSERT INTO sales_item (sales_id, product_id, quantity, product_code, product_name, lot, unit_price, created_at, updated_at) VALUES (9028, 16, 1, 'RO0403', '로제 떡볶이 밀키트 아주매운맛 3,4인분', 'SE01-FA01-A1-RO0403-000564', 22000, '2026-01-20 21:46:21', '2026-01-20 21:46:21');
INSERT INTO sales_item (sales_id, product_id, quantity, product_code, product_name, lot, unit_price, created_at, updated_at) VALUES (9028, 16, 1, 'RO0403', '로제 떡볶이 밀키트 아주매운맛 3,4인분', 'SE01-FA01-A1-RO0403-000565', 22000, '2026-01-20 21:46:21', '2026-01-20 21:46:21');
INSERT INTO sales_item (sales_id, product_id, quantity, product_code, product_name, lot, unit_price, created_at, updated_at) VALUES (9028, 16, 1, 'RO0403', '로제 떡볶이 밀키트 아주매운맛 3,4인분', 'SE01-FA01-A1-RO0403-000566', 22000, '2026-01-20 21:46:21', '2026-01-20 21:46:21');
INSERT INTO sales_item (sales_id, product_id, quantity, product_code, product_name, lot, unit_price, created_at, updated_at) VALUES (9028, 16, 1, 'RO0403', '로제 떡볶이 밀키트 아주매운맛 3,4인분', 'SE01-FA01-A1-RO0403-000567', 22000, '2026-01-20 21:46:21', '2026-01-20 21:46:21');
INSERT INTO sales_item (sales_id, product_id, quantity, product_code, product_name, lot, unit_price, created_at, updated_at) VALUES (9028, 16, 1, 'RO0403', '로제 떡볶이 밀키트 아주매운맛 3,4인분', 'SE01-FA01-A1-RO0403-000568', 22000, '2026-01-20 21:46:21', '2026-01-20 21:46:21');
INSERT INTO sales_item (sales_id, product_id, quantity, product_code, product_name, lot, unit_price, created_at, updated_at) VALUES (9028, 16, 1, 'RO0403', '로제 떡볶이 밀키트 아주매운맛 3,4인분', 'SE01-FA01-A1-RO0403-000569', 22000, '2026-01-20 21:46:21', '2026-01-20 21:46:21');
INSERT INTO sales_item (sales_id, product_id, quantity, product_code, product_name, lot, unit_price, created_at, updated_at) VALUES (9028, 16, 1, 'RO0403', '로제 떡볶이 밀키트 아주매운맛 3,4인분', 'SE01-FA01-A1-RO0403-000570', 22000, '2026-01-20 21:46:21', '2026-01-20 21:46:21');
INSERT INTO sales_item (sales_id, product_id, quantity, product_code, product_name, lot, unit_price, created_at, updated_at) VALUES (9028, 16, 1, 'RO0403', '로제 떡볶이 밀키트 아주매운맛 3,4인분', 'SE01-FA01-A1-RO0403-000571', 22000, '2026-01-20 21:46:21', '2026-01-20 21:46:21');
INSERT INTO sales_item (sales_id, product_id, quantity, product_code, product_name, lot, unit_price, created_at, updated_at) VALUES (9028, 16, 1, 'RO0403', '로제 떡볶이 밀키트 아주매운맛 3,4인분', 'SE01-FA01-A1-RO0403-000572', 22000, '2026-01-20 21:46:21', '2026-01-20 21:46:21');
INSERT INTO sales_item (sales_id, product_id, quantity, product_code, product_name, lot, unit_price, created_at, updated_at) VALUES (9028, 16, 1, 'RO0403', '로제 떡볶이 밀키트 아주매운맛 3,4인분', 'SE01-FA01-A1-RO0403-000573', 22000, '2026-01-20 21:46:21', '2026-01-20 21:46:21');
INSERT INTO sales_item (sales_id, product_id, quantity, product_code, product_name, lot, unit_price, created_at, updated_at) VALUES (9028, 16, 1, 'RO0403', '로제 떡볶이 밀키트 아주매운맛 3,4인분', 'SE01-FA01-A1-RO0403-000574', 22000, '2026-01-20 21:46:21', '2026-01-20 21:46:21');
INSERT INTO sales_item (sales_id, product_id, quantity, product_code, product_name, lot, unit_price, created_at, updated_at) VALUES (9028, 16, 1, 'RO0403', '로제 떡볶이 밀키트 아주매운맛 3,4인분', 'SE01-FA01-A1-RO0403-000575', 22000, '2026-01-20 21:46:21', '2026-01-20 21:46:21');
INSERT INTO sales_item (sales_id, product_id, quantity, product_code, product_name, lot, unit_price, created_at, updated_at) VALUES (9028, 16, 1, 'RO0403', '로제 떡볶이 밀키트 아주매운맛 3,4인분', 'SE01-FA01-A1-RO0403-000576', 22000, '2026-01-20 21:46:21', '2026-01-20 21:46:21');
INSERT INTO sales_item (sales_id, product_id, quantity, product_code, product_name, lot, unit_price, created_at, updated_at) VALUES (9028, 16, 1, 'RO0403', '로제 떡볶이 밀키트 아주매운맛 3,4인분', 'SE01-FA01-A1-RO0403-000577', 22000, '2026-01-20 21:46:21', '2026-01-20 21:46:21');
INSERT INTO sales_item (sales_id, product_id, quantity, product_code, product_name, lot, unit_price, created_at, updated_at) VALUES (9028, 16, 1, 'RO0403', '로제 떡볶이 밀키트 아주매운맛 3,4인분', 'SE01-FA01-A1-RO0403-000578', 22000, '2026-01-20 21:46:21', '2026-01-20 21:46:21');
INSERT INTO sales_item (sales_id, product_id, quantity, product_code, product_name, lot, unit_price, created_at, updated_at) VALUES (9028, 16, 1, 'RO0403', '로제 떡볶이 밀키트 아주매운맛 3,4인분', 'SE01-FA01-A1-RO0403-000579', 22000, '2026-01-20 21:46:21', '2026-01-20 21:46:21');
INSERT INTO sales_item (sales_id, product_id, quantity, product_code, product_name, lot, unit_price, created_at, updated_at) VALUES (9028, 16, 1, 'RO0403', '로제 떡볶이 밀키트 아주매운맛 3,4인분', 'SE01-FA01-A1-RO0403-000580', 22000, '2026-01-20 21:46:21', '2026-01-20 21:46:21');

INSERT INTO franchise_order (franchise_order_id, franchise_id, order_code, user_id, address, requirement, order_status, total_quantity, total_amount, delivery_date, delivery_time, cancelled_reason, created_at, updated_at, version) VALUES (9029, 1, 'PO-20260111-030', 1001, '서울시 강남구 테스트로 1', '60~90일 과거 더미데이터', 'COMPLETED', 20, 240000, '2026-01-13 16:12:34', '09:00', NULL, '2026-01-11 12:12:34', '2026-01-13 16:12:34', 0);
INSERT INTO franchise_order_item (franchise_order_item_id, franchise_order_id, quantity, product_id, unit_price, total_price, created_at, updated_at) VALUES (9029, 9029, 20, 10, 12000, 240000, '2026-01-11 12:12:34', '2026-01-11 12:12:34');
INSERT INTO inventorylog (product_id, product_name, box_code, transaction_code, log_type, quantity, from_location_type, from_location_id, to_location_type, to_location_id, actor_type, actor_id, created_at, updated_at) VALUES (10, '로제 떡볶이 밀키트 기본맛 1,2인분', 'SE01-FA01-A1-RO0201-A02', 'PO-20260111-030', 'OUTBOUND', 20, 'FACTORY', 1, 'FRANCHISE', 1, 'FACTORY', 1, '2026-01-12 14:12:34', '2026-01-12 14:12:34');
INSERT INTO inventorylog (product_id, product_name, box_code, transaction_code, log_type, quantity, from_location_type, from_location_id, to_location_type, to_location_id, actor_type, actor_id, created_at, updated_at) VALUES (10, '로제 떡볶이 밀키트 기본맛 1,2인분', 'SE01-FA01-A1-RO0201-A02', 'PO-20260111-030', 'INBOUND', 20, 'FACTORY', 1, 'FRANCHISE', 1, 'FRANCHISE', 1, '2026-01-13 16:12:34', '2026-01-13 16:12:34');
INSERT INTO sales (sales_id, franchise_id, sales_code, quantity, total_amount, is_canceled, created_at, updated_at) VALUES (9029, 1, 'SL-20260114-030', 20, 240000, false, '2026-01-14 18:12:34', '2026-01-14 18:12:34');
INSERT INTO sales_item (sales_id, product_id, quantity, product_code, product_name, lot, unit_price, created_at, updated_at) VALUES (9029, 10, 1, 'RO0201', '로제 떡볶이 밀키트 기본맛 1,2인분', 'SE01-FA01-A1-RO0201-000581', 12000, '2026-01-14 18:12:34', '2026-01-14 18:12:34');
INSERT INTO sales_item (sales_id, product_id, quantity, product_code, product_name, lot, unit_price, created_at, updated_at) VALUES (9029, 10, 1, 'RO0201', '로제 떡볶이 밀키트 기본맛 1,2인분', 'SE01-FA01-A1-RO0201-000582', 12000, '2026-01-14 18:12:34', '2026-01-14 18:12:34');
INSERT INTO sales_item (sales_id, product_id, quantity, product_code, product_name, lot, unit_price, created_at, updated_at) VALUES (9029, 10, 1, 'RO0201', '로제 떡볶이 밀키트 기본맛 1,2인분', 'SE01-FA01-A1-RO0201-000583', 12000, '2026-01-14 18:12:34', '2026-01-14 18:12:34');
INSERT INTO sales_item (sales_id, product_id, quantity, product_code, product_name, lot, unit_price, created_at, updated_at) VALUES (9029, 10, 1, 'RO0201', '로제 떡볶이 밀키트 기본맛 1,2인분', 'SE01-FA01-A1-RO0201-000584', 12000, '2026-01-14 18:12:34', '2026-01-14 18:12:34');
INSERT INTO sales_item (sales_id, product_id, quantity, product_code, product_name, lot, unit_price, created_at, updated_at) VALUES (9029, 10, 1, 'RO0201', '로제 떡볶이 밀키트 기본맛 1,2인분', 'SE01-FA01-A1-RO0201-000585', 12000, '2026-01-14 18:12:34', '2026-01-14 18:12:34');
INSERT INTO sales_item (sales_id, product_id, quantity, product_code, product_name, lot, unit_price, created_at, updated_at) VALUES (9029, 10, 1, 'RO0201', '로제 떡볶이 밀키트 기본맛 1,2인분', 'SE01-FA01-A1-RO0201-000586', 12000, '2026-01-14 18:12:34', '2026-01-14 18:12:34');
INSERT INTO sales_item (sales_id, product_id, quantity, product_code, product_name, lot, unit_price, created_at, updated_at) VALUES (9029, 10, 1, 'RO0201', '로제 떡볶이 밀키트 기본맛 1,2인분', 'SE01-FA01-A1-RO0201-000587', 12000, '2026-01-14 18:12:34', '2026-01-14 18:12:34');
INSERT INTO sales_item (sales_id, product_id, quantity, product_code, product_name, lot, unit_price, created_at, updated_at) VALUES (9029, 10, 1, 'RO0201', '로제 떡볶이 밀키트 기본맛 1,2인분', 'SE01-FA01-A1-RO0201-000588', 12000, '2026-01-14 18:12:34', '2026-01-14 18:12:34');
INSERT INTO sales_item (sales_id, product_id, quantity, product_code, product_name, lot, unit_price, created_at, updated_at) VALUES (9029, 10, 1, 'RO0201', '로제 떡볶이 밀키트 기본맛 1,2인분', 'SE01-FA01-A1-RO0201-000589', 12000, '2026-01-14 18:12:34', '2026-01-14 18:12:34');
INSERT INTO sales_item (sales_id, product_id, quantity, product_code, product_name, lot, unit_price, created_at, updated_at) VALUES (9029, 10, 1, 'RO0201', '로제 떡볶이 밀키트 기본맛 1,2인분', 'SE01-FA01-A1-RO0201-000590', 12000, '2026-01-14 18:12:34', '2026-01-14 18:12:34');
INSERT INTO sales_item (sales_id, product_id, quantity, product_code, product_name, lot, unit_price, created_at, updated_at) VALUES (9029, 10, 1, 'RO0201', '로제 떡볶이 밀키트 기본맛 1,2인분', 'SE01-FA01-A1-RO0201-000591', 12000, '2026-01-14 18:12:34', '2026-01-14 18:12:34');
INSERT INTO sales_item (sales_id, product_id, quantity, product_code, product_name, lot, unit_price, created_at, updated_at) VALUES (9029, 10, 1, 'RO0201', '로제 떡볶이 밀키트 기본맛 1,2인분', 'SE01-FA01-A1-RO0201-000592', 12000, '2026-01-14 18:12:34', '2026-01-14 18:12:34');
INSERT INTO sales_item (sales_id, product_id, quantity, product_code, product_name, lot, unit_price, created_at, updated_at) VALUES (9029, 10, 1, 'RO0201', '로제 떡볶이 밀키트 기본맛 1,2인분', 'SE01-FA01-A1-RO0201-000593', 12000, '2026-01-14 18:12:34', '2026-01-14 18:12:34');
INSERT INTO sales_item (sales_id, product_id, quantity, product_code, product_name, lot, unit_price, created_at, updated_at) VALUES (9029, 10, 1, 'RO0201', '로제 떡볶이 밀키트 기본맛 1,2인분', 'SE01-FA01-A1-RO0201-000594', 12000, '2026-01-14 18:12:34', '2026-01-14 18:12:34');
INSERT INTO sales_item (sales_id, product_id, quantity, product_code, product_name, lot, unit_price, created_at, updated_at) VALUES (9029, 10, 1, 'RO0201', '로제 떡볶이 밀키트 기본맛 1,2인분', 'SE01-FA01-A1-RO0201-000595', 12000, '2026-01-14 18:12:34', '2026-01-14 18:12:34');
INSERT INTO sales_item (sales_id, product_id, quantity, product_code, product_name, lot, unit_price, created_at, updated_at) VALUES (9029, 10, 1, 'RO0201', '로제 떡볶이 밀키트 기본맛 1,2인분', 'SE01-FA01-A1-RO0201-000596', 12000, '2026-01-14 18:12:34', '2026-01-14 18:12:34');
INSERT INTO sales_item (sales_id, product_id, quantity, product_code, product_name, lot, unit_price, created_at, updated_at) VALUES (9029, 10, 1, 'RO0201', '로제 떡볶이 밀키트 기본맛 1,2인분', 'SE01-FA01-A1-RO0201-000597', 12000, '2026-01-14 18:12:34', '2026-01-14 18:12:34');
INSERT INTO sales_item (sales_id, product_id, quantity, product_code, product_name, lot, unit_price, created_at, updated_at) VALUES (9029, 10, 1, 'RO0201', '로제 떡볶이 밀키트 기본맛 1,2인분', 'SE01-FA01-A1-RO0201-000598', 12000, '2026-01-14 18:12:34', '2026-01-14 18:12:34');
INSERT INTO sales_item (sales_id, product_id, quantity, product_code, product_name, lot, unit_price, created_at, updated_at) VALUES (9029, 10, 1, 'RO0201', '로제 떡볶이 밀키트 기본맛 1,2인분', 'SE01-FA01-A1-RO0201-000599', 12000, '2026-01-14 18:12:34', '2026-01-14 18:12:34');
INSERT INTO sales_item (sales_id, product_id, quantity, product_code, product_name, lot, unit_price, created_at, updated_at) VALUES (9029, 10, 1, 'RO0201', '로제 떡볶이 밀키트 기본맛 1,2인분', 'SE01-FA01-A1-RO0201-000600', 12000, '2026-01-14 18:12:34', '2026-01-14 18:12:34');

INSERT INTO franchise_order (franchise_order_id, franchise_id, order_code, user_id, address, requirement, order_status, total_quantity, total_amount, delivery_date, delivery_time, cancelled_reason, created_at, updated_at, version) VALUES (9030, 1, 'PO-20260105-031', 1001, '서울시 강남구 테스트로 1', '60~90일 과거 더미데이터', 'COMPLETED', 20, 240000, '2026-01-07 15:17:29', '09:00', NULL, '2026-01-05 11:17:29', '2026-01-07 15:17:29', 0);
INSERT INTO franchise_order_item (franchise_order_item_id, franchise_order_id, quantity, product_id, unit_price, total_price, created_at, updated_at) VALUES (9030, 9030, 20, 9, 12000, 240000, '2026-01-05 11:17:29', '2026-01-05 11:17:29');
INSERT INTO inventorylog (product_id, product_name, box_code, transaction_code, log_type, quantity, from_location_type, from_location_id, to_location_type, to_location_id, actor_type, actor_id, created_at, updated_at) VALUES (9, '로제 떡볶이 밀키트 순한맛 1,2인분', 'SE01-FA01-A1-RO0101-A04', 'PO-20260105-031', 'OUTBOUND', 20, 'FACTORY', 1, 'FRANCHISE', 1, 'FACTORY', 1, '2026-01-06 13:17:29', '2026-01-06 13:17:29');
INSERT INTO inventorylog (product_id, product_name, box_code, transaction_code, log_type, quantity, from_location_type, from_location_id, to_location_type, to_location_id, actor_type, actor_id, created_at, updated_at) VALUES (9, '로제 떡볶이 밀키트 순한맛 1,2인분', 'SE01-FA01-A1-RO0101-A04', 'PO-20260105-031', 'INBOUND', 20, 'FACTORY', 1, 'FRANCHISE', 1, 'FRANCHISE', 1, '2026-01-07 15:17:29', '2026-01-07 15:17:29');
INSERT INTO sales (sales_id, franchise_id, sales_code, quantity, total_amount, is_canceled, created_at, updated_at) VALUES (9030, 1, 'SL-20260108-031', 20, 240000, false, '2026-01-08 17:17:29', '2026-01-08 17:17:29');
INSERT INTO sales_item (sales_id, product_id, quantity, product_code, product_name, lot, unit_price, created_at, updated_at) VALUES (9030, 9, 1, 'RO0101', '로제 떡볶이 밀키트 순한맛 1,2인분', 'SE01-FA01-A1-RO0101-000601', 12000, '2026-01-08 17:17:29', '2026-01-08 17:17:29');
INSERT INTO sales_item (sales_id, product_id, quantity, product_code, product_name, lot, unit_price, created_at, updated_at) VALUES (9030, 9, 1, 'RO0101', '로제 떡볶이 밀키트 순한맛 1,2인분', 'SE01-FA01-A1-RO0101-000602', 12000, '2026-01-08 17:17:29', '2026-01-08 17:17:29');
INSERT INTO sales_item (sales_id, product_id, quantity, product_code, product_name, lot, unit_price, created_at, updated_at) VALUES (9030, 9, 1, 'RO0101', '로제 떡볶이 밀키트 순한맛 1,2인분', 'SE01-FA01-A1-RO0101-000603', 12000, '2026-01-08 17:17:29', '2026-01-08 17:17:29');
INSERT INTO sales_item (sales_id, product_id, quantity, product_code, product_name, lot, unit_price, created_at, updated_at) VALUES (9030, 9, 1, 'RO0101', '로제 떡볶이 밀키트 순한맛 1,2인분', 'SE01-FA01-A1-RO0101-000604', 12000, '2026-01-08 17:17:29', '2026-01-08 17:17:29');
INSERT INTO sales_item (sales_id, product_id, quantity, product_code, product_name, lot, unit_price, created_at, updated_at) VALUES (9030, 9, 1, 'RO0101', '로제 떡볶이 밀키트 순한맛 1,2인분', 'SE01-FA01-A1-RO0101-000605', 12000, '2026-01-08 17:17:29', '2026-01-08 17:17:29');
INSERT INTO sales_item (sales_id, product_id, quantity, product_code, product_name, lot, unit_price, created_at, updated_at) VALUES (9030, 9, 1, 'RO0101', '로제 떡볶이 밀키트 순한맛 1,2인분', 'SE01-FA01-A1-RO0101-000606', 12000, '2026-01-08 17:17:29', '2026-01-08 17:17:29');
INSERT INTO sales_item (sales_id, product_id, quantity, product_code, product_name, lot, unit_price, created_at, updated_at) VALUES (9030, 9, 1, 'RO0101', '로제 떡볶이 밀키트 순한맛 1,2인분', 'SE01-FA01-A1-RO0101-000607', 12000, '2026-01-08 17:17:29', '2026-01-08 17:17:29');
INSERT INTO sales_item (sales_id, product_id, quantity, product_code, product_name, lot, unit_price, created_at, updated_at) VALUES (9030, 9, 1, 'RO0101', '로제 떡볶이 밀키트 순한맛 1,2인분', 'SE01-FA01-A1-RO0101-000608', 12000, '2026-01-08 17:17:29', '2026-01-08 17:17:29');
INSERT INTO sales_item (sales_id, product_id, quantity, product_code, product_name, lot, unit_price, created_at, updated_at) VALUES (9030, 9, 1, 'RO0101', '로제 떡볶이 밀키트 순한맛 1,2인분', 'SE01-FA01-A1-RO0101-000609', 12000, '2026-01-08 17:17:29', '2026-01-08 17:17:29');
INSERT INTO sales_item (sales_id, product_id, quantity, product_code, product_name, lot, unit_price, created_at, updated_at) VALUES (9030, 9, 1, 'RO0101', '로제 떡볶이 밀키트 순한맛 1,2인분', 'SE01-FA01-A1-RO0101-000610', 12000, '2026-01-08 17:17:29', '2026-01-08 17:17:29');
INSERT INTO sales_item (sales_id, product_id, quantity, product_code, product_name, lot, unit_price, created_at, updated_at) VALUES (9030, 9, 1, 'RO0101', '로제 떡볶이 밀키트 순한맛 1,2인분', 'SE01-FA01-A1-RO0101-000611', 12000, '2026-01-08 17:17:29', '2026-01-08 17:17:29');
INSERT INTO sales_item (sales_id, product_id, quantity, product_code, product_name, lot, unit_price, created_at, updated_at) VALUES (9030, 9, 1, 'RO0101', '로제 떡볶이 밀키트 순한맛 1,2인분', 'SE01-FA01-A1-RO0101-000612', 12000, '2026-01-08 17:17:29', '2026-01-08 17:17:29');
INSERT INTO sales_item (sales_id, product_id, quantity, product_code, product_name, lot, unit_price, created_at, updated_at) VALUES (9030, 9, 1, 'RO0101', '로제 떡볶이 밀키트 순한맛 1,2인분', 'SE01-FA01-A1-RO0101-000613', 12000, '2026-01-08 17:17:29', '2026-01-08 17:17:29');
INSERT INTO sales_item (sales_id, product_id, quantity, product_code, product_name, lot, unit_price, created_at, updated_at) VALUES (9030, 9, 1, 'RO0101', '로제 떡볶이 밀키트 순한맛 1,2인분', 'SE01-FA01-A1-RO0101-000614', 12000, '2026-01-08 17:17:29', '2026-01-08 17:17:29');
INSERT INTO sales_item (sales_id, product_id, quantity, product_code, product_name, lot, unit_price, created_at, updated_at) VALUES (9030, 9, 1, 'RO0101', '로제 떡볶이 밀키트 순한맛 1,2인분', 'SE01-FA01-A1-RO0101-000615', 12000, '2026-01-08 17:17:29', '2026-01-08 17:17:29');
INSERT INTO sales_item (sales_id, product_id, quantity, product_code, product_name, lot, unit_price, created_at, updated_at) VALUES (9030, 9, 1, 'RO0101', '로제 떡볶이 밀키트 순한맛 1,2인분', 'SE01-FA01-A1-RO0101-000616', 12000, '2026-01-08 17:17:29', '2026-01-08 17:17:29');
INSERT INTO sales_item (sales_id, product_id, quantity, product_code, product_name, lot, unit_price, created_at, updated_at) VALUES (9030, 9, 1, 'RO0101', '로제 떡볶이 밀키트 순한맛 1,2인분', 'SE01-FA01-A1-RO0101-000617', 12000, '2026-01-08 17:17:29', '2026-01-08 17:17:29');
INSERT INTO sales_item (sales_id, product_id, quantity, product_code, product_name, lot, unit_price, created_at, updated_at) VALUES (9030, 9, 1, 'RO0101', '로제 떡볶이 밀키트 순한맛 1,2인분', 'SE01-FA01-A1-RO0101-000618', 12000, '2026-01-08 17:17:29', '2026-01-08 17:17:29');
INSERT INTO sales_item (sales_id, product_id, quantity, product_code, product_name, lot, unit_price, created_at, updated_at) VALUES (9030, 9, 1, 'RO0101', '로제 떡볶이 밀키트 순한맛 1,2인분', 'SE01-FA01-A1-RO0101-000619', 12000, '2026-01-08 17:17:29', '2026-01-08 17:17:29');
INSERT INTO sales_item (sales_id, product_id, quantity, product_code, product_name, lot, unit_price, created_at, updated_at) VALUES (9030, 9, 1, 'RO0101', '로제 떡볶이 밀키트 순한맛 1,2인분', 'SE01-FA01-A1-RO0101-000620', 12000, '2026-01-08 17:17:29', '2026-01-08 17:17:29');

INSERT INTO franchise_order (franchise_order_id, franchise_id, order_code, user_id, address, requirement, order_status, total_quantity, total_amount, delivery_date, delivery_time, cancelled_reason, created_at, updated_at, version) VALUES (9031, 1, 'PO-20260104-032', 1001, '서울시 강남구 테스트로 1', '60~90일 과거 더미데이터', 'COMPLETED', 20, 440000, '2026-01-06 21:06:03', '09:00', NULL, '2026-01-04 17:06:03', '2026-01-06 21:06:03', 0);
INSERT INTO franchise_order_item (franchise_order_item_id, franchise_order_id, quantity, product_id, unit_price, total_price, created_at, updated_at) VALUES (9031, 9031, 20, 24, 22000, 440000, '2026-01-04 17:06:03', '2026-01-04 17:06:03');
INSERT INTO inventorylog (product_id, product_name, box_code, transaction_code, log_type, quantity, from_location_type, from_location_id, to_location_type, to_location_id, actor_type, actor_id, created_at, updated_at) VALUES (24, '마라 떡볶이 밀키트 아주매운맛 3,4인분', 'SE01-FA01-A1-MA0403-A01', 'PO-20260104-032', 'OUTBOUND', 20, 'FACTORY', 1, 'FRANCHISE', 1, 'FACTORY', 1, '2026-01-05 19:06:03', '2026-01-05 19:06:03');
INSERT INTO inventorylog (product_id, product_name, box_code, transaction_code, log_type, quantity, from_location_type, from_location_id, to_location_type, to_location_id, actor_type, actor_id, created_at, updated_at) VALUES (24, '마라 떡볶이 밀키트 아주매운맛 3,4인분', 'SE01-FA01-A1-MA0403-A01', 'PO-20260104-032', 'INBOUND', 20, 'FACTORY', 1, 'FRANCHISE', 1, 'FRANCHISE', 1, '2026-01-06 21:06:03', '2026-01-06 21:06:03');
INSERT INTO sales (sales_id, franchise_id, sales_code, quantity, total_amount, is_canceled, created_at, updated_at) VALUES (9031, 1, 'SL-20260107-032', 20, 440000, false, '2026-01-07 23:06:03', '2026-01-07 23:06:03');
INSERT INTO sales_item (sales_id, product_id, quantity, product_code, product_name, lot, unit_price, created_at, updated_at) VALUES (9031, 24, 1, 'MA0403', '마라 떡볶이 밀키트 아주매운맛 3,4인분', 'SE01-FA01-A1-MA0403-000621', 22000, '2026-01-07 23:06:03', '2026-01-07 23:06:03');
INSERT INTO sales_item (sales_id, product_id, quantity, product_code, product_name, lot, unit_price, created_at, updated_at) VALUES (9031, 24, 1, 'MA0403', '마라 떡볶이 밀키트 아주매운맛 3,4인분', 'SE01-FA01-A1-MA0403-000622', 22000, '2026-01-07 23:06:03', '2026-01-07 23:06:03');
INSERT INTO sales_item (sales_id, product_id, quantity, product_code, product_name, lot, unit_price, created_at, updated_at) VALUES (9031, 24, 1, 'MA0403', '마라 떡볶이 밀키트 아주매운맛 3,4인분', 'SE01-FA01-A1-MA0403-000623', 22000, '2026-01-07 23:06:03', '2026-01-07 23:06:03');
INSERT INTO sales_item (sales_id, product_id, quantity, product_code, product_name, lot, unit_price, created_at, updated_at) VALUES (9031, 24, 1, 'MA0403', '마라 떡볶이 밀키트 아주매운맛 3,4인분', 'SE01-FA01-A1-MA0403-000624', 22000, '2026-01-07 23:06:03', '2026-01-07 23:06:03');
INSERT INTO sales_item (sales_id, product_id, quantity, product_code, product_name, lot, unit_price, created_at, updated_at) VALUES (9031, 24, 1, 'MA0403', '마라 떡볶이 밀키트 아주매운맛 3,4인분', 'SE01-FA01-A1-MA0403-000625', 22000, '2026-01-07 23:06:03', '2026-01-07 23:06:03');
INSERT INTO sales_item (sales_id, product_id, quantity, product_code, product_name, lot, unit_price, created_at, updated_at) VALUES (9031, 24, 1, 'MA0403', '마라 떡볶이 밀키트 아주매운맛 3,4인분', 'SE01-FA01-A1-MA0403-000626', 22000, '2026-01-07 23:06:03', '2026-01-07 23:06:03');
INSERT INTO sales_item (sales_id, product_id, quantity, product_code, product_name, lot, unit_price, created_at, updated_at) VALUES (9031, 24, 1, 'MA0403', '마라 떡볶이 밀키트 아주매운맛 3,4인분', 'SE01-FA01-A1-MA0403-000627', 22000, '2026-01-07 23:06:03', '2026-01-07 23:06:03');
INSERT INTO sales_item (sales_id, product_id, quantity, product_code, product_name, lot, unit_price, created_at, updated_at) VALUES (9031, 24, 1, 'MA0403', '마라 떡볶이 밀키트 아주매운맛 3,4인분', 'SE01-FA01-A1-MA0403-000628', 22000, '2026-01-07 23:06:03', '2026-01-07 23:06:03');
INSERT INTO sales_item (sales_id, product_id, quantity, product_code, product_name, lot, unit_price, created_at, updated_at) VALUES (9031, 24, 1, 'MA0403', '마라 떡볶이 밀키트 아주매운맛 3,4인분', 'SE01-FA01-A1-MA0403-000629', 22000, '2026-01-07 23:06:03', '2026-01-07 23:06:03');
INSERT INTO sales_item (sales_id, product_id, quantity, product_code, product_name, lot, unit_price, created_at, updated_at) VALUES (9031, 24, 1, 'MA0403', '마라 떡볶이 밀키트 아주매운맛 3,4인분', 'SE01-FA01-A1-MA0403-000630', 22000, '2026-01-07 23:06:03', '2026-01-07 23:06:03');
INSERT INTO sales_item (sales_id, product_id, quantity, product_code, product_name, lot, unit_price, created_at, updated_at) VALUES (9031, 24, 1, 'MA0403', '마라 떡볶이 밀키트 아주매운맛 3,4인분', 'SE01-FA01-A1-MA0403-000631', 22000, '2026-01-07 23:06:03', '2026-01-07 23:06:03');
INSERT INTO sales_item (sales_id, product_id, quantity, product_code, product_name, lot, unit_price, created_at, updated_at) VALUES (9031, 24, 1, 'MA0403', '마라 떡볶이 밀키트 아주매운맛 3,4인분', 'SE01-FA01-A1-MA0403-000632', 22000, '2026-01-07 23:06:03', '2026-01-07 23:06:03');
INSERT INTO sales_item (sales_id, product_id, quantity, product_code, product_name, lot, unit_price, created_at, updated_at) VALUES (9031, 24, 1, 'MA0403', '마라 떡볶이 밀키트 아주매운맛 3,4인분', 'SE01-FA01-A1-MA0403-000633', 22000, '2026-01-07 23:06:03', '2026-01-07 23:06:03');
INSERT INTO sales_item (sales_id, product_id, quantity, product_code, product_name, lot, unit_price, created_at, updated_at) VALUES (9031, 24, 1, 'MA0403', '마라 떡볶이 밀키트 아주매운맛 3,4인분', 'SE01-FA01-A1-MA0403-000634', 22000, '2026-01-07 23:06:03', '2026-01-07 23:06:03');
INSERT INTO sales_item (sales_id, product_id, quantity, product_code, product_name, lot, unit_price, created_at, updated_at) VALUES (9031, 24, 1, 'MA0403', '마라 떡볶이 밀키트 아주매운맛 3,4인분', 'SE01-FA01-A1-MA0403-000635', 22000, '2026-01-07 23:06:03', '2026-01-07 23:06:03');
INSERT INTO sales_item (sales_id, product_id, quantity, product_code, product_name, lot, unit_price, created_at, updated_at) VALUES (9031, 24, 1, 'MA0403', '마라 떡볶이 밀키트 아주매운맛 3,4인분', 'SE01-FA01-A1-MA0403-000636', 22000, '2026-01-07 23:06:03', '2026-01-07 23:06:03');
INSERT INTO sales_item (sales_id, product_id, quantity, product_code, product_name, lot, unit_price, created_at, updated_at) VALUES (9031, 24, 1, 'MA0403', '마라 떡볶이 밀키트 아주매운맛 3,4인분', 'SE01-FA01-A1-MA0403-000637', 22000, '2026-01-07 23:06:03', '2026-01-07 23:06:03');
INSERT INTO sales_item (sales_id, product_id, quantity, product_code, product_name, lot, unit_price, created_at, updated_at) VALUES (9031, 24, 1, 'MA0403', '마라 떡볶이 밀키트 아주매운맛 3,4인분', 'SE01-FA01-A1-MA0403-000638', 22000, '2026-01-07 23:06:03', '2026-01-07 23:06:03');
INSERT INTO sales_item (sales_id, product_id, quantity, product_code, product_name, lot, unit_price, created_at, updated_at) VALUES (9031, 24, 1, 'MA0403', '마라 떡볶이 밀키트 아주매운맛 3,4인분', 'SE01-FA01-A1-MA0403-000639', 22000, '2026-01-07 23:06:03', '2026-01-07 23:06:03');
INSERT INTO sales_item (sales_id, product_id, quantity, product_code, product_name, lot, unit_price, created_at, updated_at) VALUES (9031, 24, 1, 'MA0403', '마라 떡볶이 밀키트 아주매운맛 3,4인분', 'SE01-FA01-A1-MA0403-000640', 22000, '2026-01-07 23:06:03', '2026-01-07 23:06:03');

INSERT INTO franchise_order (franchise_order_id, franchise_id, order_code, user_id, address, requirement, order_status, total_quantity, total_amount, delivery_date, delivery_time, cancelled_reason, created_at, updated_at, version) VALUES (9032, 1, 'PO-20260116-033', 1001, '서울시 강남구 테스트로 1', '60~90일 과거 더미데이터', 'COMPLETED', 20, 240000, '2026-01-18 16:10:26', '09:00', NULL, '2026-01-16 12:10:26', '2026-01-18 16:10:26', 0);
INSERT INTO franchise_order_item (franchise_order_item_id, franchise_order_id, quantity, product_id, unit_price, total_price, created_at, updated_at) VALUES (9032, 9032, 20, 12, 12000, 240000, '2026-01-16 12:10:26', '2026-01-16 12:10:26');
INSERT INTO inventorylog (product_id, product_name, box_code, transaction_code, log_type, quantity, from_location_type, from_location_id, to_location_type, to_location_id, actor_type, actor_id, created_at, updated_at) VALUES (12, '로제 떡볶이 밀키트 아주매운맛 1,2인분', 'SE01-FA01-A1-RO0401-A02', 'PO-20260116-033', 'OUTBOUND', 20, 'FACTORY', 1, 'FRANCHISE', 1, 'FACTORY', 1, '2026-01-17 14:10:26', '2026-01-17 14:10:26');
INSERT INTO inventorylog (product_id, product_name, box_code, transaction_code, log_type, quantity, from_location_type, from_location_id, to_location_type, to_location_id, actor_type, actor_id, created_at, updated_at) VALUES (12, '로제 떡볶이 밀키트 아주매운맛 1,2인분', 'SE01-FA01-A1-RO0401-A02', 'PO-20260116-033', 'INBOUND', 20, 'FACTORY', 1, 'FRANCHISE', 1, 'FRANCHISE', 1, '2026-01-18 16:10:26', '2026-01-18 16:10:26');
INSERT INTO sales (sales_id, franchise_id, sales_code, quantity, total_amount, is_canceled, created_at, updated_at) VALUES (9032, 1, 'SL-20260119-033', 20, 240000, false, '2026-01-19 18:10:26', '2026-01-19 18:10:26');
INSERT INTO sales_item (sales_id, product_id, quantity, product_code, product_name, lot, unit_price, created_at, updated_at) VALUES (9032, 12, 1, 'RO0401', '로제 떡볶이 밀키트 아주매운맛 1,2인분', 'SE01-FA01-A1-RO0401-000641', 12000, '2026-01-19 18:10:26', '2026-01-19 18:10:26');
INSERT INTO sales_item (sales_id, product_id, quantity, product_code, product_name, lot, unit_price, created_at, updated_at) VALUES (9032, 12, 1, 'RO0401', '로제 떡볶이 밀키트 아주매운맛 1,2인분', 'SE01-FA01-A1-RO0401-000642', 12000, '2026-01-19 18:10:26', '2026-01-19 18:10:26');
INSERT INTO sales_item (sales_id, product_id, quantity, product_code, product_name, lot, unit_price, created_at, updated_at) VALUES (9032, 12, 1, 'RO0401', '로제 떡볶이 밀키트 아주매운맛 1,2인분', 'SE01-FA01-A1-RO0401-000643', 12000, '2026-01-19 18:10:26', '2026-01-19 18:10:26');
INSERT INTO sales_item (sales_id, product_id, quantity, product_code, product_name, lot, unit_price, created_at, updated_at) VALUES (9032, 12, 1, 'RO0401', '로제 떡볶이 밀키트 아주매운맛 1,2인분', 'SE01-FA01-A1-RO0401-000644', 12000, '2026-01-19 18:10:26', '2026-01-19 18:10:26');
INSERT INTO sales_item (sales_id, product_id, quantity, product_code, product_name, lot, unit_price, created_at, updated_at) VALUES (9032, 12, 1, 'RO0401', '로제 떡볶이 밀키트 아주매운맛 1,2인분', 'SE01-FA01-A1-RO0401-000645', 12000, '2026-01-19 18:10:26', '2026-01-19 18:10:26');
INSERT INTO sales_item (sales_id, product_id, quantity, product_code, product_name, lot, unit_price, created_at, updated_at) VALUES (9032, 12, 1, 'RO0401', '로제 떡볶이 밀키트 아주매운맛 1,2인분', 'SE01-FA01-A1-RO0401-000646', 12000, '2026-01-19 18:10:26', '2026-01-19 18:10:26');
INSERT INTO sales_item (sales_id, product_id, quantity, product_code, product_name, lot, unit_price, created_at, updated_at) VALUES (9032, 12, 1, 'RO0401', '로제 떡볶이 밀키트 아주매운맛 1,2인분', 'SE01-FA01-A1-RO0401-000647', 12000, '2026-01-19 18:10:26', '2026-01-19 18:10:26');
INSERT INTO sales_item (sales_id, product_id, quantity, product_code, product_name, lot, unit_price, created_at, updated_at) VALUES (9032, 12, 1, 'RO0401', '로제 떡볶이 밀키트 아주매운맛 1,2인분', 'SE01-FA01-A1-RO0401-000648', 12000, '2026-01-19 18:10:26', '2026-01-19 18:10:26');
INSERT INTO sales_item (sales_id, product_id, quantity, product_code, product_name, lot, unit_price, created_at, updated_at) VALUES (9032, 12, 1, 'RO0401', '로제 떡볶이 밀키트 아주매운맛 1,2인분', 'SE01-FA01-A1-RO0401-000649', 12000, '2026-01-19 18:10:26', '2026-01-19 18:10:26');
INSERT INTO sales_item (sales_id, product_id, quantity, product_code, product_name, lot, unit_price, created_at, updated_at) VALUES (9032, 12, 1, 'RO0401', '로제 떡볶이 밀키트 아주매운맛 1,2인분', 'SE01-FA01-A1-RO0401-000650', 12000, '2026-01-19 18:10:26', '2026-01-19 18:10:26');
INSERT INTO sales_item (sales_id, product_id, quantity, product_code, product_name, lot, unit_price, created_at, updated_at) VALUES (9032, 12, 1, 'RO0401', '로제 떡볶이 밀키트 아주매운맛 1,2인분', 'SE01-FA01-A1-RO0401-000651', 12000, '2026-01-19 18:10:26', '2026-01-19 18:10:26');
INSERT INTO sales_item (sales_id, product_id, quantity, product_code, product_name, lot, unit_price, created_at, updated_at) VALUES (9032, 12, 1, 'RO0401', '로제 떡볶이 밀키트 아주매운맛 1,2인분', 'SE01-FA01-A1-RO0401-000652', 12000, '2026-01-19 18:10:26', '2026-01-19 18:10:26');
INSERT INTO sales_item (sales_id, product_id, quantity, product_code, product_name, lot, unit_price, created_at, updated_at) VALUES (9032, 12, 1, 'RO0401', '로제 떡볶이 밀키트 아주매운맛 1,2인분', 'SE01-FA01-A1-RO0401-000653', 12000, '2026-01-19 18:10:26', '2026-01-19 18:10:26');
INSERT INTO sales_item (sales_id, product_id, quantity, product_code, product_name, lot, unit_price, created_at, updated_at) VALUES (9032, 12, 1, 'RO0401', '로제 떡볶이 밀키트 아주매운맛 1,2인분', 'SE01-FA01-A1-RO0401-000654', 12000, '2026-01-19 18:10:26', '2026-01-19 18:10:26');
INSERT INTO sales_item (sales_id, product_id, quantity, product_code, product_name, lot, unit_price, created_at, updated_at) VALUES (9032, 12, 1, 'RO0401', '로제 떡볶이 밀키트 아주매운맛 1,2인분', 'SE01-FA01-A1-RO0401-000655', 12000, '2026-01-19 18:10:26', '2026-01-19 18:10:26');
INSERT INTO sales_item (sales_id, product_id, quantity, product_code, product_name, lot, unit_price, created_at, updated_at) VALUES (9032, 12, 1, 'RO0401', '로제 떡볶이 밀키트 아주매운맛 1,2인분', 'SE01-FA01-A1-RO0401-000656', 12000, '2026-01-19 18:10:26', '2026-01-19 18:10:26');
INSERT INTO sales_item (sales_id, product_id, quantity, product_code, product_name, lot, unit_price, created_at, updated_at) VALUES (9032, 12, 1, 'RO0401', '로제 떡볶이 밀키트 아주매운맛 1,2인분', 'SE01-FA01-A1-RO0401-000657', 12000, '2026-01-19 18:10:26', '2026-01-19 18:10:26');
INSERT INTO sales_item (sales_id, product_id, quantity, product_code, product_name, lot, unit_price, created_at, updated_at) VALUES (9032, 12, 1, 'RO0401', '로제 떡볶이 밀키트 아주매운맛 1,2인분', 'SE01-FA01-A1-RO0401-000658', 12000, '2026-01-19 18:10:26', '2026-01-19 18:10:26');
INSERT INTO sales_item (sales_id, product_id, quantity, product_code, product_name, lot, unit_price, created_at, updated_at) VALUES (9032, 12, 1, 'RO0401', '로제 떡볶이 밀키트 아주매운맛 1,2인분', 'SE01-FA01-A1-RO0401-000659', 12000, '2026-01-19 18:10:26', '2026-01-19 18:10:26');
INSERT INTO sales_item (sales_id, product_id, quantity, product_code, product_name, lot, unit_price, created_at, updated_at) VALUES (9032, 12, 1, 'RO0401', '로제 떡볶이 밀키트 아주매운맛 1,2인분', 'SE01-FA01-A1-RO0401-000660', 12000, '2026-01-19 18:10:26', '2026-01-19 18:10:26');

INSERT INTO franchise_order (franchise_order_id, franchise_id, order_code, user_id, address, requirement, order_status, total_quantity, total_amount, delivery_date, delivery_time, cancelled_reason, created_at, updated_at, version) VALUES (9033, 1, 'PO-20260112-034', 1001, '서울시 강남구 테스트로 1', '60~90일 과거 더미데이터', 'COMPLETED', 20, 440000, '2026-01-14 19:57:03', '09:00', NULL, '2026-01-12 15:57:03', '2026-01-14 19:57:03', 0);
INSERT INTO franchise_order_item (franchise_order_item_id, franchise_order_id, quantity, product_id, unit_price, total_price, created_at, updated_at) VALUES (9033, 9033, 20, 16, 22000, 440000, '2026-01-12 15:57:03', '2026-01-12 15:57:03');
INSERT INTO inventorylog (product_id, product_name, box_code, transaction_code, log_type, quantity, from_location_type, from_location_id, to_location_type, to_location_id, actor_type, actor_id, created_at, updated_at) VALUES (16, '로제 떡볶이 밀키트 아주매운맛 3,4인분', 'SE01-FA01-A1-RO0403-A03', 'PO-20260112-034', 'OUTBOUND', 20, 'FACTORY', 1, 'FRANCHISE', 1, 'FACTORY', 1, '2026-01-13 17:57:03', '2026-01-13 17:57:03');
INSERT INTO inventorylog (product_id, product_name, box_code, transaction_code, log_type, quantity, from_location_type, from_location_id, to_location_type, to_location_id, actor_type, actor_id, created_at, updated_at) VALUES (16, '로제 떡볶이 밀키트 아주매운맛 3,4인분', 'SE01-FA01-A1-RO0403-A03', 'PO-20260112-034', 'INBOUND', 20, 'FACTORY', 1, 'FRANCHISE', 1, 'FRANCHISE', 1, '2026-01-14 19:57:03', '2026-01-14 19:57:03');
INSERT INTO sales (sales_id, franchise_id, sales_code, quantity, total_amount, is_canceled, created_at, updated_at) VALUES (9033, 1, 'SL-20260115-034', 20, 440000, false, '2026-01-15 21:57:03', '2026-01-15 21:57:03');
INSERT INTO sales_item (sales_id, product_id, quantity, product_code, product_name, lot, unit_price, created_at, updated_at) VALUES (9033, 16, 1, 'RO0403', '로제 떡볶이 밀키트 아주매운맛 3,4인분', 'SE01-FA01-A1-RO0403-000661', 22000, '2026-01-15 21:57:03', '2026-01-15 21:57:03');
INSERT INTO sales_item (sales_id, product_id, quantity, product_code, product_name, lot, unit_price, created_at, updated_at) VALUES (9033, 16, 1, 'RO0403', '로제 떡볶이 밀키트 아주매운맛 3,4인분', 'SE01-FA01-A1-RO0403-000662', 22000, '2026-01-15 21:57:03', '2026-01-15 21:57:03');
INSERT INTO sales_item (sales_id, product_id, quantity, product_code, product_name, lot, unit_price, created_at, updated_at) VALUES (9033, 16, 1, 'RO0403', '로제 떡볶이 밀키트 아주매운맛 3,4인분', 'SE01-FA01-A1-RO0403-000663', 22000, '2026-01-15 21:57:03', '2026-01-15 21:57:03');
INSERT INTO sales_item (sales_id, product_id, quantity, product_code, product_name, lot, unit_price, created_at, updated_at) VALUES (9033, 16, 1, 'RO0403', '로제 떡볶이 밀키트 아주매운맛 3,4인분', 'SE01-FA01-A1-RO0403-000664', 22000, '2026-01-15 21:57:03', '2026-01-15 21:57:03');
INSERT INTO sales_item (sales_id, product_id, quantity, product_code, product_name, lot, unit_price, created_at, updated_at) VALUES (9033, 16, 1, 'RO0403', '로제 떡볶이 밀키트 아주매운맛 3,4인분', 'SE01-FA01-A1-RO0403-000665', 22000, '2026-01-15 21:57:03', '2026-01-15 21:57:03');
INSERT INTO sales_item (sales_id, product_id, quantity, product_code, product_name, lot, unit_price, created_at, updated_at) VALUES (9033, 16, 1, 'RO0403', '로제 떡볶이 밀키트 아주매운맛 3,4인분', 'SE01-FA01-A1-RO0403-000666', 22000, '2026-01-15 21:57:03', '2026-01-15 21:57:03');
INSERT INTO sales_item (sales_id, product_id, quantity, product_code, product_name, lot, unit_price, created_at, updated_at) VALUES (9033, 16, 1, 'RO0403', '로제 떡볶이 밀키트 아주매운맛 3,4인분', 'SE01-FA01-A1-RO0403-000667', 22000, '2026-01-15 21:57:03', '2026-01-15 21:57:03');
INSERT INTO sales_item (sales_id, product_id, quantity, product_code, product_name, lot, unit_price, created_at, updated_at) VALUES (9033, 16, 1, 'RO0403', '로제 떡볶이 밀키트 아주매운맛 3,4인분', 'SE01-FA01-A1-RO0403-000668', 22000, '2026-01-15 21:57:03', '2026-01-15 21:57:03');
INSERT INTO sales_item (sales_id, product_id, quantity, product_code, product_name, lot, unit_price, created_at, updated_at) VALUES (9033, 16, 1, 'RO0403', '로제 떡볶이 밀키트 아주매운맛 3,4인분', 'SE01-FA01-A1-RO0403-000669', 22000, '2026-01-15 21:57:03', '2026-01-15 21:57:03');
INSERT INTO sales_item (sales_id, product_id, quantity, product_code, product_name, lot, unit_price, created_at, updated_at) VALUES (9033, 16, 1, 'RO0403', '로제 떡볶이 밀키트 아주매운맛 3,4인분', 'SE01-FA01-A1-RO0403-000670', 22000, '2026-01-15 21:57:03', '2026-01-15 21:57:03');
INSERT INTO sales_item (sales_id, product_id, quantity, product_code, product_name, lot, unit_price, created_at, updated_at) VALUES (9033, 16, 1, 'RO0403', '로제 떡볶이 밀키트 아주매운맛 3,4인분', 'SE01-FA01-A1-RO0403-000671', 22000, '2026-01-15 21:57:03', '2026-01-15 21:57:03');
INSERT INTO sales_item (sales_id, product_id, quantity, product_code, product_name, lot, unit_price, created_at, updated_at) VALUES (9033, 16, 1, 'RO0403', '로제 떡볶이 밀키트 아주매운맛 3,4인분', 'SE01-FA01-A1-RO0403-000672', 22000, '2026-01-15 21:57:03', '2026-01-15 21:57:03');
INSERT INTO sales_item (sales_id, product_id, quantity, product_code, product_name, lot, unit_price, created_at, updated_at) VALUES (9033, 16, 1, 'RO0403', '로제 떡볶이 밀키트 아주매운맛 3,4인분', 'SE01-FA01-A1-RO0403-000673', 22000, '2026-01-15 21:57:03', '2026-01-15 21:57:03');
INSERT INTO sales_item (sales_id, product_id, quantity, product_code, product_name, lot, unit_price, created_at, updated_at) VALUES (9033, 16, 1, 'RO0403', '로제 떡볶이 밀키트 아주매운맛 3,4인분', 'SE01-FA01-A1-RO0403-000674', 22000, '2026-01-15 21:57:03', '2026-01-15 21:57:03');
INSERT INTO sales_item (sales_id, product_id, quantity, product_code, product_name, lot, unit_price, created_at, updated_at) VALUES (9033, 16, 1, 'RO0403', '로제 떡볶이 밀키트 아주매운맛 3,4인분', 'SE01-FA01-A1-RO0403-000675', 22000, '2026-01-15 21:57:03', '2026-01-15 21:57:03');
INSERT INTO sales_item (sales_id, product_id, quantity, product_code, product_name, lot, unit_price, created_at, updated_at) VALUES (9033, 16, 1, 'RO0403', '로제 떡볶이 밀키트 아주매운맛 3,4인분', 'SE01-FA01-A1-RO0403-000676', 22000, '2026-01-15 21:57:03', '2026-01-15 21:57:03');
INSERT INTO sales_item (sales_id, product_id, quantity, product_code, product_name, lot, unit_price, created_at, updated_at) VALUES (9033, 16, 1, 'RO0403', '로제 떡볶이 밀키트 아주매운맛 3,4인분', 'SE01-FA01-A1-RO0403-000677', 22000, '2026-01-15 21:57:03', '2026-01-15 21:57:03');
INSERT INTO sales_item (sales_id, product_id, quantity, product_code, product_name, lot, unit_price, created_at, updated_at) VALUES (9033, 16, 1, 'RO0403', '로제 떡볶이 밀키트 아주매운맛 3,4인분', 'SE01-FA01-A1-RO0403-000678', 22000, '2026-01-15 21:57:03', '2026-01-15 21:57:03');
INSERT INTO sales_item (sales_id, product_id, quantity, product_code, product_name, lot, unit_price, created_at, updated_at) VALUES (9033, 16, 1, 'RO0403', '로제 떡볶이 밀키트 아주매운맛 3,4인분', 'SE01-FA01-A1-RO0403-000679', 22000, '2026-01-15 21:57:03', '2026-01-15 21:57:03');
INSERT INTO sales_item (sales_id, product_id, quantity, product_code, product_name, lot, unit_price, created_at, updated_at) VALUES (9033, 16, 1, 'RO0403', '로제 떡볶이 밀키트 아주매운맛 3,4인분', 'SE01-FA01-A1-RO0403-000680', 22000, '2026-01-15 21:57:03', '2026-01-15 21:57:03');

INSERT INTO franchise_order (franchise_order_id, franchise_id, order_code, user_id, address, requirement, order_status, total_quantity, total_amount, delivery_date, delivery_time, cancelled_reason, created_at, updated_at, version) VALUES (9034, 1, 'PO-20260118-035', 1001, '서울시 강남구 테스트로 1', '60~90일 과거 더미데이터', 'COMPLETED', 20, 200000, '2026-01-20 19:16:59', '09:00', NULL, '2026-01-18 15:16:59', '2026-01-20 19:16:59', 0);
INSERT INTO franchise_order_item (franchise_order_item_id, franchise_order_id, quantity, product_id, unit_price, total_price, created_at, updated_at) VALUES (9034, 9034, 20, 3, 10000, 200000, '2026-01-18 15:16:59', '2026-01-18 15:16:59');
INSERT INTO inventorylog (product_id, product_name, box_code, transaction_code, log_type, quantity, from_location_type, from_location_id, to_location_type, to_location_id, actor_type, actor_id, created_at, updated_at) VALUES (3, '오리지널 떡볶이 밀키트 매운맛 1,2인분', 'SE01-FA01-A1-OR0301-A03', 'PO-20260118-035', 'OUTBOUND', 20, 'FACTORY', 1, 'FRANCHISE', 1, 'FACTORY', 1, '2026-01-19 17:16:59', '2026-01-19 17:16:59');
INSERT INTO inventorylog (product_id, product_name, box_code, transaction_code, log_type, quantity, from_location_type, from_location_id, to_location_type, to_location_id, actor_type, actor_id, created_at, updated_at) VALUES (3, '오리지널 떡볶이 밀키트 매운맛 1,2인분', 'SE01-FA01-A1-OR0301-A03', 'PO-20260118-035', 'INBOUND', 20, 'FACTORY', 1, 'FRANCHISE', 1, 'FRANCHISE', 1, '2026-01-20 19:16:59', '2026-01-20 19:16:59');
INSERT INTO sales (sales_id, franchise_id, sales_code, quantity, total_amount, is_canceled, created_at, updated_at) VALUES (9034, 1, 'SL-20260121-035', 20, 200000, false, '2026-01-21 21:16:59', '2026-01-21 21:16:59');
INSERT INTO sales_item (sales_id, product_id, quantity, product_code, product_name, lot, unit_price, created_at, updated_at) VALUES (9034, 3, 1, 'OR0301', '오리지널 떡볶이 밀키트 매운맛 1,2인분', 'SE01-FA01-A1-OR0301-000681', 10000, '2026-01-21 21:16:59', '2026-01-21 21:16:59');
INSERT INTO sales_item (sales_id, product_id, quantity, product_code, product_name, lot, unit_price, created_at, updated_at) VALUES (9034, 3, 1, 'OR0301', '오리지널 떡볶이 밀키트 매운맛 1,2인분', 'SE01-FA01-A1-OR0301-000682', 10000, '2026-01-21 21:16:59', '2026-01-21 21:16:59');
INSERT INTO sales_item (sales_id, product_id, quantity, product_code, product_name, lot, unit_price, created_at, updated_at) VALUES (9034, 3, 1, 'OR0301', '오리지널 떡볶이 밀키트 매운맛 1,2인분', 'SE01-FA01-A1-OR0301-000683', 10000, '2026-01-21 21:16:59', '2026-01-21 21:16:59');
INSERT INTO sales_item (sales_id, product_id, quantity, product_code, product_name, lot, unit_price, created_at, updated_at) VALUES (9034, 3, 1, 'OR0301', '오리지널 떡볶이 밀키트 매운맛 1,2인분', 'SE01-FA01-A1-OR0301-000684', 10000, '2026-01-21 21:16:59', '2026-01-21 21:16:59');
INSERT INTO sales_item (sales_id, product_id, quantity, product_code, product_name, lot, unit_price, created_at, updated_at) VALUES (9034, 3, 1, 'OR0301', '오리지널 떡볶이 밀키트 매운맛 1,2인분', 'SE01-FA01-A1-OR0301-000685', 10000, '2026-01-21 21:16:59', '2026-01-21 21:16:59');
INSERT INTO sales_item (sales_id, product_id, quantity, product_code, product_name, lot, unit_price, created_at, updated_at) VALUES (9034, 3, 1, 'OR0301', '오리지널 떡볶이 밀키트 매운맛 1,2인분', 'SE01-FA01-A1-OR0301-000686', 10000, '2026-01-21 21:16:59', '2026-01-21 21:16:59');
INSERT INTO sales_item (sales_id, product_id, quantity, product_code, product_name, lot, unit_price, created_at, updated_at) VALUES (9034, 3, 1, 'OR0301', '오리지널 떡볶이 밀키트 매운맛 1,2인분', 'SE01-FA01-A1-OR0301-000687', 10000, '2026-01-21 21:16:59', '2026-01-21 21:16:59');
INSERT INTO sales_item (sales_id, product_id, quantity, product_code, product_name, lot, unit_price, created_at, updated_at) VALUES (9034, 3, 1, 'OR0301', '오리지널 떡볶이 밀키트 매운맛 1,2인분', 'SE01-FA01-A1-OR0301-000688', 10000, '2026-01-21 21:16:59', '2026-01-21 21:16:59');
INSERT INTO sales_item (sales_id, product_id, quantity, product_code, product_name, lot, unit_price, created_at, updated_at) VALUES (9034, 3, 1, 'OR0301', '오리지널 떡볶이 밀키트 매운맛 1,2인분', 'SE01-FA01-A1-OR0301-000689', 10000, '2026-01-21 21:16:59', '2026-01-21 21:16:59');
INSERT INTO sales_item (sales_id, product_id, quantity, product_code, product_name, lot, unit_price, created_at, updated_at) VALUES (9034, 3, 1, 'OR0301', '오리지널 떡볶이 밀키트 매운맛 1,2인분', 'SE01-FA01-A1-OR0301-000690', 10000, '2026-01-21 21:16:59', '2026-01-21 21:16:59');
INSERT INTO sales_item (sales_id, product_id, quantity, product_code, product_name, lot, unit_price, created_at, updated_at) VALUES (9034, 3, 1, 'OR0301', '오리지널 떡볶이 밀키트 매운맛 1,2인분', 'SE01-FA01-A1-OR0301-000691', 10000, '2026-01-21 21:16:59', '2026-01-21 21:16:59');
INSERT INTO sales_item (sales_id, product_id, quantity, product_code, product_name, lot, unit_price, created_at, updated_at) VALUES (9034, 3, 1, 'OR0301', '오리지널 떡볶이 밀키트 매운맛 1,2인분', 'SE01-FA01-A1-OR0301-000692', 10000, '2026-01-21 21:16:59', '2026-01-21 21:16:59');
INSERT INTO sales_item (sales_id, product_id, quantity, product_code, product_name, lot, unit_price, created_at, updated_at) VALUES (9034, 3, 1, 'OR0301', '오리지널 떡볶이 밀키트 매운맛 1,2인분', 'SE01-FA01-A1-OR0301-000693', 10000, '2026-01-21 21:16:59', '2026-01-21 21:16:59');
INSERT INTO sales_item (sales_id, product_id, quantity, product_code, product_name, lot, unit_price, created_at, updated_at) VALUES (9034, 3, 1, 'OR0301', '오리지널 떡볶이 밀키트 매운맛 1,2인분', 'SE01-FA01-A1-OR0301-000694', 10000, '2026-01-21 21:16:59', '2026-01-21 21:16:59');
INSERT INTO sales_item (sales_id, product_id, quantity, product_code, product_name, lot, unit_price, created_at, updated_at) VALUES (9034, 3, 1, 'OR0301', '오리지널 떡볶이 밀키트 매운맛 1,2인분', 'SE01-FA01-A1-OR0301-000695', 10000, '2026-01-21 21:16:59', '2026-01-21 21:16:59');
INSERT INTO sales_item (sales_id, product_id, quantity, product_code, product_name, lot, unit_price, created_at, updated_at) VALUES (9034, 3, 1, 'OR0301', '오리지널 떡볶이 밀키트 매운맛 1,2인분', 'SE01-FA01-A1-OR0301-000696', 10000, '2026-01-21 21:16:59', '2026-01-21 21:16:59');
INSERT INTO sales_item (sales_id, product_id, quantity, product_code, product_name, lot, unit_price, created_at, updated_at) VALUES (9034, 3, 1, 'OR0301', '오리지널 떡볶이 밀키트 매운맛 1,2인분', 'SE01-FA01-A1-OR0301-000697', 10000, '2026-01-21 21:16:59', '2026-01-21 21:16:59');
INSERT INTO sales_item (sales_id, product_id, quantity, product_code, product_name, lot, unit_price, created_at, updated_at) VALUES (9034, 3, 1, 'OR0301', '오리지널 떡볶이 밀키트 매운맛 1,2인분', 'SE01-FA01-A1-OR0301-000698', 10000, '2026-01-21 21:16:59', '2026-01-21 21:16:59');
INSERT INTO sales_item (sales_id, product_id, quantity, product_code, product_name, lot, unit_price, created_at, updated_at) VALUES (9034, 3, 1, 'OR0301', '오리지널 떡볶이 밀키트 매운맛 1,2인분', 'SE01-FA01-A1-OR0301-000699', 10000, '2026-01-21 21:16:59', '2026-01-21 21:16:59');
INSERT INTO sales_item (sales_id, product_id, quantity, product_code, product_name, lot, unit_price, created_at, updated_at) VALUES (9034, 3, 1, 'OR0301', '오리지널 떡볶이 밀키트 매운맛 1,2인분', 'SE01-FA01-A1-OR0301-000700', 10000, '2026-01-21 21:16:59', '2026-01-21 21:16:59');

INSERT INTO franchise_order (franchise_order_id, franchise_id, order_code, user_id, address, requirement, order_status, total_quantity, total_amount, delivery_date, delivery_time, cancelled_reason, created_at, updated_at, version) VALUES (9035, 1, 'PO-20260109-036', 1001, '서울시 강남구 테스트로 1', '60~90일 과거 더미데이터', 'COMPLETED', 20, 440000, '2026-01-11 19:44:46', '09:00', NULL, '2026-01-09 15:44:46', '2026-01-11 19:44:46', 0);
INSERT INTO franchise_order_item (franchise_order_item_id, franchise_order_id, quantity, product_id, unit_price, total_price, created_at, updated_at) VALUES (9035, 9035, 20, 21, 22000, 440000, '2026-01-09 15:44:46', '2026-01-09 15:44:46');
INSERT INTO inventorylog (product_id, product_name, box_code, transaction_code, log_type, quantity, from_location_type, from_location_id, to_location_type, to_location_id, actor_type, actor_id, created_at, updated_at) VALUES (21, '마라 떡볶이 밀키트 순한맛 3,4인분', 'SE01-FA01-A1-MA0103-A02', 'PO-20260109-036', 'OUTBOUND', 20, 'FACTORY', 1, 'FRANCHISE', 1, 'FACTORY', 1, '2026-01-10 17:44:46', '2026-01-10 17:44:46');
INSERT INTO inventorylog (product_id, product_name, box_code, transaction_code, log_type, quantity, from_location_type, from_location_id, to_location_type, to_location_id, actor_type, actor_id, created_at, updated_at) VALUES (21, '마라 떡볶이 밀키트 순한맛 3,4인분', 'SE01-FA01-A1-MA0103-A02', 'PO-20260109-036', 'INBOUND', 20, 'FACTORY', 1, 'FRANCHISE', 1, 'FRANCHISE', 1, '2026-01-11 19:44:46', '2026-01-11 19:44:46');
INSERT INTO sales (sales_id, franchise_id, sales_code, quantity, total_amount, is_canceled, created_at, updated_at) VALUES (9035, 1, 'SL-20260112-036', 20, 440000, false, '2026-01-12 21:44:46', '2026-01-12 21:44:46');
INSERT INTO sales_item (sales_id, product_id, quantity, product_code, product_name, lot, unit_price, created_at, updated_at) VALUES (9035, 21, 1, 'MA0103', '마라 떡볶이 밀키트 순한맛 3,4인분', 'SE01-FA01-A1-MA0103-000701', 22000, '2026-01-12 21:44:46', '2026-01-12 21:44:46');
INSERT INTO sales_item (sales_id, product_id, quantity, product_code, product_name, lot, unit_price, created_at, updated_at) VALUES (9035, 21, 1, 'MA0103', '마라 떡볶이 밀키트 순한맛 3,4인분', 'SE01-FA01-A1-MA0103-000702', 22000, '2026-01-12 21:44:46', '2026-01-12 21:44:46');
INSERT INTO sales_item (sales_id, product_id, quantity, product_code, product_name, lot, unit_price, created_at, updated_at) VALUES (9035, 21, 1, 'MA0103', '마라 떡볶이 밀키트 순한맛 3,4인분', 'SE01-FA01-A1-MA0103-000703', 22000, '2026-01-12 21:44:46', '2026-01-12 21:44:46');
INSERT INTO sales_item (sales_id, product_id, quantity, product_code, product_name, lot, unit_price, created_at, updated_at) VALUES (9035, 21, 1, 'MA0103', '마라 떡볶이 밀키트 순한맛 3,4인분', 'SE01-FA01-A1-MA0103-000704', 22000, '2026-01-12 21:44:46', '2026-01-12 21:44:46');
INSERT INTO sales_item (sales_id, product_id, quantity, product_code, product_name, lot, unit_price, created_at, updated_at) VALUES (9035, 21, 1, 'MA0103', '마라 떡볶이 밀키트 순한맛 3,4인분', 'SE01-FA01-A1-MA0103-000705', 22000, '2026-01-12 21:44:46', '2026-01-12 21:44:46');
INSERT INTO sales_item (sales_id, product_id, quantity, product_code, product_name, lot, unit_price, created_at, updated_at) VALUES (9035, 21, 1, 'MA0103', '마라 떡볶이 밀키트 순한맛 3,4인분', 'SE01-FA01-A1-MA0103-000706', 22000, '2026-01-12 21:44:46', '2026-01-12 21:44:46');
INSERT INTO sales_item (sales_id, product_id, quantity, product_code, product_name, lot, unit_price, created_at, updated_at) VALUES (9035, 21, 1, 'MA0103', '마라 떡볶이 밀키트 순한맛 3,4인분', 'SE01-FA01-A1-MA0103-000707', 22000, '2026-01-12 21:44:46', '2026-01-12 21:44:46');
INSERT INTO sales_item (sales_id, product_id, quantity, product_code, product_name, lot, unit_price, created_at, updated_at) VALUES (9035, 21, 1, 'MA0103', '마라 떡볶이 밀키트 순한맛 3,4인분', 'SE01-FA01-A1-MA0103-000708', 22000, '2026-01-12 21:44:46', '2026-01-12 21:44:46');
INSERT INTO sales_item (sales_id, product_id, quantity, product_code, product_name, lot, unit_price, created_at, updated_at) VALUES (9035, 21, 1, 'MA0103', '마라 떡볶이 밀키트 순한맛 3,4인분', 'SE01-FA01-A1-MA0103-000709', 22000, '2026-01-12 21:44:46', '2026-01-12 21:44:46');
INSERT INTO sales_item (sales_id, product_id, quantity, product_code, product_name, lot, unit_price, created_at, updated_at) VALUES (9035, 21, 1, 'MA0103', '마라 떡볶이 밀키트 순한맛 3,4인분', 'SE01-FA01-A1-MA0103-000710', 22000, '2026-01-12 21:44:46', '2026-01-12 21:44:46');
INSERT INTO sales_item (sales_id, product_id, quantity, product_code, product_name, lot, unit_price, created_at, updated_at) VALUES (9035, 21, 1, 'MA0103', '마라 떡볶이 밀키트 순한맛 3,4인분', 'SE01-FA01-A1-MA0103-000711', 22000, '2026-01-12 21:44:46', '2026-01-12 21:44:46');
INSERT INTO sales_item (sales_id, product_id, quantity, product_code, product_name, lot, unit_price, created_at, updated_at) VALUES (9035, 21, 1, 'MA0103', '마라 떡볶이 밀키트 순한맛 3,4인분', 'SE01-FA01-A1-MA0103-000712', 22000, '2026-01-12 21:44:46', '2026-01-12 21:44:46');
INSERT INTO sales_item (sales_id, product_id, quantity, product_code, product_name, lot, unit_price, created_at, updated_at) VALUES (9035, 21, 1, 'MA0103', '마라 떡볶이 밀키트 순한맛 3,4인분', 'SE01-FA01-A1-MA0103-000713', 22000, '2026-01-12 21:44:46', '2026-01-12 21:44:46');
INSERT INTO sales_item (sales_id, product_id, quantity, product_code, product_name, lot, unit_price, created_at, updated_at) VALUES (9035, 21, 1, 'MA0103', '마라 떡볶이 밀키트 순한맛 3,4인분', 'SE01-FA01-A1-MA0103-000714', 22000, '2026-01-12 21:44:46', '2026-01-12 21:44:46');
INSERT INTO sales_item (sales_id, product_id, quantity, product_code, product_name, lot, unit_price, created_at, updated_at) VALUES (9035, 21, 1, 'MA0103', '마라 떡볶이 밀키트 순한맛 3,4인분', 'SE01-FA01-A1-MA0103-000715', 22000, '2026-01-12 21:44:46', '2026-01-12 21:44:46');
INSERT INTO sales_item (sales_id, product_id, quantity, product_code, product_name, lot, unit_price, created_at, updated_at) VALUES (9035, 21, 1, 'MA0103', '마라 떡볶이 밀키트 순한맛 3,4인분', 'SE01-FA01-A1-MA0103-000716', 22000, '2026-01-12 21:44:46', '2026-01-12 21:44:46');
INSERT INTO sales_item (sales_id, product_id, quantity, product_code, product_name, lot, unit_price, created_at, updated_at) VALUES (9035, 21, 1, 'MA0103', '마라 떡볶이 밀키트 순한맛 3,4인분', 'SE01-FA01-A1-MA0103-000717', 22000, '2026-01-12 21:44:46', '2026-01-12 21:44:46');
INSERT INTO sales_item (sales_id, product_id, quantity, product_code, product_name, lot, unit_price, created_at, updated_at) VALUES (9035, 21, 1, 'MA0103', '마라 떡볶이 밀키트 순한맛 3,4인분', 'SE01-FA01-A1-MA0103-000718', 22000, '2026-01-12 21:44:46', '2026-01-12 21:44:46');
INSERT INTO sales_item (sales_id, product_id, quantity, product_code, product_name, lot, unit_price, created_at, updated_at) VALUES (9035, 21, 1, 'MA0103', '마라 떡볶이 밀키트 순한맛 3,4인분', 'SE01-FA01-A1-MA0103-000719', 22000, '2026-01-12 21:44:46', '2026-01-12 21:44:46');
INSERT INTO sales_item (sales_id, product_id, quantity, product_code, product_name, lot, unit_price, created_at, updated_at) VALUES (9035, 21, 1, 'MA0103', '마라 떡볶이 밀키트 순한맛 3,4인분', 'SE01-FA01-A1-MA0103-000720', 22000, '2026-01-12 21:44:46', '2026-01-12 21:44:46');

INSERT INTO franchise_order (franchise_order_id, franchise_id, order_code, user_id, address, requirement, order_status, total_quantity, total_amount, delivery_date, delivery_time, cancelled_reason, created_at, updated_at, version) VALUES (9036, 1, 'PO-20260114-037', 1001, '서울시 강남구 테스트로 1', '60~90일 과거 더미데이터', 'COMPLETED', 20, 200000, '2026-01-16 16:18:13', '09:00', NULL, '2026-01-14 12:18:13', '2026-01-16 16:18:13', 0);
INSERT INTO franchise_order_item (franchise_order_item_id, franchise_order_id, quantity, product_id, unit_price, total_price, created_at, updated_at) VALUES (9036, 9036, 20, 3, 10000, 200000, '2026-01-14 12:18:13', '2026-01-14 12:18:13');
INSERT INTO inventorylog (product_id, product_name, box_code, transaction_code, log_type, quantity, from_location_type, from_location_id, to_location_type, to_location_id, actor_type, actor_id, created_at, updated_at) VALUES (3, '오리지널 떡볶이 밀키트 매운맛 1,2인분', 'SE01-FA01-A1-OR0301-A04', 'PO-20260114-037', 'OUTBOUND', 20, 'FACTORY', 1, 'FRANCHISE', 1, 'FACTORY', 1, '2026-01-15 14:18:13', '2026-01-15 14:18:13');
INSERT INTO inventorylog (product_id, product_name, box_code, transaction_code, log_type, quantity, from_location_type, from_location_id, to_location_type, to_location_id, actor_type, actor_id, created_at, updated_at) VALUES (3, '오리지널 떡볶이 밀키트 매운맛 1,2인분', 'SE01-FA01-A1-OR0301-A04', 'PO-20260114-037', 'INBOUND', 20, 'FACTORY', 1, 'FRANCHISE', 1, 'FRANCHISE', 1, '2026-01-16 16:18:13', '2026-01-16 16:18:13');
INSERT INTO sales (sales_id, franchise_id, sales_code, quantity, total_amount, is_canceled, created_at, updated_at) VALUES (9036, 1, 'SL-20260117-037', 20, 200000, false, '2026-01-17 18:18:13', '2026-01-17 18:18:13');
INSERT INTO sales_item (sales_id, product_id, quantity, product_code, product_name, lot, unit_price, created_at, updated_at) VALUES (9036, 3, 1, 'OR0301', '오리지널 떡볶이 밀키트 매운맛 1,2인분', 'SE01-FA01-A1-OR0301-000721', 10000, '2026-01-17 18:18:13', '2026-01-17 18:18:13');
INSERT INTO sales_item (sales_id, product_id, quantity, product_code, product_name, lot, unit_price, created_at, updated_at) VALUES (9036, 3, 1, 'OR0301', '오리지널 떡볶이 밀키트 매운맛 1,2인분', 'SE01-FA01-A1-OR0301-000722', 10000, '2026-01-17 18:18:13', '2026-01-17 18:18:13');
INSERT INTO sales_item (sales_id, product_id, quantity, product_code, product_name, lot, unit_price, created_at, updated_at) VALUES (9036, 3, 1, 'OR0301', '오리지널 떡볶이 밀키트 매운맛 1,2인분', 'SE01-FA01-A1-OR0301-000723', 10000, '2026-01-17 18:18:13', '2026-01-17 18:18:13');
INSERT INTO sales_item (sales_id, product_id, quantity, product_code, product_name, lot, unit_price, created_at, updated_at) VALUES (9036, 3, 1, 'OR0301', '오리지널 떡볶이 밀키트 매운맛 1,2인분', 'SE01-FA01-A1-OR0301-000724', 10000, '2026-01-17 18:18:13', '2026-01-17 18:18:13');
INSERT INTO sales_item (sales_id, product_id, quantity, product_code, product_name, lot, unit_price, created_at, updated_at) VALUES (9036, 3, 1, 'OR0301', '오리지널 떡볶이 밀키트 매운맛 1,2인분', 'SE01-FA01-A1-OR0301-000725', 10000, '2026-01-17 18:18:13', '2026-01-17 18:18:13');
INSERT INTO sales_item (sales_id, product_id, quantity, product_code, product_name, lot, unit_price, created_at, updated_at) VALUES (9036, 3, 1, 'OR0301', '오리지널 떡볶이 밀키트 매운맛 1,2인분', 'SE01-FA01-A1-OR0301-000726', 10000, '2026-01-17 18:18:13', '2026-01-17 18:18:13');
INSERT INTO sales_item (sales_id, product_id, quantity, product_code, product_name, lot, unit_price, created_at, updated_at) VALUES (9036, 3, 1, 'OR0301', '오리지널 떡볶이 밀키트 매운맛 1,2인분', 'SE01-FA01-A1-OR0301-000727', 10000, '2026-01-17 18:18:13', '2026-01-17 18:18:13');
INSERT INTO sales_item (sales_id, product_id, quantity, product_code, product_name, lot, unit_price, created_at, updated_at) VALUES (9036, 3, 1, 'OR0301', '오리지널 떡볶이 밀키트 매운맛 1,2인분', 'SE01-FA01-A1-OR0301-000728', 10000, '2026-01-17 18:18:13', '2026-01-17 18:18:13');
INSERT INTO sales_item (sales_id, product_id, quantity, product_code, product_name, lot, unit_price, created_at, updated_at) VALUES (9036, 3, 1, 'OR0301', '오리지널 떡볶이 밀키트 매운맛 1,2인분', 'SE01-FA01-A1-OR0301-000729', 10000, '2026-01-17 18:18:13', '2026-01-17 18:18:13');
INSERT INTO sales_item (sales_id, product_id, quantity, product_code, product_name, lot, unit_price, created_at, updated_at) VALUES (9036, 3, 1, 'OR0301', '오리지널 떡볶이 밀키트 매운맛 1,2인분', 'SE01-FA01-A1-OR0301-000730', 10000, '2026-01-17 18:18:13', '2026-01-17 18:18:13');
INSERT INTO sales_item (sales_id, product_id, quantity, product_code, product_name, lot, unit_price, created_at, updated_at) VALUES (9036, 3, 1, 'OR0301', '오리지널 떡볶이 밀키트 매운맛 1,2인분', 'SE01-FA01-A1-OR0301-000731', 10000, '2026-01-17 18:18:13', '2026-01-17 18:18:13');
INSERT INTO sales_item (sales_id, product_id, quantity, product_code, product_name, lot, unit_price, created_at, updated_at) VALUES (9036, 3, 1, 'OR0301', '오리지널 떡볶이 밀키트 매운맛 1,2인분', 'SE01-FA01-A1-OR0301-000732', 10000, '2026-01-17 18:18:13', '2026-01-17 18:18:13');
INSERT INTO sales_item (sales_id, product_id, quantity, product_code, product_name, lot, unit_price, created_at, updated_at) VALUES (9036, 3, 1, 'OR0301', '오리지널 떡볶이 밀키트 매운맛 1,2인분', 'SE01-FA01-A1-OR0301-000733', 10000, '2026-01-17 18:18:13', '2026-01-17 18:18:13');
INSERT INTO sales_item (sales_id, product_id, quantity, product_code, product_name, lot, unit_price, created_at, updated_at) VALUES (9036, 3, 1, 'OR0301', '오리지널 떡볶이 밀키트 매운맛 1,2인분', 'SE01-FA01-A1-OR0301-000734', 10000, '2026-01-17 18:18:13', '2026-01-17 18:18:13');
INSERT INTO sales_item (sales_id, product_id, quantity, product_code, product_name, lot, unit_price, created_at, updated_at) VALUES (9036, 3, 1, 'OR0301', '오리지널 떡볶이 밀키트 매운맛 1,2인분', 'SE01-FA01-A1-OR0301-000735', 10000, '2026-01-17 18:18:13', '2026-01-17 18:18:13');
INSERT INTO sales_item (sales_id, product_id, quantity, product_code, product_name, lot, unit_price, created_at, updated_at) VALUES (9036, 3, 1, 'OR0301', '오리지널 떡볶이 밀키트 매운맛 1,2인분', 'SE01-FA01-A1-OR0301-000736', 10000, '2026-01-17 18:18:13', '2026-01-17 18:18:13');
INSERT INTO sales_item (sales_id, product_id, quantity, product_code, product_name, lot, unit_price, created_at, updated_at) VALUES (9036, 3, 1, 'OR0301', '오리지널 떡볶이 밀키트 매운맛 1,2인분', 'SE01-FA01-A1-OR0301-000737', 10000, '2026-01-17 18:18:13', '2026-01-17 18:18:13');
INSERT INTO sales_item (sales_id, product_id, quantity, product_code, product_name, lot, unit_price, created_at, updated_at) VALUES (9036, 3, 1, 'OR0301', '오리지널 떡볶이 밀키트 매운맛 1,2인분', 'SE01-FA01-A1-OR0301-000738', 10000, '2026-01-17 18:18:13', '2026-01-17 18:18:13');
INSERT INTO sales_item (sales_id, product_id, quantity, product_code, product_name, lot, unit_price, created_at, updated_at) VALUES (9036, 3, 1, 'OR0301', '오리지널 떡볶이 밀키트 매운맛 1,2인분', 'SE01-FA01-A1-OR0301-000739', 10000, '2026-01-17 18:18:13', '2026-01-17 18:18:13');
INSERT INTO sales_item (sales_id, product_id, quantity, product_code, product_name, lot, unit_price, created_at, updated_at) VALUES (9036, 3, 1, 'OR0301', '오리지널 떡볶이 밀키트 매운맛 1,2인분', 'SE01-FA01-A1-OR0301-000740', 10000, '2026-01-17 18:18:13', '2026-01-17 18:18:13');

INSERT INTO franchise_order (franchise_order_id, franchise_id, order_code, user_id, address, requirement, order_status, total_quantity, total_amount, delivery_date, delivery_time, cancelled_reason, created_at, updated_at, version) VALUES (9037, 1, 'PO-20251226-038', 1001, '서울시 강남구 테스트로 1', '60~90일 과거 더미데이터', 'COMPLETED', 20, 360000, '2025-12-28 18:03:03', '09:00', NULL, '2025-12-26 14:03:03', '2025-12-28 18:03:03', 0);
INSERT INTO franchise_order_item (franchise_order_item_id, franchise_order_id, quantity, product_id, unit_price, total_price, created_at, updated_at) VALUES (9037, 9037, 20, 5, 18000, 360000, '2025-12-26 14:03:03', '2025-12-26 14:03:03');
INSERT INTO inventorylog (product_id, product_name, box_code, transaction_code, log_type, quantity, from_location_type, from_location_id, to_location_type, to_location_id, actor_type, actor_id, created_at, updated_at) VALUES (5, '오리지널 떡볶이 밀키트 순한맛 3,4인분', 'SE01-FA01-A1-OR0103-A02', 'PO-20251226-038', 'OUTBOUND', 20, 'FACTORY', 1, 'FRANCHISE', 1, 'FACTORY', 1, '2025-12-27 16:03:03', '2025-12-27 16:03:03');
INSERT INTO inventorylog (product_id, product_name, box_code, transaction_code, log_type, quantity, from_location_type, from_location_id, to_location_type, to_location_id, actor_type, actor_id, created_at, updated_at) VALUES (5, '오리지널 떡볶이 밀키트 순한맛 3,4인분', 'SE01-FA01-A1-OR0103-A02', 'PO-20251226-038', 'INBOUND', 20, 'FACTORY', 1, 'FRANCHISE', 1, 'FRANCHISE', 1, '2025-12-28 18:03:03', '2025-12-28 18:03:03');
INSERT INTO sales (sales_id, franchise_id, sales_code, quantity, total_amount, is_canceled, created_at, updated_at) VALUES (9037, 1, 'SL-20251229-038', 20, 360000, false, '2025-12-29 20:03:03', '2025-12-29 20:03:03');
INSERT INTO sales_item (sales_id, product_id, quantity, product_code, product_name, lot, unit_price, created_at, updated_at) VALUES (9037, 5, 1, 'OR0103', '오리지널 떡볶이 밀키트 순한맛 3,4인분', 'SE01-FA01-A1-OR0103-000741', 18000, '2025-12-29 20:03:03', '2025-12-29 20:03:03');
INSERT INTO sales_item (sales_id, product_id, quantity, product_code, product_name, lot, unit_price, created_at, updated_at) VALUES (9037, 5, 1, 'OR0103', '오리지널 떡볶이 밀키트 순한맛 3,4인분', 'SE01-FA01-A1-OR0103-000742', 18000, '2025-12-29 20:03:03', '2025-12-29 20:03:03');
INSERT INTO sales_item (sales_id, product_id, quantity, product_code, product_name, lot, unit_price, created_at, updated_at) VALUES (9037, 5, 1, 'OR0103', '오리지널 떡볶이 밀키트 순한맛 3,4인분', 'SE01-FA01-A1-OR0103-000743', 18000, '2025-12-29 20:03:03', '2025-12-29 20:03:03');
INSERT INTO sales_item (sales_id, product_id, quantity, product_code, product_name, lot, unit_price, created_at, updated_at) VALUES (9037, 5, 1, 'OR0103', '오리지널 떡볶이 밀키트 순한맛 3,4인분', 'SE01-FA01-A1-OR0103-000744', 18000, '2025-12-29 20:03:03', '2025-12-29 20:03:03');
INSERT INTO sales_item (sales_id, product_id, quantity, product_code, product_name, lot, unit_price, created_at, updated_at) VALUES (9037, 5, 1, 'OR0103', '오리지널 떡볶이 밀키트 순한맛 3,4인분', 'SE01-FA01-A1-OR0103-000745', 18000, '2025-12-29 20:03:03', '2025-12-29 20:03:03');
INSERT INTO sales_item (sales_id, product_id, quantity, product_code, product_name, lot, unit_price, created_at, updated_at) VALUES (9037, 5, 1, 'OR0103', '오리지널 떡볶이 밀키트 순한맛 3,4인분', 'SE01-FA01-A1-OR0103-000746', 18000, '2025-12-29 20:03:03', '2025-12-29 20:03:03');
INSERT INTO sales_item (sales_id, product_id, quantity, product_code, product_name, lot, unit_price, created_at, updated_at) VALUES (9037, 5, 1, 'OR0103', '오리지널 떡볶이 밀키트 순한맛 3,4인분', 'SE01-FA01-A1-OR0103-000747', 18000, '2025-12-29 20:03:03', '2025-12-29 20:03:03');
INSERT INTO sales_item (sales_id, product_id, quantity, product_code, product_name, lot, unit_price, created_at, updated_at) VALUES (9037, 5, 1, 'OR0103', '오리지널 떡볶이 밀키트 순한맛 3,4인분', 'SE01-FA01-A1-OR0103-000748', 18000, '2025-12-29 20:03:03', '2025-12-29 20:03:03');
INSERT INTO sales_item (sales_id, product_id, quantity, product_code, product_name, lot, unit_price, created_at, updated_at) VALUES (9037, 5, 1, 'OR0103', '오리지널 떡볶이 밀키트 순한맛 3,4인분', 'SE01-FA01-A1-OR0103-000749', 18000, '2025-12-29 20:03:03', '2025-12-29 20:03:03');
INSERT INTO sales_item (sales_id, product_id, quantity, product_code, product_name, lot, unit_price, created_at, updated_at) VALUES (9037, 5, 1, 'OR0103', '오리지널 떡볶이 밀키트 순한맛 3,4인분', 'SE01-FA01-A1-OR0103-000750', 18000, '2025-12-29 20:03:03', '2025-12-29 20:03:03');
INSERT INTO sales_item (sales_id, product_id, quantity, product_code, product_name, lot, unit_price, created_at, updated_at) VALUES (9037, 5, 1, 'OR0103', '오리지널 떡볶이 밀키트 순한맛 3,4인분', 'SE01-FA01-A1-OR0103-000751', 18000, '2025-12-29 20:03:03', '2025-12-29 20:03:03');
INSERT INTO sales_item (sales_id, product_id, quantity, product_code, product_name, lot, unit_price, created_at, updated_at) VALUES (9037, 5, 1, 'OR0103', '오리지널 떡볶이 밀키트 순한맛 3,4인분', 'SE01-FA01-A1-OR0103-000752', 18000, '2025-12-29 20:03:03', '2025-12-29 20:03:03');
INSERT INTO sales_item (sales_id, product_id, quantity, product_code, product_name, lot, unit_price, created_at, updated_at) VALUES (9037, 5, 1, 'OR0103', '오리지널 떡볶이 밀키트 순한맛 3,4인분', 'SE01-FA01-A1-OR0103-000753', 18000, '2025-12-29 20:03:03', '2025-12-29 20:03:03');
INSERT INTO sales_item (sales_id, product_id, quantity, product_code, product_name, lot, unit_price, created_at, updated_at) VALUES (9037, 5, 1, 'OR0103', '오리지널 떡볶이 밀키트 순한맛 3,4인분', 'SE01-FA01-A1-OR0103-000754', 18000, '2025-12-29 20:03:03', '2025-12-29 20:03:03');
INSERT INTO sales_item (sales_id, product_id, quantity, product_code, product_name, lot, unit_price, created_at, updated_at) VALUES (9037, 5, 1, 'OR0103', '오리지널 떡볶이 밀키트 순한맛 3,4인분', 'SE01-FA01-A1-OR0103-000755', 18000, '2025-12-29 20:03:03', '2025-12-29 20:03:03');
INSERT INTO sales_item (sales_id, product_id, quantity, product_code, product_name, lot, unit_price, created_at, updated_at) VALUES (9037, 5, 1, 'OR0103', '오리지널 떡볶이 밀키트 순한맛 3,4인분', 'SE01-FA01-A1-OR0103-000756', 18000, '2025-12-29 20:03:03', '2025-12-29 20:03:03');
INSERT INTO sales_item (sales_id, product_id, quantity, product_code, product_name, lot, unit_price, created_at, updated_at) VALUES (9037, 5, 1, 'OR0103', '오리지널 떡볶이 밀키트 순한맛 3,4인분', 'SE01-FA01-A1-OR0103-000757', 18000, '2025-12-29 20:03:03', '2025-12-29 20:03:03');
INSERT INTO sales_item (sales_id, product_id, quantity, product_code, product_name, lot, unit_price, created_at, updated_at) VALUES (9037, 5, 1, 'OR0103', '오리지널 떡볶이 밀키트 순한맛 3,4인분', 'SE01-FA01-A1-OR0103-000758', 18000, '2025-12-29 20:03:03', '2025-12-29 20:03:03');
INSERT INTO sales_item (sales_id, product_id, quantity, product_code, product_name, lot, unit_price, created_at, updated_at) VALUES (9037, 5, 1, 'OR0103', '오리지널 떡볶이 밀키트 순한맛 3,4인분', 'SE01-FA01-A1-OR0103-000759', 18000, '2025-12-29 20:03:03', '2025-12-29 20:03:03');
INSERT INTO sales_item (sales_id, product_id, quantity, product_code, product_name, lot, unit_price, created_at, updated_at) VALUES (9037, 5, 1, 'OR0103', '오리지널 떡볶이 밀키트 순한맛 3,4인분', 'SE01-FA01-A1-OR0103-000760', 18000, '2025-12-29 20:03:03', '2025-12-29 20:03:03');

INSERT INTO franchise_order (franchise_order_id, franchise_id, order_code, user_id, address, requirement, order_status, total_quantity, total_amount, delivery_date, delivery_time, cancelled_reason, created_at, updated_at, version) VALUES (9038, 1, 'PO-20260102-039', 1001, '서울시 강남구 테스트로 1', '60~90일 과거 더미데이터', 'COMPLETED', 20, 440000, '2026-01-04 21:10:03', '09:00', NULL, '2026-01-02 17:10:03', '2026-01-04 21:10:03', 0);
INSERT INTO franchise_order_item (franchise_order_item_id, franchise_order_id, quantity, product_id, unit_price, total_price, created_at, updated_at) VALUES (9038, 9038, 20, 14, 22000, 440000, '2026-01-02 17:10:03', '2026-01-02 17:10:03');
INSERT INTO inventorylog (product_id, product_name, box_code, transaction_code, log_type, quantity, from_location_type, from_location_id, to_location_type, to_location_id, actor_type, actor_id, created_at, updated_at) VALUES (14, '로제 떡볶이 밀키트 기본맛 3,4인분', 'SE01-FA01-A1-RO0203-A02', 'PO-20260102-039', 'OUTBOUND', 20, 'FACTORY', 1, 'FRANCHISE', 1, 'FACTORY', 1, '2026-01-03 19:10:03', '2026-01-03 19:10:03');
INSERT INTO inventorylog (product_id, product_name, box_code, transaction_code, log_type, quantity, from_location_type, from_location_id, to_location_type, to_location_id, actor_type, actor_id, created_at, updated_at) VALUES (14, '로제 떡볶이 밀키트 기본맛 3,4인분', 'SE01-FA01-A1-RO0203-A02', 'PO-20260102-039', 'INBOUND', 20, 'FACTORY', 1, 'FRANCHISE', 1, 'FRANCHISE', 1, '2026-01-04 21:10:03', '2026-01-04 21:10:03');
INSERT INTO sales (sales_id, franchise_id, sales_code, quantity, total_amount, is_canceled, created_at, updated_at) VALUES (9038, 1, 'SL-20260105-039', 20, 440000, false, '2026-01-05 23:10:03', '2026-01-05 23:10:03');
INSERT INTO sales_item (sales_id, product_id, quantity, product_code, product_name, lot, unit_price, created_at, updated_at) VALUES (9038, 14, 1, 'RO0203', '로제 떡볶이 밀키트 기본맛 3,4인분', 'SE01-FA01-A1-RO0203-000761', 22000, '2026-01-05 23:10:03', '2026-01-05 23:10:03');
INSERT INTO sales_item (sales_id, product_id, quantity, product_code, product_name, lot, unit_price, created_at, updated_at) VALUES (9038, 14, 1, 'RO0203', '로제 떡볶이 밀키트 기본맛 3,4인분', 'SE01-FA01-A1-RO0203-000762', 22000, '2026-01-05 23:10:03', '2026-01-05 23:10:03');
INSERT INTO sales_item (sales_id, product_id, quantity, product_code, product_name, lot, unit_price, created_at, updated_at) VALUES (9038, 14, 1, 'RO0203', '로제 떡볶이 밀키트 기본맛 3,4인분', 'SE01-FA01-A1-RO0203-000763', 22000, '2026-01-05 23:10:03', '2026-01-05 23:10:03');
INSERT INTO sales_item (sales_id, product_id, quantity, product_code, product_name, lot, unit_price, created_at, updated_at) VALUES (9038, 14, 1, 'RO0203', '로제 떡볶이 밀키트 기본맛 3,4인분', 'SE01-FA01-A1-RO0203-000764', 22000, '2026-01-05 23:10:03', '2026-01-05 23:10:03');
INSERT INTO sales_item (sales_id, product_id, quantity, product_code, product_name, lot, unit_price, created_at, updated_at) VALUES (9038, 14, 1, 'RO0203', '로제 떡볶이 밀키트 기본맛 3,4인분', 'SE01-FA01-A1-RO0203-000765', 22000, '2026-01-05 23:10:03', '2026-01-05 23:10:03');
INSERT INTO sales_item (sales_id, product_id, quantity, product_code, product_name, lot, unit_price, created_at, updated_at) VALUES (9038, 14, 1, 'RO0203', '로제 떡볶이 밀키트 기본맛 3,4인분', 'SE01-FA01-A1-RO0203-000766', 22000, '2026-01-05 23:10:03', '2026-01-05 23:10:03');
INSERT INTO sales_item (sales_id, product_id, quantity, product_code, product_name, lot, unit_price, created_at, updated_at) VALUES (9038, 14, 1, 'RO0203', '로제 떡볶이 밀키트 기본맛 3,4인분', 'SE01-FA01-A1-RO0203-000767', 22000, '2026-01-05 23:10:03', '2026-01-05 23:10:03');
INSERT INTO sales_item (sales_id, product_id, quantity, product_code, product_name, lot, unit_price, created_at, updated_at) VALUES (9038, 14, 1, 'RO0203', '로제 떡볶이 밀키트 기본맛 3,4인분', 'SE01-FA01-A1-RO0203-000768', 22000, '2026-01-05 23:10:03', '2026-01-05 23:10:03');
INSERT INTO sales_item (sales_id, product_id, quantity, product_code, product_name, lot, unit_price, created_at, updated_at) VALUES (9038, 14, 1, 'RO0203', '로제 떡볶이 밀키트 기본맛 3,4인분', 'SE01-FA01-A1-RO0203-000769', 22000, '2026-01-05 23:10:03', '2026-01-05 23:10:03');
INSERT INTO sales_item (sales_id, product_id, quantity, product_code, product_name, lot, unit_price, created_at, updated_at) VALUES (9038, 14, 1, 'RO0203', '로제 떡볶이 밀키트 기본맛 3,4인분', 'SE01-FA01-A1-RO0203-000770', 22000, '2026-01-05 23:10:03', '2026-01-05 23:10:03');
INSERT INTO sales_item (sales_id, product_id, quantity, product_code, product_name, lot, unit_price, created_at, updated_at) VALUES (9038, 14, 1, 'RO0203', '로제 떡볶이 밀키트 기본맛 3,4인분', 'SE01-FA01-A1-RO0203-000771', 22000, '2026-01-05 23:10:03', '2026-01-05 23:10:03');
INSERT INTO sales_item (sales_id, product_id, quantity, product_code, product_name, lot, unit_price, created_at, updated_at) VALUES (9038, 14, 1, 'RO0203', '로제 떡볶이 밀키트 기본맛 3,4인분', 'SE01-FA01-A1-RO0203-000772', 22000, '2026-01-05 23:10:03', '2026-01-05 23:10:03');
INSERT INTO sales_item (sales_id, product_id, quantity, product_code, product_name, lot, unit_price, created_at, updated_at) VALUES (9038, 14, 1, 'RO0203', '로제 떡볶이 밀키트 기본맛 3,4인분', 'SE01-FA01-A1-RO0203-000773', 22000, '2026-01-05 23:10:03', '2026-01-05 23:10:03');
INSERT INTO sales_item (sales_id, product_id, quantity, product_code, product_name, lot, unit_price, created_at, updated_at) VALUES (9038, 14, 1, 'RO0203', '로제 떡볶이 밀키트 기본맛 3,4인분', 'SE01-FA01-A1-RO0203-000774', 22000, '2026-01-05 23:10:03', '2026-01-05 23:10:03');
INSERT INTO sales_item (sales_id, product_id, quantity, product_code, product_name, lot, unit_price, created_at, updated_at) VALUES (9038, 14, 1, 'RO0203', '로제 떡볶이 밀키트 기본맛 3,4인분', 'SE01-FA01-A1-RO0203-000775', 22000, '2026-01-05 23:10:03', '2026-01-05 23:10:03');
INSERT INTO sales_item (sales_id, product_id, quantity, product_code, product_name, lot, unit_price, created_at, updated_at) VALUES (9038, 14, 1, 'RO0203', '로제 떡볶이 밀키트 기본맛 3,4인분', 'SE01-FA01-A1-RO0203-000776', 22000, '2026-01-05 23:10:03', '2026-01-05 23:10:03');
INSERT INTO sales_item (sales_id, product_id, quantity, product_code, product_name, lot, unit_price, created_at, updated_at) VALUES (9038, 14, 1, 'RO0203', '로제 떡볶이 밀키트 기본맛 3,4인분', 'SE01-FA01-A1-RO0203-000777', 22000, '2026-01-05 23:10:03', '2026-01-05 23:10:03');
INSERT INTO sales_item (sales_id, product_id, quantity, product_code, product_name, lot, unit_price, created_at, updated_at) VALUES (9038, 14, 1, 'RO0203', '로제 떡볶이 밀키트 기본맛 3,4인분', 'SE01-FA01-A1-RO0203-000778', 22000, '2026-01-05 23:10:03', '2026-01-05 23:10:03');
INSERT INTO sales_item (sales_id, product_id, quantity, product_code, product_name, lot, unit_price, created_at, updated_at) VALUES (9038, 14, 1, 'RO0203', '로제 떡볶이 밀키트 기본맛 3,4인분', 'SE01-FA01-A1-RO0203-000779', 22000, '2026-01-05 23:10:03', '2026-01-05 23:10:03');
INSERT INTO sales_item (sales_id, product_id, quantity, product_code, product_name, lot, unit_price, created_at, updated_at) VALUES (9038, 14, 1, 'RO0203', '로제 떡볶이 밀키트 기본맛 3,4인분', 'SE01-FA01-A1-RO0203-000780', 22000, '2026-01-05 23:10:03', '2026-01-05 23:10:03');

INSERT INTO franchise_order (franchise_order_id, franchise_id, order_code, user_id, address, requirement, order_status, total_quantity, total_amount, delivery_date, delivery_time, cancelled_reason, created_at, updated_at, version) VALUES (9039, 1, 'PO-20251222-040', 1001, '서울시 강남구 테스트로 1', '60~90일 과거 더미데이터', 'COMPLETED', 20, 440000, '2025-12-24 15:04:38', '09:00', NULL, '2025-12-22 11:04:38', '2025-12-24 15:04:38', 0);
INSERT INTO franchise_order_item (franchise_order_item_id, franchise_order_id, quantity, product_id, unit_price, total_price, created_at, updated_at) VALUES (9039, 9039, 20, 13, 22000, 440000, '2025-12-22 11:04:38', '2025-12-22 11:04:38');
INSERT INTO inventorylog (product_id, product_name, box_code, transaction_code, log_type, quantity, from_location_type, from_location_id, to_location_type, to_location_id, actor_type, actor_id, created_at, updated_at) VALUES (13, '로제 떡볶이 밀키트 순한맛 3,4인분', 'SE01-FA01-A1-RO0103-A01', 'PO-20251222-040', 'OUTBOUND', 20, 'FACTORY', 1, 'FRANCHISE', 1, 'FACTORY', 1, '2025-12-23 13:04:38', '2025-12-23 13:04:38');
INSERT INTO inventorylog (product_id, product_name, box_code, transaction_code, log_type, quantity, from_location_type, from_location_id, to_location_type, to_location_id, actor_type, actor_id, created_at, updated_at) VALUES (13, '로제 떡볶이 밀키트 순한맛 3,4인분', 'SE01-FA01-A1-RO0103-A01', 'PO-20251222-040', 'INBOUND', 20, 'FACTORY', 1, 'FRANCHISE', 1, 'FRANCHISE', 1, '2025-12-24 15:04:38', '2025-12-24 15:04:38');
INSERT INTO sales (sales_id, franchise_id, sales_code, quantity, total_amount, is_canceled, created_at, updated_at) VALUES (9039, 1, 'SL-20251225-040', 20, 440000, false, '2025-12-25 17:04:38', '2025-12-25 17:04:38');
INSERT INTO sales_item (sales_id, product_id, quantity, product_code, product_name, lot, unit_price, created_at, updated_at) VALUES (9039, 13, 1, 'RO0103', '로제 떡볶이 밀키트 순한맛 3,4인분', 'SE01-FA01-A1-RO0103-000781', 22000, '2025-12-25 17:04:38', '2025-12-25 17:04:38');
INSERT INTO sales_item (sales_id, product_id, quantity, product_code, product_name, lot, unit_price, created_at, updated_at) VALUES (9039, 13, 1, 'RO0103', '로제 떡볶이 밀키트 순한맛 3,4인분', 'SE01-FA01-A1-RO0103-000782', 22000, '2025-12-25 17:04:38', '2025-12-25 17:04:38');
INSERT INTO sales_item (sales_id, product_id, quantity, product_code, product_name, lot, unit_price, created_at, updated_at) VALUES (9039, 13, 1, 'RO0103', '로제 떡볶이 밀키트 순한맛 3,4인분', 'SE01-FA01-A1-RO0103-000783', 22000, '2025-12-25 17:04:38', '2025-12-25 17:04:38');
INSERT INTO sales_item (sales_id, product_id, quantity, product_code, product_name, lot, unit_price, created_at, updated_at) VALUES (9039, 13, 1, 'RO0103', '로제 떡볶이 밀키트 순한맛 3,4인분', 'SE01-FA01-A1-RO0103-000784', 22000, '2025-12-25 17:04:38', '2025-12-25 17:04:38');
INSERT INTO sales_item (sales_id, product_id, quantity, product_code, product_name, lot, unit_price, created_at, updated_at) VALUES (9039, 13, 1, 'RO0103', '로제 떡볶이 밀키트 순한맛 3,4인분', 'SE01-FA01-A1-RO0103-000785', 22000, '2025-12-25 17:04:38', '2025-12-25 17:04:38');
INSERT INTO sales_item (sales_id, product_id, quantity, product_code, product_name, lot, unit_price, created_at, updated_at) VALUES (9039, 13, 1, 'RO0103', '로제 떡볶이 밀키트 순한맛 3,4인분', 'SE01-FA01-A1-RO0103-000786', 22000, '2025-12-25 17:04:38', '2025-12-25 17:04:38');
INSERT INTO sales_item (sales_id, product_id, quantity, product_code, product_name, lot, unit_price, created_at, updated_at) VALUES (9039, 13, 1, 'RO0103', '로제 떡볶이 밀키트 순한맛 3,4인분', 'SE01-FA01-A1-RO0103-000787', 22000, '2025-12-25 17:04:38', '2025-12-25 17:04:38');
INSERT INTO sales_item (sales_id, product_id, quantity, product_code, product_name, lot, unit_price, created_at, updated_at) VALUES (9039, 13, 1, 'RO0103', '로제 떡볶이 밀키트 순한맛 3,4인분', 'SE01-FA01-A1-RO0103-000788', 22000, '2025-12-25 17:04:38', '2025-12-25 17:04:38');
INSERT INTO sales_item (sales_id, product_id, quantity, product_code, product_name, lot, unit_price, created_at, updated_at) VALUES (9039, 13, 1, 'RO0103', '로제 떡볶이 밀키트 순한맛 3,4인분', 'SE01-FA01-A1-RO0103-000789', 22000, '2025-12-25 17:04:38', '2025-12-25 17:04:38');
INSERT INTO sales_item (sales_id, product_id, quantity, product_code, product_name, lot, unit_price, created_at, updated_at) VALUES (9039, 13, 1, 'RO0103', '로제 떡볶이 밀키트 순한맛 3,4인분', 'SE01-FA01-A1-RO0103-000790', 22000, '2025-12-25 17:04:38', '2025-12-25 17:04:38');
INSERT INTO sales_item (sales_id, product_id, quantity, product_code, product_name, lot, unit_price, created_at, updated_at) VALUES (9039, 13, 1, 'RO0103', '로제 떡볶이 밀키트 순한맛 3,4인분', 'SE01-FA01-A1-RO0103-000791', 22000, '2025-12-25 17:04:38', '2025-12-25 17:04:38');
INSERT INTO sales_item (sales_id, product_id, quantity, product_code, product_name, lot, unit_price, created_at, updated_at) VALUES (9039, 13, 1, 'RO0103', '로제 떡볶이 밀키트 순한맛 3,4인분', 'SE01-FA01-A1-RO0103-000792', 22000, '2025-12-25 17:04:38', '2025-12-25 17:04:38');
INSERT INTO sales_item (sales_id, product_id, quantity, product_code, product_name, lot, unit_price, created_at, updated_at) VALUES (9039, 13, 1, 'RO0103', '로제 떡볶이 밀키트 순한맛 3,4인분', 'SE01-FA01-A1-RO0103-000793', 22000, '2025-12-25 17:04:38', '2025-12-25 17:04:38');
INSERT INTO sales_item (sales_id, product_id, quantity, product_code, product_name, lot, unit_price, created_at, updated_at) VALUES (9039, 13, 1, 'RO0103', '로제 떡볶이 밀키트 순한맛 3,4인분', 'SE01-FA01-A1-RO0103-000794', 22000, '2025-12-25 17:04:38', '2025-12-25 17:04:38');
INSERT INTO sales_item (sales_id, product_id, quantity, product_code, product_name, lot, unit_price, created_at, updated_at) VALUES (9039, 13, 1, 'RO0103', '로제 떡볶이 밀키트 순한맛 3,4인분', 'SE01-FA01-A1-RO0103-000795', 22000, '2025-12-25 17:04:38', '2025-12-25 17:04:38');
INSERT INTO sales_item (sales_id, product_id, quantity, product_code, product_name, lot, unit_price, created_at, updated_at) VALUES (9039, 13, 1, 'RO0103', '로제 떡볶이 밀키트 순한맛 3,4인분', 'SE01-FA01-A1-RO0103-000796', 22000, '2025-12-25 17:04:38', '2025-12-25 17:04:38');
INSERT INTO sales_item (sales_id, product_id, quantity, product_code, product_name, lot, unit_price, created_at, updated_at) VALUES (9039, 13, 1, 'RO0103', '로제 떡볶이 밀키트 순한맛 3,4인분', 'SE01-FA01-A1-RO0103-000797', 22000, '2025-12-25 17:04:38', '2025-12-25 17:04:38');
INSERT INTO sales_item (sales_id, product_id, quantity, product_code, product_name, lot, unit_price, created_at, updated_at) VALUES (9039, 13, 1, 'RO0103', '로제 떡볶이 밀키트 순한맛 3,4인분', 'SE01-FA01-A1-RO0103-000798', 22000, '2025-12-25 17:04:38', '2025-12-25 17:04:38');
INSERT INTO sales_item (sales_id, product_id, quantity, product_code, product_name, lot, unit_price, created_at, updated_at) VALUES (9039, 13, 1, 'RO0103', '로제 떡볶이 밀키트 순한맛 3,4인분', 'SE01-FA01-A1-RO0103-000799', 22000, '2025-12-25 17:04:38', '2025-12-25 17:04:38');
INSERT INTO sales_item (sales_id, product_id, quantity, product_code, product_name, lot, unit_price, created_at, updated_at) VALUES (9039, 13, 1, 'RO0103', '로제 떡볶이 밀키트 순한맛 3,4인분', 'SE01-FA01-A1-RO0103-000800', 22000, '2025-12-25 17:04:38', '2025-12-25 17:04:38');

INSERT INTO franchise_order (franchise_order_id, franchise_id, order_code, user_id, address, requirement, order_status, total_quantity, total_amount, delivery_date, delivery_time, cancelled_reason, created_at, updated_at, version) VALUES (9040, 1, 'PO-20260106-041', 1001, '서울시 강남구 테스트로 1', '60~90일 과거 더미데이터', 'COMPLETED', 20, 440000, '2026-01-08 14:56:36', '09:00', NULL, '2026-01-06 10:56:36', '2026-01-08 14:56:36', 0);
INSERT INTO franchise_order_item (franchise_order_item_id, franchise_order_id, quantity, product_id, unit_price, total_price, created_at, updated_at) VALUES (9040, 9040, 20, 13, 22000, 440000, '2026-01-06 10:56:36', '2026-01-06 10:56:36');
INSERT INTO inventorylog (product_id, product_name, box_code, transaction_code, log_type, quantity, from_location_type, from_location_id, to_location_type, to_location_id, actor_type, actor_id, created_at, updated_at) VALUES (13, '로제 떡볶이 밀키트 순한맛 3,4인분', 'SE01-FA01-A1-RO0103-A02', 'PO-20260106-041', 'OUTBOUND', 20, 'FACTORY', 1, 'FRANCHISE', 1, 'FACTORY', 1, '2026-01-07 12:56:36', '2026-01-07 12:56:36');
INSERT INTO inventorylog (product_id, product_name, box_code, transaction_code, log_type, quantity, from_location_type, from_location_id, to_location_type, to_location_id, actor_type, actor_id, created_at, updated_at) VALUES (13, '로제 떡볶이 밀키트 순한맛 3,4인분', 'SE01-FA01-A1-RO0103-A02', 'PO-20260106-041', 'INBOUND', 20, 'FACTORY', 1, 'FRANCHISE', 1, 'FRANCHISE', 1, '2026-01-08 14:56:36', '2026-01-08 14:56:36');
INSERT INTO sales (sales_id, franchise_id, sales_code, quantity, total_amount, is_canceled, created_at, updated_at) VALUES (9040, 1, 'SL-20260109-041', 20, 440000, false, '2026-01-09 16:56:36', '2026-01-09 16:56:36');
INSERT INTO sales_item (sales_id, product_id, quantity, product_code, product_name, lot, unit_price, created_at, updated_at) VALUES (9040, 13, 1, 'RO0103', '로제 떡볶이 밀키트 순한맛 3,4인분', 'SE01-FA01-A1-RO0103-000801', 22000, '2026-01-09 16:56:36', '2026-01-09 16:56:36');
INSERT INTO sales_item (sales_id, product_id, quantity, product_code, product_name, lot, unit_price, created_at, updated_at) VALUES (9040, 13, 1, 'RO0103', '로제 떡볶이 밀키트 순한맛 3,4인분', 'SE01-FA01-A1-RO0103-000802', 22000, '2026-01-09 16:56:36', '2026-01-09 16:56:36');
INSERT INTO sales_item (sales_id, product_id, quantity, product_code, product_name, lot, unit_price, created_at, updated_at) VALUES (9040, 13, 1, 'RO0103', '로제 떡볶이 밀키트 순한맛 3,4인분', 'SE01-FA01-A1-RO0103-000803', 22000, '2026-01-09 16:56:36', '2026-01-09 16:56:36');
INSERT INTO sales_item (sales_id, product_id, quantity, product_code, product_name, lot, unit_price, created_at, updated_at) VALUES (9040, 13, 1, 'RO0103', '로제 떡볶이 밀키트 순한맛 3,4인분', 'SE01-FA01-A1-RO0103-000804', 22000, '2026-01-09 16:56:36', '2026-01-09 16:56:36');
INSERT INTO sales_item (sales_id, product_id, quantity, product_code, product_name, lot, unit_price, created_at, updated_at) VALUES (9040, 13, 1, 'RO0103', '로제 떡볶이 밀키트 순한맛 3,4인분', 'SE01-FA01-A1-RO0103-000805', 22000, '2026-01-09 16:56:36', '2026-01-09 16:56:36');
INSERT INTO sales_item (sales_id, product_id, quantity, product_code, product_name, lot, unit_price, created_at, updated_at) VALUES (9040, 13, 1, 'RO0103', '로제 떡볶이 밀키트 순한맛 3,4인분', 'SE01-FA01-A1-RO0103-000806', 22000, '2026-01-09 16:56:36', '2026-01-09 16:56:36');
INSERT INTO sales_item (sales_id, product_id, quantity, product_code, product_name, lot, unit_price, created_at, updated_at) VALUES (9040, 13, 1, 'RO0103', '로제 떡볶이 밀키트 순한맛 3,4인분', 'SE01-FA01-A1-RO0103-000807', 22000, '2026-01-09 16:56:36', '2026-01-09 16:56:36');
INSERT INTO sales_item (sales_id, product_id, quantity, product_code, product_name, lot, unit_price, created_at, updated_at) VALUES (9040, 13, 1, 'RO0103', '로제 떡볶이 밀키트 순한맛 3,4인분', 'SE01-FA01-A1-RO0103-000808', 22000, '2026-01-09 16:56:36', '2026-01-09 16:56:36');
INSERT INTO sales_item (sales_id, product_id, quantity, product_code, product_name, lot, unit_price, created_at, updated_at) VALUES (9040, 13, 1, 'RO0103', '로제 떡볶이 밀키트 순한맛 3,4인분', 'SE01-FA01-A1-RO0103-000809', 22000, '2026-01-09 16:56:36', '2026-01-09 16:56:36');
INSERT INTO sales_item (sales_id, product_id, quantity, product_code, product_name, lot, unit_price, created_at, updated_at) VALUES (9040, 13, 1, 'RO0103', '로제 떡볶이 밀키트 순한맛 3,4인분', 'SE01-FA01-A1-RO0103-000810', 22000, '2026-01-09 16:56:36', '2026-01-09 16:56:36');
INSERT INTO sales_item (sales_id, product_id, quantity, product_code, product_name, lot, unit_price, created_at, updated_at) VALUES (9040, 13, 1, 'RO0103', '로제 떡볶이 밀키트 순한맛 3,4인분', 'SE01-FA01-A1-RO0103-000811', 22000, '2026-01-09 16:56:36', '2026-01-09 16:56:36');
INSERT INTO sales_item (sales_id, product_id, quantity, product_code, product_name, lot, unit_price, created_at, updated_at) VALUES (9040, 13, 1, 'RO0103', '로제 떡볶이 밀키트 순한맛 3,4인분', 'SE01-FA01-A1-RO0103-000812', 22000, '2026-01-09 16:56:36', '2026-01-09 16:56:36');
INSERT INTO sales_item (sales_id, product_id, quantity, product_code, product_name, lot, unit_price, created_at, updated_at) VALUES (9040, 13, 1, 'RO0103', '로제 떡볶이 밀키트 순한맛 3,4인분', 'SE01-FA01-A1-RO0103-000813', 22000, '2026-01-09 16:56:36', '2026-01-09 16:56:36');
INSERT INTO sales_item (sales_id, product_id, quantity, product_code, product_name, lot, unit_price, created_at, updated_at) VALUES (9040, 13, 1, 'RO0103', '로제 떡볶이 밀키트 순한맛 3,4인분', 'SE01-FA01-A1-RO0103-000814', 22000, '2026-01-09 16:56:36', '2026-01-09 16:56:36');
INSERT INTO sales_item (sales_id, product_id, quantity, product_code, product_name, lot, unit_price, created_at, updated_at) VALUES (9040, 13, 1, 'RO0103', '로제 떡볶이 밀키트 순한맛 3,4인분', 'SE01-FA01-A1-RO0103-000815', 22000, '2026-01-09 16:56:36', '2026-01-09 16:56:36');
INSERT INTO sales_item (sales_id, product_id, quantity, product_code, product_name, lot, unit_price, created_at, updated_at) VALUES (9040, 13, 1, 'RO0103', '로제 떡볶이 밀키트 순한맛 3,4인분', 'SE01-FA01-A1-RO0103-000816', 22000, '2026-01-09 16:56:36', '2026-01-09 16:56:36');
INSERT INTO sales_item (sales_id, product_id, quantity, product_code, product_name, lot, unit_price, created_at, updated_at) VALUES (9040, 13, 1, 'RO0103', '로제 떡볶이 밀키트 순한맛 3,4인분', 'SE01-FA01-A1-RO0103-000817', 22000, '2026-01-09 16:56:36', '2026-01-09 16:56:36');
INSERT INTO sales_item (sales_id, product_id, quantity, product_code, product_name, lot, unit_price, created_at, updated_at) VALUES (9040, 13, 1, 'RO0103', '로제 떡볶이 밀키트 순한맛 3,4인분', 'SE01-FA01-A1-RO0103-000818', 22000, '2026-01-09 16:56:36', '2026-01-09 16:56:36');
INSERT INTO sales_item (sales_id, product_id, quantity, product_code, product_name, lot, unit_price, created_at, updated_at) VALUES (9040, 13, 1, 'RO0103', '로제 떡볶이 밀키트 순한맛 3,4인분', 'SE01-FA01-A1-RO0103-000819', 22000, '2026-01-09 16:56:36', '2026-01-09 16:56:36');
INSERT INTO sales_item (sales_id, product_id, quantity, product_code, product_name, lot, unit_price, created_at, updated_at) VALUES (9040, 13, 1, 'RO0103', '로제 떡볶이 밀키트 순한맛 3,4인분', 'SE01-FA01-A1-RO0103-000820', 22000, '2026-01-09 16:56:36', '2026-01-09 16:56:36');

INSERT INTO franchise_order (franchise_order_id, franchise_id, order_code, user_id, address, requirement, order_status, total_quantity, total_amount, delivery_date, delivery_time, cancelled_reason, created_at, updated_at, version) VALUES (9041, 1, 'PO-20251230-042', 1001, '서울시 강남구 테스트로 1', '60~90일 과거 더미데이터', 'COMPLETED', 20, 440000, '2026-01-01 14:26:42', '09:00', NULL, '2025-12-30 10:26:42', '2026-01-01 14:26:42', 0);
INSERT INTO franchise_order_item (franchise_order_item_id, franchise_order_id, quantity, product_id, unit_price, total_price, created_at, updated_at) VALUES (9041, 9041, 20, 24, 22000, 440000, '2025-12-30 10:26:42', '2025-12-30 10:26:42');
INSERT INTO inventorylog (product_id, product_name, box_code, transaction_code, log_type, quantity, from_location_type, from_location_id, to_location_type, to_location_id, actor_type, actor_id, created_at, updated_at) VALUES (24, '마라 떡볶이 밀키트 아주매운맛 3,4인분', 'SE01-FA01-A1-MA0403-A02', 'PO-20251230-042', 'OUTBOUND', 20, 'FACTORY', 1, 'FRANCHISE', 1, 'FACTORY', 1, '2025-12-31 12:26:42', '2025-12-31 12:26:42');
INSERT INTO inventorylog (product_id, product_name, box_code, transaction_code, log_type, quantity, from_location_type, from_location_id, to_location_type, to_location_id, actor_type, actor_id, created_at, updated_at) VALUES (24, '마라 떡볶이 밀키트 아주매운맛 3,4인분', 'SE01-FA01-A1-MA0403-A02', 'PO-20251230-042', 'INBOUND', 20, 'FACTORY', 1, 'FRANCHISE', 1, 'FRANCHISE', 1, '2026-01-01 14:26:42', '2026-01-01 14:26:42');
INSERT INTO sales (sales_id, franchise_id, sales_code, quantity, total_amount, is_canceled, created_at, updated_at) VALUES (9041, 1, 'SL-20260102-042', 20, 440000, false, '2026-01-02 16:26:42', '2026-01-02 16:26:42');
INSERT INTO sales_item (sales_id, product_id, quantity, product_code, product_name, lot, unit_price, created_at, updated_at) VALUES (9041, 24, 1, 'MA0403', '마라 떡볶이 밀키트 아주매운맛 3,4인분', 'SE01-FA01-A1-MA0403-000821', 22000, '2026-01-02 16:26:42', '2026-01-02 16:26:42');
INSERT INTO sales_item (sales_id, product_id, quantity, product_code, product_name, lot, unit_price, created_at, updated_at) VALUES (9041, 24, 1, 'MA0403', '마라 떡볶이 밀키트 아주매운맛 3,4인분', 'SE01-FA01-A1-MA0403-000822', 22000, '2026-01-02 16:26:42', '2026-01-02 16:26:42');
INSERT INTO sales_item (sales_id, product_id, quantity, product_code, product_name, lot, unit_price, created_at, updated_at) VALUES (9041, 24, 1, 'MA0403', '마라 떡볶이 밀키트 아주매운맛 3,4인분', 'SE01-FA01-A1-MA0403-000823', 22000, '2026-01-02 16:26:42', '2026-01-02 16:26:42');
INSERT INTO sales_item (sales_id, product_id, quantity, product_code, product_name, lot, unit_price, created_at, updated_at) VALUES (9041, 24, 1, 'MA0403', '마라 떡볶이 밀키트 아주매운맛 3,4인분', 'SE01-FA01-A1-MA0403-000824', 22000, '2026-01-02 16:26:42', '2026-01-02 16:26:42');
INSERT INTO sales_item (sales_id, product_id, quantity, product_code, product_name, lot, unit_price, created_at, updated_at) VALUES (9041, 24, 1, 'MA0403', '마라 떡볶이 밀키트 아주매운맛 3,4인분', 'SE01-FA01-A1-MA0403-000825', 22000, '2026-01-02 16:26:42', '2026-01-02 16:26:42');
INSERT INTO sales_item (sales_id, product_id, quantity, product_code, product_name, lot, unit_price, created_at, updated_at) VALUES (9041, 24, 1, 'MA0403', '마라 떡볶이 밀키트 아주매운맛 3,4인분', 'SE01-FA01-A1-MA0403-000826', 22000, '2026-01-02 16:26:42', '2026-01-02 16:26:42');
INSERT INTO sales_item (sales_id, product_id, quantity, product_code, product_name, lot, unit_price, created_at, updated_at) VALUES (9041, 24, 1, 'MA0403', '마라 떡볶이 밀키트 아주매운맛 3,4인분', 'SE01-FA01-A1-MA0403-000827', 22000, '2026-01-02 16:26:42', '2026-01-02 16:26:42');
INSERT INTO sales_item (sales_id, product_id, quantity, product_code, product_name, lot, unit_price, created_at, updated_at) VALUES (9041, 24, 1, 'MA0403', '마라 떡볶이 밀키트 아주매운맛 3,4인분', 'SE01-FA01-A1-MA0403-000828', 22000, '2026-01-02 16:26:42', '2026-01-02 16:26:42');
INSERT INTO sales_item (sales_id, product_id, quantity, product_code, product_name, lot, unit_price, created_at, updated_at) VALUES (9041, 24, 1, 'MA0403', '마라 떡볶이 밀키트 아주매운맛 3,4인분', 'SE01-FA01-A1-MA0403-000829', 22000, '2026-01-02 16:26:42', '2026-01-02 16:26:42');
INSERT INTO sales_item (sales_id, product_id, quantity, product_code, product_name, lot, unit_price, created_at, updated_at) VALUES (9041, 24, 1, 'MA0403', '마라 떡볶이 밀키트 아주매운맛 3,4인분', 'SE01-FA01-A1-MA0403-000830', 22000, '2026-01-02 16:26:42', '2026-01-02 16:26:42');
INSERT INTO sales_item (sales_id, product_id, quantity, product_code, product_name, lot, unit_price, created_at, updated_at) VALUES (9041, 24, 1, 'MA0403', '마라 떡볶이 밀키트 아주매운맛 3,4인분', 'SE01-FA01-A1-MA0403-000831', 22000, '2026-01-02 16:26:42', '2026-01-02 16:26:42');
INSERT INTO sales_item (sales_id, product_id, quantity, product_code, product_name, lot, unit_price, created_at, updated_at) VALUES (9041, 24, 1, 'MA0403', '마라 떡볶이 밀키트 아주매운맛 3,4인분', 'SE01-FA01-A1-MA0403-000832', 22000, '2026-01-02 16:26:42', '2026-01-02 16:26:42');
INSERT INTO sales_item (sales_id, product_id, quantity, product_code, product_name, lot, unit_price, created_at, updated_at) VALUES (9041, 24, 1, 'MA0403', '마라 떡볶이 밀키트 아주매운맛 3,4인분', 'SE01-FA01-A1-MA0403-000833', 22000, '2026-01-02 16:26:42', '2026-01-02 16:26:42');
INSERT INTO sales_item (sales_id, product_id, quantity, product_code, product_name, lot, unit_price, created_at, updated_at) VALUES (9041, 24, 1, 'MA0403', '마라 떡볶이 밀키트 아주매운맛 3,4인분', 'SE01-FA01-A1-MA0403-000834', 22000, '2026-01-02 16:26:42', '2026-01-02 16:26:42');
INSERT INTO sales_item (sales_id, product_id, quantity, product_code, product_name, lot, unit_price, created_at, updated_at) VALUES (9041, 24, 1, 'MA0403', '마라 떡볶이 밀키트 아주매운맛 3,4인분', 'SE01-FA01-A1-MA0403-000835', 22000, '2026-01-02 16:26:42', '2026-01-02 16:26:42');
INSERT INTO sales_item (sales_id, product_id, quantity, product_code, product_name, lot, unit_price, created_at, updated_at) VALUES (9041, 24, 1, 'MA0403', '마라 떡볶이 밀키트 아주매운맛 3,4인분', 'SE01-FA01-A1-MA0403-000836', 22000, '2026-01-02 16:26:42', '2026-01-02 16:26:42');
INSERT INTO sales_item (sales_id, product_id, quantity, product_code, product_name, lot, unit_price, created_at, updated_at) VALUES (9041, 24, 1, 'MA0403', '마라 떡볶이 밀키트 아주매운맛 3,4인분', 'SE01-FA01-A1-MA0403-000837', 22000, '2026-01-02 16:26:42', '2026-01-02 16:26:42');
INSERT INTO sales_item (sales_id, product_id, quantity, product_code, product_name, lot, unit_price, created_at, updated_at) VALUES (9041, 24, 1, 'MA0403', '마라 떡볶이 밀키트 아주매운맛 3,4인분', 'SE01-FA01-A1-MA0403-000838', 22000, '2026-01-02 16:26:42', '2026-01-02 16:26:42');
INSERT INTO sales_item (sales_id, product_id, quantity, product_code, product_name, lot, unit_price, created_at, updated_at) VALUES (9041, 24, 1, 'MA0403', '마라 떡볶이 밀키트 아주매운맛 3,4인분', 'SE01-FA01-A1-MA0403-000839', 22000, '2026-01-02 16:26:42', '2026-01-02 16:26:42');
INSERT INTO sales_item (sales_id, product_id, quantity, product_code, product_name, lot, unit_price, created_at, updated_at) VALUES (9041, 24, 1, 'MA0403', '마라 떡볶이 밀키트 아주매운맛 3,4인분', 'SE01-FA01-A1-MA0403-000840', 22000, '2026-01-02 16:26:42', '2026-01-02 16:26:42');

INSERT INTO franchise_order (franchise_order_id, franchise_id, order_code, user_id, address, requirement, order_status, total_quantity, total_amount, delivery_date, delivery_time, cancelled_reason, created_at, updated_at, version) VALUES (9042, 1, 'PO-20251220-043', 1001, '서울시 강남구 테스트로 1', '60~90일 과거 더미데이터', 'COMPLETED', 20, 440000, '2025-12-22 17:13:42', '09:00', NULL, '2025-12-20 13:13:42', '2025-12-22 17:13:42', 0);
INSERT INTO franchise_order_item (franchise_order_item_id, franchise_order_id, quantity, product_id, unit_price, total_price, created_at, updated_at) VALUES (9042, 9042, 20, 16, 22000, 440000, '2025-12-20 13:13:42', '2025-12-20 13:13:42');
INSERT INTO inventorylog (product_id, product_name, box_code, transaction_code, log_type, quantity, from_location_type, from_location_id, to_location_type, to_location_id, actor_type, actor_id, created_at, updated_at) VALUES (16, '로제 떡볶이 밀키트 아주매운맛 3,4인분', 'SE01-FA01-A1-RO0403-A04', 'PO-20251220-043', 'OUTBOUND', 20, 'FACTORY', 1, 'FRANCHISE', 1, 'FACTORY', 1, '2025-12-21 15:13:42', '2025-12-21 15:13:42');
INSERT INTO inventorylog (product_id, product_name, box_code, transaction_code, log_type, quantity, from_location_type, from_location_id, to_location_type, to_location_id, actor_type, actor_id, created_at, updated_at) VALUES (16, '로제 떡볶이 밀키트 아주매운맛 3,4인분', 'SE01-FA01-A1-RO0403-A04', 'PO-20251220-043', 'INBOUND', 20, 'FACTORY', 1, 'FRANCHISE', 1, 'FRANCHISE', 1, '2025-12-22 17:13:42', '2025-12-22 17:13:42');
INSERT INTO sales (sales_id, franchise_id, sales_code, quantity, total_amount, is_canceled, created_at, updated_at) VALUES (9042, 1, 'SL-20251223-043', 20, 440000, false, '2025-12-23 19:13:42', '2025-12-23 19:13:42');
INSERT INTO sales_item (sales_id, product_id, quantity, product_code, product_name, lot, unit_price, created_at, updated_at) VALUES (9042, 16, 1, 'RO0403', '로제 떡볶이 밀키트 아주매운맛 3,4인분', 'SE01-FA01-A1-RO0403-000841', 22000, '2025-12-23 19:13:42', '2025-12-23 19:13:42');
INSERT INTO sales_item (sales_id, product_id, quantity, product_code, product_name, lot, unit_price, created_at, updated_at) VALUES (9042, 16, 1, 'RO0403', '로제 떡볶이 밀키트 아주매운맛 3,4인분', 'SE01-FA01-A1-RO0403-000842', 22000, '2025-12-23 19:13:42', '2025-12-23 19:13:42');
INSERT INTO sales_item (sales_id, product_id, quantity, product_code, product_name, lot, unit_price, created_at, updated_at) VALUES (9042, 16, 1, 'RO0403', '로제 떡볶이 밀키트 아주매운맛 3,4인분', 'SE01-FA01-A1-RO0403-000843', 22000, '2025-12-23 19:13:42', '2025-12-23 19:13:42');
INSERT INTO sales_item (sales_id, product_id, quantity, product_code, product_name, lot, unit_price, created_at, updated_at) VALUES (9042, 16, 1, 'RO0403', '로제 떡볶이 밀키트 아주매운맛 3,4인분', 'SE01-FA01-A1-RO0403-000844', 22000, '2025-12-23 19:13:42', '2025-12-23 19:13:42');
INSERT INTO sales_item (sales_id, product_id, quantity, product_code, product_name, lot, unit_price, created_at, updated_at) VALUES (9042, 16, 1, 'RO0403', '로제 떡볶이 밀키트 아주매운맛 3,4인분', 'SE01-FA01-A1-RO0403-000845', 22000, '2025-12-23 19:13:42', '2025-12-23 19:13:42');
INSERT INTO sales_item (sales_id, product_id, quantity, product_code, product_name, lot, unit_price, created_at, updated_at) VALUES (9042, 16, 1, 'RO0403', '로제 떡볶이 밀키트 아주매운맛 3,4인분', 'SE01-FA01-A1-RO0403-000846', 22000, '2025-12-23 19:13:42', '2025-12-23 19:13:42');
INSERT INTO sales_item (sales_id, product_id, quantity, product_code, product_name, lot, unit_price, created_at, updated_at) VALUES (9042, 16, 1, 'RO0403', '로제 떡볶이 밀키트 아주매운맛 3,4인분', 'SE01-FA01-A1-RO0403-000847', 22000, '2025-12-23 19:13:42', '2025-12-23 19:13:42');
INSERT INTO sales_item (sales_id, product_id, quantity, product_code, product_name, lot, unit_price, created_at, updated_at) VALUES (9042, 16, 1, 'RO0403', '로제 떡볶이 밀키트 아주매운맛 3,4인분', 'SE01-FA01-A1-RO0403-000848', 22000, '2025-12-23 19:13:42', '2025-12-23 19:13:42');
INSERT INTO sales_item (sales_id, product_id, quantity, product_code, product_name, lot, unit_price, created_at, updated_at) VALUES (9042, 16, 1, 'RO0403', '로제 떡볶이 밀키트 아주매운맛 3,4인분', 'SE01-FA01-A1-RO0403-000849', 22000, '2025-12-23 19:13:42', '2025-12-23 19:13:42');
INSERT INTO sales_item (sales_id, product_id, quantity, product_code, product_name, lot, unit_price, created_at, updated_at) VALUES (9042, 16, 1, 'RO0403', '로제 떡볶이 밀키트 아주매운맛 3,4인분', 'SE01-FA01-A1-RO0403-000850', 22000, '2025-12-23 19:13:42', '2025-12-23 19:13:42');
INSERT INTO sales_item (sales_id, product_id, quantity, product_code, product_name, lot, unit_price, created_at, updated_at) VALUES (9042, 16, 1, 'RO0403', '로제 떡볶이 밀키트 아주매운맛 3,4인분', 'SE01-FA01-A1-RO0403-000851', 22000, '2025-12-23 19:13:42', '2025-12-23 19:13:42');
INSERT INTO sales_item (sales_id, product_id, quantity, product_code, product_name, lot, unit_price, created_at, updated_at) VALUES (9042, 16, 1, 'RO0403', '로제 떡볶이 밀키트 아주매운맛 3,4인분', 'SE01-FA01-A1-RO0403-000852', 22000, '2025-12-23 19:13:42', '2025-12-23 19:13:42');
INSERT INTO sales_item (sales_id, product_id, quantity, product_code, product_name, lot, unit_price, created_at, updated_at) VALUES (9042, 16, 1, 'RO0403', '로제 떡볶이 밀키트 아주매운맛 3,4인분', 'SE01-FA01-A1-RO0403-000853', 22000, '2025-12-23 19:13:42', '2025-12-23 19:13:42');
INSERT INTO sales_item (sales_id, product_id, quantity, product_code, product_name, lot, unit_price, created_at, updated_at) VALUES (9042, 16, 1, 'RO0403', '로제 떡볶이 밀키트 아주매운맛 3,4인분', 'SE01-FA01-A1-RO0403-000854', 22000, '2025-12-23 19:13:42', '2025-12-23 19:13:42');
INSERT INTO sales_item (sales_id, product_id, quantity, product_code, product_name, lot, unit_price, created_at, updated_at) VALUES (9042, 16, 1, 'RO0403', '로제 떡볶이 밀키트 아주매운맛 3,4인분', 'SE01-FA01-A1-RO0403-000855', 22000, '2025-12-23 19:13:42', '2025-12-23 19:13:42');
INSERT INTO sales_item (sales_id, product_id, quantity, product_code, product_name, lot, unit_price, created_at, updated_at) VALUES (9042, 16, 1, 'RO0403', '로제 떡볶이 밀키트 아주매운맛 3,4인분', 'SE01-FA01-A1-RO0403-000856', 22000, '2025-12-23 19:13:42', '2025-12-23 19:13:42');
INSERT INTO sales_item (sales_id, product_id, quantity, product_code, product_name, lot, unit_price, created_at, updated_at) VALUES (9042, 16, 1, 'RO0403', '로제 떡볶이 밀키트 아주매운맛 3,4인분', 'SE01-FA01-A1-RO0403-000857', 22000, '2025-12-23 19:13:42', '2025-12-23 19:13:42');
INSERT INTO sales_item (sales_id, product_id, quantity, product_code, product_name, lot, unit_price, created_at, updated_at) VALUES (9042, 16, 1, 'RO0403', '로제 떡볶이 밀키트 아주매운맛 3,4인분', 'SE01-FA01-A1-RO0403-000858', 22000, '2025-12-23 19:13:42', '2025-12-23 19:13:42');
INSERT INTO sales_item (sales_id, product_id, quantity, product_code, product_name, lot, unit_price, created_at, updated_at) VALUES (9042, 16, 1, 'RO0403', '로제 떡볶이 밀키트 아주매운맛 3,4인분', 'SE01-FA01-A1-RO0403-000859', 22000, '2025-12-23 19:13:42', '2025-12-23 19:13:42');
INSERT INTO sales_item (sales_id, product_id, quantity, product_code, product_name, lot, unit_price, created_at, updated_at) VALUES (9042, 16, 1, 'RO0403', '로제 떡볶이 밀키트 아주매운맛 3,4인분', 'SE01-FA01-A1-RO0403-000860', 22000, '2025-12-23 19:13:42', '2025-12-23 19:13:42');

INSERT INTO franchise_order (franchise_order_id, franchise_id, order_code, user_id, address, requirement, order_status, total_quantity, total_amount, delivery_date, delivery_time, cancelled_reason, created_at, updated_at, version) VALUES (9043, 1, 'PO-20260111-044', 1001, '서울시 강남구 테스트로 1', '60~90일 과거 더미데이터', 'COMPLETED', 20, 240000, '2026-01-13 17:25:08', '09:00', NULL, '2026-01-11 13:25:08', '2026-01-13 17:25:08', 0);
INSERT INTO franchise_order_item (franchise_order_item_id, franchise_order_id, quantity, product_id, unit_price, total_price, created_at, updated_at) VALUES (9043, 9043, 20, 17, 12000, 240000, '2026-01-11 13:25:08', '2026-01-11 13:25:08');
INSERT INTO inventorylog (product_id, product_name, box_code, transaction_code, log_type, quantity, from_location_type, from_location_id, to_location_type, to_location_id, actor_type, actor_id, created_at, updated_at) VALUES (17, '마라 떡볶이 밀키트 순한맛 1,2인분', 'SE01-FA01-A1-MA0101-A01', 'PO-20260111-044', 'OUTBOUND', 20, 'FACTORY', 1, 'FRANCHISE', 1, 'FACTORY', 1, '2026-01-12 15:25:08', '2026-01-12 15:25:08');
INSERT INTO inventorylog (product_id, product_name, box_code, transaction_code, log_type, quantity, from_location_type, from_location_id, to_location_type, to_location_id, actor_type, actor_id, created_at, updated_at) VALUES (17, '마라 떡볶이 밀키트 순한맛 1,2인분', 'SE01-FA01-A1-MA0101-A01', 'PO-20260111-044', 'INBOUND', 20, 'FACTORY', 1, 'FRANCHISE', 1, 'FRANCHISE', 1, '2026-01-13 17:25:08', '2026-01-13 17:25:08');
INSERT INTO sales (sales_id, franchise_id, sales_code, quantity, total_amount, is_canceled, created_at, updated_at) VALUES (9043, 1, 'SL-20260114-044', 20, 240000, false, '2026-01-14 19:25:08', '2026-01-14 19:25:08');
INSERT INTO sales_item (sales_id, product_id, quantity, product_code, product_name, lot, unit_price, created_at, updated_at) VALUES (9043, 17, 1, 'MA0101', '마라 떡볶이 밀키트 순한맛 1,2인분', 'SE01-FA01-A1-MA0101-000861', 12000, '2026-01-14 19:25:08', '2026-01-14 19:25:08');
INSERT INTO sales_item (sales_id, product_id, quantity, product_code, product_name, lot, unit_price, created_at, updated_at) VALUES (9043, 17, 1, 'MA0101', '마라 떡볶이 밀키트 순한맛 1,2인분', 'SE01-FA01-A1-MA0101-000862', 12000, '2026-01-14 19:25:08', '2026-01-14 19:25:08');
INSERT INTO sales_item (sales_id, product_id, quantity, product_code, product_name, lot, unit_price, created_at, updated_at) VALUES (9043, 17, 1, 'MA0101', '마라 떡볶이 밀키트 순한맛 1,2인분', 'SE01-FA01-A1-MA0101-000863', 12000, '2026-01-14 19:25:08', '2026-01-14 19:25:08');
INSERT INTO sales_item (sales_id, product_id, quantity, product_code, product_name, lot, unit_price, created_at, updated_at) VALUES (9043, 17, 1, 'MA0101', '마라 떡볶이 밀키트 순한맛 1,2인분', 'SE01-FA01-A1-MA0101-000864', 12000, '2026-01-14 19:25:08', '2026-01-14 19:25:08');
INSERT INTO sales_item (sales_id, product_id, quantity, product_code, product_name, lot, unit_price, created_at, updated_at) VALUES (9043, 17, 1, 'MA0101', '마라 떡볶이 밀키트 순한맛 1,2인분', 'SE01-FA01-A1-MA0101-000865', 12000, '2026-01-14 19:25:08', '2026-01-14 19:25:08');
INSERT INTO sales_item (sales_id, product_id, quantity, product_code, product_name, lot, unit_price, created_at, updated_at) VALUES (9043, 17, 1, 'MA0101', '마라 떡볶이 밀키트 순한맛 1,2인분', 'SE01-FA01-A1-MA0101-000866', 12000, '2026-01-14 19:25:08', '2026-01-14 19:25:08');
INSERT INTO sales_item (sales_id, product_id, quantity, product_code, product_name, lot, unit_price, created_at, updated_at) VALUES (9043, 17, 1, 'MA0101', '마라 떡볶이 밀키트 순한맛 1,2인분', 'SE01-FA01-A1-MA0101-000867', 12000, '2026-01-14 19:25:08', '2026-01-14 19:25:08');
INSERT INTO sales_item (sales_id, product_id, quantity, product_code, product_name, lot, unit_price, created_at, updated_at) VALUES (9043, 17, 1, 'MA0101', '마라 떡볶이 밀키트 순한맛 1,2인분', 'SE01-FA01-A1-MA0101-000868', 12000, '2026-01-14 19:25:08', '2026-01-14 19:25:08');
INSERT INTO sales_item (sales_id, product_id, quantity, product_code, product_name, lot, unit_price, created_at, updated_at) VALUES (9043, 17, 1, 'MA0101', '마라 떡볶이 밀키트 순한맛 1,2인분', 'SE01-FA01-A1-MA0101-000869', 12000, '2026-01-14 19:25:08', '2026-01-14 19:25:08');
INSERT INTO sales_item (sales_id, product_id, quantity, product_code, product_name, lot, unit_price, created_at, updated_at) VALUES (9043, 17, 1, 'MA0101', '마라 떡볶이 밀키트 순한맛 1,2인분', 'SE01-FA01-A1-MA0101-000870', 12000, '2026-01-14 19:25:08', '2026-01-14 19:25:08');
INSERT INTO sales_item (sales_id, product_id, quantity, product_code, product_name, lot, unit_price, created_at, updated_at) VALUES (9043, 17, 1, 'MA0101', '마라 떡볶이 밀키트 순한맛 1,2인분', 'SE01-FA01-A1-MA0101-000871', 12000, '2026-01-14 19:25:08', '2026-01-14 19:25:08');
INSERT INTO sales_item (sales_id, product_id, quantity, product_code, product_name, lot, unit_price, created_at, updated_at) VALUES (9043, 17, 1, 'MA0101', '마라 떡볶이 밀키트 순한맛 1,2인분', 'SE01-FA01-A1-MA0101-000872', 12000, '2026-01-14 19:25:08', '2026-01-14 19:25:08');
INSERT INTO sales_item (sales_id, product_id, quantity, product_code, product_name, lot, unit_price, created_at, updated_at) VALUES (9043, 17, 1, 'MA0101', '마라 떡볶이 밀키트 순한맛 1,2인분', 'SE01-FA01-A1-MA0101-000873', 12000, '2026-01-14 19:25:08', '2026-01-14 19:25:08');
INSERT INTO sales_item (sales_id, product_id, quantity, product_code, product_name, lot, unit_price, created_at, updated_at) VALUES (9043, 17, 1, 'MA0101', '마라 떡볶이 밀키트 순한맛 1,2인분', 'SE01-FA01-A1-MA0101-000874', 12000, '2026-01-14 19:25:08', '2026-01-14 19:25:08');
INSERT INTO sales_item (sales_id, product_id, quantity, product_code, product_name, lot, unit_price, created_at, updated_at) VALUES (9043, 17, 1, 'MA0101', '마라 떡볶이 밀키트 순한맛 1,2인분', 'SE01-FA01-A1-MA0101-000875', 12000, '2026-01-14 19:25:08', '2026-01-14 19:25:08');
INSERT INTO sales_item (sales_id, product_id, quantity, product_code, product_name, lot, unit_price, created_at, updated_at) VALUES (9043, 17, 1, 'MA0101', '마라 떡볶이 밀키트 순한맛 1,2인분', 'SE01-FA01-A1-MA0101-000876', 12000, '2026-01-14 19:25:08', '2026-01-14 19:25:08');
INSERT INTO sales_item (sales_id, product_id, quantity, product_code, product_name, lot, unit_price, created_at, updated_at) VALUES (9043, 17, 1, 'MA0101', '마라 떡볶이 밀키트 순한맛 1,2인분', 'SE01-FA01-A1-MA0101-000877', 12000, '2026-01-14 19:25:08', '2026-01-14 19:25:08');
INSERT INTO sales_item (sales_id, product_id, quantity, product_code, product_name, lot, unit_price, created_at, updated_at) VALUES (9043, 17, 1, 'MA0101', '마라 떡볶이 밀키트 순한맛 1,2인분', 'SE01-FA01-A1-MA0101-000878', 12000, '2026-01-14 19:25:08', '2026-01-14 19:25:08');
INSERT INTO sales_item (sales_id, product_id, quantity, product_code, product_name, lot, unit_price, created_at, updated_at) VALUES (9043, 17, 1, 'MA0101', '마라 떡볶이 밀키트 순한맛 1,2인분', 'SE01-FA01-A1-MA0101-000879', 12000, '2026-01-14 19:25:08', '2026-01-14 19:25:08');
INSERT INTO sales_item (sales_id, product_id, quantity, product_code, product_name, lot, unit_price, created_at, updated_at) VALUES (9043, 17, 1, 'MA0101', '마라 떡볶이 밀키트 순한맛 1,2인분', 'SE01-FA01-A1-MA0101-000880', 12000, '2026-01-14 19:25:08', '2026-01-14 19:25:08');

INSERT INTO franchise_order (franchise_order_id, franchise_id, order_code, user_id, address, requirement, order_status, total_quantity, total_amount, delivery_date, delivery_time, cancelled_reason, created_at, updated_at, version) VALUES (9044, 1, 'PO-20260104-045', 1001, '서울시 강남구 테스트로 1', '60~90일 과거 더미데이터', 'COMPLETED', 20, 240000, '2026-01-06 18:59:48', '09:00', NULL, '2026-01-04 14:59:48', '2026-01-06 18:59:48', 0);
INSERT INTO franchise_order_item (franchise_order_item_id, franchise_order_id, quantity, product_id, unit_price, total_price, created_at, updated_at) VALUES (9044, 9044, 20, 19, 12000, 240000, '2026-01-04 14:59:48', '2026-01-04 14:59:48');
INSERT INTO inventorylog (product_id, product_name, box_code, transaction_code, log_type, quantity, from_location_type, from_location_id, to_location_type, to_location_id, actor_type, actor_id, created_at, updated_at) VALUES (19, '마라 떡볶이 밀키트 매운맛 1,2인분', 'SE01-FA01-A1-MA0301-A02', 'PO-20260104-045', 'OUTBOUND', 20, 'FACTORY', 1, 'FRANCHISE', 1, 'FACTORY', 1, '2026-01-05 16:59:48', '2026-01-05 16:59:48');
INSERT INTO inventorylog (product_id, product_name, box_code, transaction_code, log_type, quantity, from_location_type, from_location_id, to_location_type, to_location_id, actor_type, actor_id, created_at, updated_at) VALUES (19, '마라 떡볶이 밀키트 매운맛 1,2인분', 'SE01-FA01-A1-MA0301-A02', 'PO-20260104-045', 'INBOUND', 20, 'FACTORY', 1, 'FRANCHISE', 1, 'FRANCHISE', 1, '2026-01-06 18:59:48', '2026-01-06 18:59:48');
INSERT INTO sales (sales_id, franchise_id, sales_code, quantity, total_amount, is_canceled, created_at, updated_at) VALUES (9044, 1, 'SL-20260107-045', 20, 240000, false, '2026-01-07 20:59:48', '2026-01-07 20:59:48');
INSERT INTO sales_item (sales_id, product_id, quantity, product_code, product_name, lot, unit_price, created_at, updated_at) VALUES (9044, 19, 1, 'MA0301', '마라 떡볶이 밀키트 매운맛 1,2인분', 'SE01-FA01-A1-MA0301-000881', 12000, '2026-01-07 20:59:48', '2026-01-07 20:59:48');
INSERT INTO sales_item (sales_id, product_id, quantity, product_code, product_name, lot, unit_price, created_at, updated_at) VALUES (9044, 19, 1, 'MA0301', '마라 떡볶이 밀키트 매운맛 1,2인분', 'SE01-FA01-A1-MA0301-000882', 12000, '2026-01-07 20:59:48', '2026-01-07 20:59:48');
INSERT INTO sales_item (sales_id, product_id, quantity, product_code, product_name, lot, unit_price, created_at, updated_at) VALUES (9044, 19, 1, 'MA0301', '마라 떡볶이 밀키트 매운맛 1,2인분', 'SE01-FA01-A1-MA0301-000883', 12000, '2026-01-07 20:59:48', '2026-01-07 20:59:48');
INSERT INTO sales_item (sales_id, product_id, quantity, product_code, product_name, lot, unit_price, created_at, updated_at) VALUES (9044, 19, 1, 'MA0301', '마라 떡볶이 밀키트 매운맛 1,2인분', 'SE01-FA01-A1-MA0301-000884', 12000, '2026-01-07 20:59:48', '2026-01-07 20:59:48');
INSERT INTO sales_item (sales_id, product_id, quantity, product_code, product_name, lot, unit_price, created_at, updated_at) VALUES (9044, 19, 1, 'MA0301', '마라 떡볶이 밀키트 매운맛 1,2인분', 'SE01-FA01-A1-MA0301-000885', 12000, '2026-01-07 20:59:48', '2026-01-07 20:59:48');
INSERT INTO sales_item (sales_id, product_id, quantity, product_code, product_name, lot, unit_price, created_at, updated_at) VALUES (9044, 19, 1, 'MA0301', '마라 떡볶이 밀키트 매운맛 1,2인분', 'SE01-FA01-A1-MA0301-000886', 12000, '2026-01-07 20:59:48', '2026-01-07 20:59:48');
INSERT INTO sales_item (sales_id, product_id, quantity, product_code, product_name, lot, unit_price, created_at, updated_at) VALUES (9044, 19, 1, 'MA0301', '마라 떡볶이 밀키트 매운맛 1,2인분', 'SE01-FA01-A1-MA0301-000887', 12000, '2026-01-07 20:59:48', '2026-01-07 20:59:48');
INSERT INTO sales_item (sales_id, product_id, quantity, product_code, product_name, lot, unit_price, created_at, updated_at) VALUES (9044, 19, 1, 'MA0301', '마라 떡볶이 밀키트 매운맛 1,2인분', 'SE01-FA01-A1-MA0301-000888', 12000, '2026-01-07 20:59:48', '2026-01-07 20:59:48');
INSERT INTO sales_item (sales_id, product_id, quantity, product_code, product_name, lot, unit_price, created_at, updated_at) VALUES (9044, 19, 1, 'MA0301', '마라 떡볶이 밀키트 매운맛 1,2인분', 'SE01-FA01-A1-MA0301-000889', 12000, '2026-01-07 20:59:48', '2026-01-07 20:59:48');
INSERT INTO sales_item (sales_id, product_id, quantity, product_code, product_name, lot, unit_price, created_at, updated_at) VALUES (9044, 19, 1, 'MA0301', '마라 떡볶이 밀키트 매운맛 1,2인분', 'SE01-FA01-A1-MA0301-000890', 12000, '2026-01-07 20:59:48', '2026-01-07 20:59:48');
INSERT INTO sales_item (sales_id, product_id, quantity, product_code, product_name, lot, unit_price, created_at, updated_at) VALUES (9044, 19, 1, 'MA0301', '마라 떡볶이 밀키트 매운맛 1,2인분', 'SE01-FA01-A1-MA0301-000891', 12000, '2026-01-07 20:59:48', '2026-01-07 20:59:48');
INSERT INTO sales_item (sales_id, product_id, quantity, product_code, product_name, lot, unit_price, created_at, updated_at) VALUES (9044, 19, 1, 'MA0301', '마라 떡볶이 밀키트 매운맛 1,2인분', 'SE01-FA01-A1-MA0301-000892', 12000, '2026-01-07 20:59:48', '2026-01-07 20:59:48');
INSERT INTO sales_item (sales_id, product_id, quantity, product_code, product_name, lot, unit_price, created_at, updated_at) VALUES (9044, 19, 1, 'MA0301', '마라 떡볶이 밀키트 매운맛 1,2인분', 'SE01-FA01-A1-MA0301-000893', 12000, '2026-01-07 20:59:48', '2026-01-07 20:59:48');
INSERT INTO sales_item (sales_id, product_id, quantity, product_code, product_name, lot, unit_price, created_at, updated_at) VALUES (9044, 19, 1, 'MA0301', '마라 떡볶이 밀키트 매운맛 1,2인분', 'SE01-FA01-A1-MA0301-000894', 12000, '2026-01-07 20:59:48', '2026-01-07 20:59:48');
INSERT INTO sales_item (sales_id, product_id, quantity, product_code, product_name, lot, unit_price, created_at, updated_at) VALUES (9044, 19, 1, 'MA0301', '마라 떡볶이 밀키트 매운맛 1,2인분', 'SE01-FA01-A1-MA0301-000895', 12000, '2026-01-07 20:59:48', '2026-01-07 20:59:48');
INSERT INTO sales_item (sales_id, product_id, quantity, product_code, product_name, lot, unit_price, created_at, updated_at) VALUES (9044, 19, 1, 'MA0301', '마라 떡볶이 밀키트 매운맛 1,2인분', 'SE01-FA01-A1-MA0301-000896', 12000, '2026-01-07 20:59:48', '2026-01-07 20:59:48');
INSERT INTO sales_item (sales_id, product_id, quantity, product_code, product_name, lot, unit_price, created_at, updated_at) VALUES (9044, 19, 1, 'MA0301', '마라 떡볶이 밀키트 매운맛 1,2인분', 'SE01-FA01-A1-MA0301-000897', 12000, '2026-01-07 20:59:48', '2026-01-07 20:59:48');
INSERT INTO sales_item (sales_id, product_id, quantity, product_code, product_name, lot, unit_price, created_at, updated_at) VALUES (9044, 19, 1, 'MA0301', '마라 떡볶이 밀키트 매운맛 1,2인분', 'SE01-FA01-A1-MA0301-000898', 12000, '2026-01-07 20:59:48', '2026-01-07 20:59:48');
INSERT INTO sales_item (sales_id, product_id, quantity, product_code, product_name, lot, unit_price, created_at, updated_at) VALUES (9044, 19, 1, 'MA0301', '마라 떡볶이 밀키트 매운맛 1,2인분', 'SE01-FA01-A1-MA0301-000899', 12000, '2026-01-07 20:59:48', '2026-01-07 20:59:48');
INSERT INTO sales_item (sales_id, product_id, quantity, product_code, product_name, lot, unit_price, created_at, updated_at) VALUES (9044, 19, 1, 'MA0301', '마라 떡볶이 밀키트 매운맛 1,2인분', 'SE01-FA01-A1-MA0301-000900', 12000, '2026-01-07 20:59:48', '2026-01-07 20:59:48');

INSERT INTO franchise_order (franchise_order_id, franchise_id, order_code, user_id, address, requirement, order_status, total_quantity, total_amount, delivery_date, delivery_time, cancelled_reason, created_at, updated_at, version) VALUES (9045, 1, 'PO-20260104-046', 1001, '서울시 강남구 테스트로 1', '60~90일 과거 더미데이터', 'COMPLETED', 20, 240000, '2026-01-06 14:04:34', '09:00', NULL, '2026-01-04 10:04:34', '2026-01-06 14:04:34', 0);
INSERT INTO franchise_order_item (franchise_order_item_id, franchise_order_id, quantity, product_id, unit_price, total_price, created_at, updated_at) VALUES (9045, 9045, 20, 19, 12000, 240000, '2026-01-04 10:04:34', '2026-01-04 10:04:34');
INSERT INTO inventorylog (product_id, product_name, box_code, transaction_code, log_type, quantity, from_location_type, from_location_id, to_location_type, to_location_id, actor_type, actor_id, created_at, updated_at) VALUES (19, '마라 떡볶이 밀키트 매운맛 1,2인분', 'SE01-FA01-A1-MA0301-A03', 'PO-20260104-046', 'OUTBOUND', 20, 'FACTORY', 1, 'FRANCHISE', 1, 'FACTORY', 1, '2026-01-05 12:04:34', '2026-01-05 12:04:34');
INSERT INTO inventorylog (product_id, product_name, box_code, transaction_code, log_type, quantity, from_location_type, from_location_id, to_location_type, to_location_id, actor_type, actor_id, created_at, updated_at) VALUES (19, '마라 떡볶이 밀키트 매운맛 1,2인분', 'SE01-FA01-A1-MA0301-A03', 'PO-20260104-046', 'INBOUND', 20, 'FACTORY', 1, 'FRANCHISE', 1, 'FRANCHISE', 1, '2026-01-06 14:04:34', '2026-01-06 14:04:34');
INSERT INTO sales (sales_id, franchise_id, sales_code, quantity, total_amount, is_canceled, created_at, updated_at) VALUES (9045, 1, 'SL-20260107-046', 20, 240000, false, '2026-01-07 16:04:34', '2026-01-07 16:04:34');
INSERT INTO sales_item (sales_id, product_id, quantity, product_code, product_name, lot, unit_price, created_at, updated_at) VALUES (9045, 19, 1, 'MA0301', '마라 떡볶이 밀키트 매운맛 1,2인분', 'SE01-FA01-A1-MA0301-000901', 12000, '2026-01-07 16:04:34', '2026-01-07 16:04:34');
INSERT INTO sales_item (sales_id, product_id, quantity, product_code, product_name, lot, unit_price, created_at, updated_at) VALUES (9045, 19, 1, 'MA0301', '마라 떡볶이 밀키트 매운맛 1,2인분', 'SE01-FA01-A1-MA0301-000902', 12000, '2026-01-07 16:04:34', '2026-01-07 16:04:34');
INSERT INTO sales_item (sales_id, product_id, quantity, product_code, product_name, lot, unit_price, created_at, updated_at) VALUES (9045, 19, 1, 'MA0301', '마라 떡볶이 밀키트 매운맛 1,2인분', 'SE01-FA01-A1-MA0301-000903', 12000, '2026-01-07 16:04:34', '2026-01-07 16:04:34');
INSERT INTO sales_item (sales_id, product_id, quantity, product_code, product_name, lot, unit_price, created_at, updated_at) VALUES (9045, 19, 1, 'MA0301', '마라 떡볶이 밀키트 매운맛 1,2인분', 'SE01-FA01-A1-MA0301-000904', 12000, '2026-01-07 16:04:34', '2026-01-07 16:04:34');
INSERT INTO sales_item (sales_id, product_id, quantity, product_code, product_name, lot, unit_price, created_at, updated_at) VALUES (9045, 19, 1, 'MA0301', '마라 떡볶이 밀키트 매운맛 1,2인분', 'SE01-FA01-A1-MA0301-000905', 12000, '2026-01-07 16:04:34', '2026-01-07 16:04:34');
INSERT INTO sales_item (sales_id, product_id, quantity, product_code, product_name, lot, unit_price, created_at, updated_at) VALUES (9045, 19, 1, 'MA0301', '마라 떡볶이 밀키트 매운맛 1,2인분', 'SE01-FA01-A1-MA0301-000906', 12000, '2026-01-07 16:04:34', '2026-01-07 16:04:34');
INSERT INTO sales_item (sales_id, product_id, quantity, product_code, product_name, lot, unit_price, created_at, updated_at) VALUES (9045, 19, 1, 'MA0301', '마라 떡볶이 밀키트 매운맛 1,2인분', 'SE01-FA01-A1-MA0301-000907', 12000, '2026-01-07 16:04:34', '2026-01-07 16:04:34');
INSERT INTO sales_item (sales_id, product_id, quantity, product_code, product_name, lot, unit_price, created_at, updated_at) VALUES (9045, 19, 1, 'MA0301', '마라 떡볶이 밀키트 매운맛 1,2인분', 'SE01-FA01-A1-MA0301-000908', 12000, '2026-01-07 16:04:34', '2026-01-07 16:04:34');
INSERT INTO sales_item (sales_id, product_id, quantity, product_code, product_name, lot, unit_price, created_at, updated_at) VALUES (9045, 19, 1, 'MA0301', '마라 떡볶이 밀키트 매운맛 1,2인분', 'SE01-FA01-A1-MA0301-000909', 12000, '2026-01-07 16:04:34', '2026-01-07 16:04:34');
INSERT INTO sales_item (sales_id, product_id, quantity, product_code, product_name, lot, unit_price, created_at, updated_at) VALUES (9045, 19, 1, 'MA0301', '마라 떡볶이 밀키트 매운맛 1,2인분', 'SE01-FA01-A1-MA0301-000910', 12000, '2026-01-07 16:04:34', '2026-01-07 16:04:34');
INSERT INTO sales_item (sales_id, product_id, quantity, product_code, product_name, lot, unit_price, created_at, updated_at) VALUES (9045, 19, 1, 'MA0301', '마라 떡볶이 밀키트 매운맛 1,2인분', 'SE01-FA01-A1-MA0301-000911', 12000, '2026-01-07 16:04:34', '2026-01-07 16:04:34');
INSERT INTO sales_item (sales_id, product_id, quantity, product_code, product_name, lot, unit_price, created_at, updated_at) VALUES (9045, 19, 1, 'MA0301', '마라 떡볶이 밀키트 매운맛 1,2인분', 'SE01-FA01-A1-MA0301-000912', 12000, '2026-01-07 16:04:34', '2026-01-07 16:04:34');
INSERT INTO sales_item (sales_id, product_id, quantity, product_code, product_name, lot, unit_price, created_at, updated_at) VALUES (9045, 19, 1, 'MA0301', '마라 떡볶이 밀키트 매운맛 1,2인분', 'SE01-FA01-A1-MA0301-000913', 12000, '2026-01-07 16:04:34', '2026-01-07 16:04:34');
INSERT INTO sales_item (sales_id, product_id, quantity, product_code, product_name, lot, unit_price, created_at, updated_at) VALUES (9045, 19, 1, 'MA0301', '마라 떡볶이 밀키트 매운맛 1,2인분', 'SE01-FA01-A1-MA0301-000914', 12000, '2026-01-07 16:04:34', '2026-01-07 16:04:34');
INSERT INTO sales_item (sales_id, product_id, quantity, product_code, product_name, lot, unit_price, created_at, updated_at) VALUES (9045, 19, 1, 'MA0301', '마라 떡볶이 밀키트 매운맛 1,2인분', 'SE01-FA01-A1-MA0301-000915', 12000, '2026-01-07 16:04:34', '2026-01-07 16:04:34');
INSERT INTO sales_item (sales_id, product_id, quantity, product_code, product_name, lot, unit_price, created_at, updated_at) VALUES (9045, 19, 1, 'MA0301', '마라 떡볶이 밀키트 매운맛 1,2인분', 'SE01-FA01-A1-MA0301-000916', 12000, '2026-01-07 16:04:34', '2026-01-07 16:04:34');
INSERT INTO sales_item (sales_id, product_id, quantity, product_code, product_name, lot, unit_price, created_at, updated_at) VALUES (9045, 19, 1, 'MA0301', '마라 떡볶이 밀키트 매운맛 1,2인분', 'SE01-FA01-A1-MA0301-000917', 12000, '2026-01-07 16:04:34', '2026-01-07 16:04:34');
INSERT INTO sales_item (sales_id, product_id, quantity, product_code, product_name, lot, unit_price, created_at, updated_at) VALUES (9045, 19, 1, 'MA0301', '마라 떡볶이 밀키트 매운맛 1,2인분', 'SE01-FA01-A1-MA0301-000918', 12000, '2026-01-07 16:04:34', '2026-01-07 16:04:34');
INSERT INTO sales_item (sales_id, product_id, quantity, product_code, product_name, lot, unit_price, created_at, updated_at) VALUES (9045, 19, 1, 'MA0301', '마라 떡볶이 밀키트 매운맛 1,2인분', 'SE01-FA01-A1-MA0301-000919', 12000, '2026-01-07 16:04:34', '2026-01-07 16:04:34');
INSERT INTO sales_item (sales_id, product_id, quantity, product_code, product_name, lot, unit_price, created_at, updated_at) VALUES (9045, 19, 1, 'MA0301', '마라 떡볶이 밀키트 매운맛 1,2인분', 'SE01-FA01-A1-MA0301-000920', 12000, '2026-01-07 16:04:34', '2026-01-07 16:04:34');

INSERT INTO franchise_order (franchise_order_id, franchise_id, order_code, user_id, address, requirement, order_status, total_quantity, total_amount, delivery_date, delivery_time, cancelled_reason, created_at, updated_at, version) VALUES (9046, 1, 'PO-20260114-047', 1001, '서울시 강남구 테스트로 1', '60~90일 과거 더미데이터', 'COMPLETED', 20, 440000, '2026-01-16 18:56:04', '09:00', NULL, '2026-01-14 14:56:04', '2026-01-16 18:56:04', 0);
INSERT INTO franchise_order_item (franchise_order_item_id, franchise_order_id, quantity, product_id, unit_price, total_price, created_at, updated_at) VALUES (9046, 9046, 20, 14, 22000, 440000, '2026-01-14 14:56:04', '2026-01-14 14:56:04');
INSERT INTO inventorylog (product_id, product_name, box_code, transaction_code, log_type, quantity, from_location_type, from_location_id, to_location_type, to_location_id, actor_type, actor_id, created_at, updated_at) VALUES (14, '로제 떡볶이 밀키트 기본맛 3,4인분', 'SE01-FA01-A1-RO0203-A03', 'PO-20260114-047', 'OUTBOUND', 20, 'FACTORY', 1, 'FRANCHISE', 1, 'FACTORY', 1, '2026-01-15 16:56:04', '2026-01-15 16:56:04');
INSERT INTO inventorylog (product_id, product_name, box_code, transaction_code, log_type, quantity, from_location_type, from_location_id, to_location_type, to_location_id, actor_type, actor_id, created_at, updated_at) VALUES (14, '로제 떡볶이 밀키트 기본맛 3,4인분', 'SE01-FA01-A1-RO0203-A03', 'PO-20260114-047', 'INBOUND', 20, 'FACTORY', 1, 'FRANCHISE', 1, 'FRANCHISE', 1, '2026-01-16 18:56:04', '2026-01-16 18:56:04');
INSERT INTO sales (sales_id, franchise_id, sales_code, quantity, total_amount, is_canceled, created_at, updated_at) VALUES (9046, 1, 'SL-20260117-047', 20, 440000, false, '2026-01-17 20:56:04', '2026-01-17 20:56:04');
INSERT INTO sales_item (sales_id, product_id, quantity, product_code, product_name, lot, unit_price, created_at, updated_at) VALUES (9046, 14, 1, 'RO0203', '로제 떡볶이 밀키트 기본맛 3,4인분', 'SE01-FA01-A1-RO0203-000921', 22000, '2026-01-17 20:56:04', '2026-01-17 20:56:04');
INSERT INTO sales_item (sales_id, product_id, quantity, product_code, product_name, lot, unit_price, created_at, updated_at) VALUES (9046, 14, 1, 'RO0203', '로제 떡볶이 밀키트 기본맛 3,4인분', 'SE01-FA01-A1-RO0203-000922', 22000, '2026-01-17 20:56:04', '2026-01-17 20:56:04');
INSERT INTO sales_item (sales_id, product_id, quantity, product_code, product_name, lot, unit_price, created_at, updated_at) VALUES (9046, 14, 1, 'RO0203', '로제 떡볶이 밀키트 기본맛 3,4인분', 'SE01-FA01-A1-RO0203-000923', 22000, '2026-01-17 20:56:04', '2026-01-17 20:56:04');
INSERT INTO sales_item (sales_id, product_id, quantity, product_code, product_name, lot, unit_price, created_at, updated_at) VALUES (9046, 14, 1, 'RO0203', '로제 떡볶이 밀키트 기본맛 3,4인분', 'SE01-FA01-A1-RO0203-000924', 22000, '2026-01-17 20:56:04', '2026-01-17 20:56:04');
INSERT INTO sales_item (sales_id, product_id, quantity, product_code, product_name, lot, unit_price, created_at, updated_at) VALUES (9046, 14, 1, 'RO0203', '로제 떡볶이 밀키트 기본맛 3,4인분', 'SE01-FA01-A1-RO0203-000925', 22000, '2026-01-17 20:56:04', '2026-01-17 20:56:04');
INSERT INTO sales_item (sales_id, product_id, quantity, product_code, product_name, lot, unit_price, created_at, updated_at) VALUES (9046, 14, 1, 'RO0203', '로제 떡볶이 밀키트 기본맛 3,4인분', 'SE01-FA01-A1-RO0203-000926', 22000, '2026-01-17 20:56:04', '2026-01-17 20:56:04');
INSERT INTO sales_item (sales_id, product_id, quantity, product_code, product_name, lot, unit_price, created_at, updated_at) VALUES (9046, 14, 1, 'RO0203', '로제 떡볶이 밀키트 기본맛 3,4인분', 'SE01-FA01-A1-RO0203-000927', 22000, '2026-01-17 20:56:04', '2026-01-17 20:56:04');
INSERT INTO sales_item (sales_id, product_id, quantity, product_code, product_name, lot, unit_price, created_at, updated_at) VALUES (9046, 14, 1, 'RO0203', '로제 떡볶이 밀키트 기본맛 3,4인분', 'SE01-FA01-A1-RO0203-000928', 22000, '2026-01-17 20:56:04', '2026-01-17 20:56:04');
INSERT INTO sales_item (sales_id, product_id, quantity, product_code, product_name, lot, unit_price, created_at, updated_at) VALUES (9046, 14, 1, 'RO0203', '로제 떡볶이 밀키트 기본맛 3,4인분', 'SE01-FA01-A1-RO0203-000929', 22000, '2026-01-17 20:56:04', '2026-01-17 20:56:04');
INSERT INTO sales_item (sales_id, product_id, quantity, product_code, product_name, lot, unit_price, created_at, updated_at) VALUES (9046, 14, 1, 'RO0203', '로제 떡볶이 밀키트 기본맛 3,4인분', 'SE01-FA01-A1-RO0203-000930', 22000, '2026-01-17 20:56:04', '2026-01-17 20:56:04');
INSERT INTO sales_item (sales_id, product_id, quantity, product_code, product_name, lot, unit_price, created_at, updated_at) VALUES (9046, 14, 1, 'RO0203', '로제 떡볶이 밀키트 기본맛 3,4인분', 'SE01-FA01-A1-RO0203-000931', 22000, '2026-01-17 20:56:04', '2026-01-17 20:56:04');
INSERT INTO sales_item (sales_id, product_id, quantity, product_code, product_name, lot, unit_price, created_at, updated_at) VALUES (9046, 14, 1, 'RO0203', '로제 떡볶이 밀키트 기본맛 3,4인분', 'SE01-FA01-A1-RO0203-000932', 22000, '2026-01-17 20:56:04', '2026-01-17 20:56:04');
INSERT INTO sales_item (sales_id, product_id, quantity, product_code, product_name, lot, unit_price, created_at, updated_at) VALUES (9046, 14, 1, 'RO0203', '로제 떡볶이 밀키트 기본맛 3,4인분', 'SE01-FA01-A1-RO0203-000933', 22000, '2026-01-17 20:56:04', '2026-01-17 20:56:04');
INSERT INTO sales_item (sales_id, product_id, quantity, product_code, product_name, lot, unit_price, created_at, updated_at) VALUES (9046, 14, 1, 'RO0203', '로제 떡볶이 밀키트 기본맛 3,4인분', 'SE01-FA01-A1-RO0203-000934', 22000, '2026-01-17 20:56:04', '2026-01-17 20:56:04');
INSERT INTO sales_item (sales_id, product_id, quantity, product_code, product_name, lot, unit_price, created_at, updated_at) VALUES (9046, 14, 1, 'RO0203', '로제 떡볶이 밀키트 기본맛 3,4인분', 'SE01-FA01-A1-RO0203-000935', 22000, '2026-01-17 20:56:04', '2026-01-17 20:56:04');
INSERT INTO sales_item (sales_id, product_id, quantity, product_code, product_name, lot, unit_price, created_at, updated_at) VALUES (9046, 14, 1, 'RO0203', '로제 떡볶이 밀키트 기본맛 3,4인분', 'SE01-FA01-A1-RO0203-000936', 22000, '2026-01-17 20:56:04', '2026-01-17 20:56:04');
INSERT INTO sales_item (sales_id, product_id, quantity, product_code, product_name, lot, unit_price, created_at, updated_at) VALUES (9046, 14, 1, 'RO0203', '로제 떡볶이 밀키트 기본맛 3,4인분', 'SE01-FA01-A1-RO0203-000937', 22000, '2026-01-17 20:56:04', '2026-01-17 20:56:04');
INSERT INTO sales_item (sales_id, product_id, quantity, product_code, product_name, lot, unit_price, created_at, updated_at) VALUES (9046, 14, 1, 'RO0203', '로제 떡볶이 밀키트 기본맛 3,4인분', 'SE01-FA01-A1-RO0203-000938', 22000, '2026-01-17 20:56:04', '2026-01-17 20:56:04');
INSERT INTO sales_item (sales_id, product_id, quantity, product_code, product_name, lot, unit_price, created_at, updated_at) VALUES (9046, 14, 1, 'RO0203', '로제 떡볶이 밀키트 기본맛 3,4인분', 'SE01-FA01-A1-RO0203-000939', 22000, '2026-01-17 20:56:04', '2026-01-17 20:56:04');
INSERT INTO sales_item (sales_id, product_id, quantity, product_code, product_name, lot, unit_price, created_at, updated_at) VALUES (9046, 14, 1, 'RO0203', '로제 떡볶이 밀키트 기본맛 3,4인분', 'SE01-FA01-A1-RO0203-000940', 22000, '2026-01-17 20:56:04', '2026-01-17 20:56:04');

INSERT INTO franchise_order (franchise_order_id, franchise_id, order_code, user_id, address, requirement, order_status, total_quantity, total_amount, delivery_date, delivery_time, cancelled_reason, created_at, updated_at, version) VALUES (9047, 1, 'PO-20260109-048', 1001, '서울시 강남구 테스트로 1', '60~90일 과거 더미데이터', 'COMPLETED', 20, 440000, '2026-01-11 15:28:53', '09:00', NULL, '2026-01-09 11:28:53', '2026-01-11 15:28:53', 0);
INSERT INTO franchise_order_item (franchise_order_item_id, franchise_order_id, quantity, product_id, unit_price, total_price, created_at, updated_at) VALUES (9047, 9047, 20, 13, 22000, 440000, '2026-01-09 11:28:53', '2026-01-09 11:28:53');
INSERT INTO inventorylog (product_id, product_name, box_code, transaction_code, log_type, quantity, from_location_type, from_location_id, to_location_type, to_location_id, actor_type, actor_id, created_at, updated_at) VALUES (13, '로제 떡볶이 밀키트 순한맛 3,4인분', 'SE01-FA01-A1-RO0103-A03', 'PO-20260109-048', 'OUTBOUND', 20, 'FACTORY', 1, 'FRANCHISE', 1, 'FACTORY', 1, '2026-01-10 13:28:53', '2026-01-10 13:28:53');
INSERT INTO inventorylog (product_id, product_name, box_code, transaction_code, log_type, quantity, from_location_type, from_location_id, to_location_type, to_location_id, actor_type, actor_id, created_at, updated_at) VALUES (13, '로제 떡볶이 밀키트 순한맛 3,4인분', 'SE01-FA01-A1-RO0103-A03', 'PO-20260109-048', 'INBOUND', 20, 'FACTORY', 1, 'FRANCHISE', 1, 'FRANCHISE', 1, '2026-01-11 15:28:53', '2026-01-11 15:28:53');
INSERT INTO sales (sales_id, franchise_id, sales_code, quantity, total_amount, is_canceled, created_at, updated_at) VALUES (9047, 1, 'SL-20260112-048', 20, 440000, false, '2026-01-12 17:28:53', '2026-01-12 17:28:53');
INSERT INTO sales_item (sales_id, product_id, quantity, product_code, product_name, lot, unit_price, created_at, updated_at) VALUES (9047, 13, 1, 'RO0103', '로제 떡볶이 밀키트 순한맛 3,4인분', 'SE01-FA01-A1-RO0103-000941', 22000, '2026-01-12 17:28:53', '2026-01-12 17:28:53');
INSERT INTO sales_item (sales_id, product_id, quantity, product_code, product_name, lot, unit_price, created_at, updated_at) VALUES (9047, 13, 1, 'RO0103', '로제 떡볶이 밀키트 순한맛 3,4인분', 'SE01-FA01-A1-RO0103-000942', 22000, '2026-01-12 17:28:53', '2026-01-12 17:28:53');
INSERT INTO sales_item (sales_id, product_id, quantity, product_code, product_name, lot, unit_price, created_at, updated_at) VALUES (9047, 13, 1, 'RO0103', '로제 떡볶이 밀키트 순한맛 3,4인분', 'SE01-FA01-A1-RO0103-000943', 22000, '2026-01-12 17:28:53', '2026-01-12 17:28:53');
INSERT INTO sales_item (sales_id, product_id, quantity, product_code, product_name, lot, unit_price, created_at, updated_at) VALUES (9047, 13, 1, 'RO0103', '로제 떡볶이 밀키트 순한맛 3,4인분', 'SE01-FA01-A1-RO0103-000944', 22000, '2026-01-12 17:28:53', '2026-01-12 17:28:53');
INSERT INTO sales_item (sales_id, product_id, quantity, product_code, product_name, lot, unit_price, created_at, updated_at) VALUES (9047, 13, 1, 'RO0103', '로제 떡볶이 밀키트 순한맛 3,4인분', 'SE01-FA01-A1-RO0103-000945', 22000, '2026-01-12 17:28:53', '2026-01-12 17:28:53');
INSERT INTO sales_item (sales_id, product_id, quantity, product_code, product_name, lot, unit_price, created_at, updated_at) VALUES (9047, 13, 1, 'RO0103', '로제 떡볶이 밀키트 순한맛 3,4인분', 'SE01-FA01-A1-RO0103-000946', 22000, '2026-01-12 17:28:53', '2026-01-12 17:28:53');
INSERT INTO sales_item (sales_id, product_id, quantity, product_code, product_name, lot, unit_price, created_at, updated_at) VALUES (9047, 13, 1, 'RO0103', '로제 떡볶이 밀키트 순한맛 3,4인분', 'SE01-FA01-A1-RO0103-000947', 22000, '2026-01-12 17:28:53', '2026-01-12 17:28:53');
INSERT INTO sales_item (sales_id, product_id, quantity, product_code, product_name, lot, unit_price, created_at, updated_at) VALUES (9047, 13, 1, 'RO0103', '로제 떡볶이 밀키트 순한맛 3,4인분', 'SE01-FA01-A1-RO0103-000948', 22000, '2026-01-12 17:28:53', '2026-01-12 17:28:53');
INSERT INTO sales_item (sales_id, product_id, quantity, product_code, product_name, lot, unit_price, created_at, updated_at) VALUES (9047, 13, 1, 'RO0103', '로제 떡볶이 밀키트 순한맛 3,4인분', 'SE01-FA01-A1-RO0103-000949', 22000, '2026-01-12 17:28:53', '2026-01-12 17:28:53');
INSERT INTO sales_item (sales_id, product_id, quantity, product_code, product_name, lot, unit_price, created_at, updated_at) VALUES (9047, 13, 1, 'RO0103', '로제 떡볶이 밀키트 순한맛 3,4인분', 'SE01-FA01-A1-RO0103-000950', 22000, '2026-01-12 17:28:53', '2026-01-12 17:28:53');
INSERT INTO sales_item (sales_id, product_id, quantity, product_code, product_name, lot, unit_price, created_at, updated_at) VALUES (9047, 13, 1, 'RO0103', '로제 떡볶이 밀키트 순한맛 3,4인분', 'SE01-FA01-A1-RO0103-000951', 22000, '2026-01-12 17:28:53', '2026-01-12 17:28:53');
INSERT INTO sales_item (sales_id, product_id, quantity, product_code, product_name, lot, unit_price, created_at, updated_at) VALUES (9047, 13, 1, 'RO0103', '로제 떡볶이 밀키트 순한맛 3,4인분', 'SE01-FA01-A1-RO0103-000952', 22000, '2026-01-12 17:28:53', '2026-01-12 17:28:53');
INSERT INTO sales_item (sales_id, product_id, quantity, product_code, product_name, lot, unit_price, created_at, updated_at) VALUES (9047, 13, 1, 'RO0103', '로제 떡볶이 밀키트 순한맛 3,4인분', 'SE01-FA01-A1-RO0103-000953', 22000, '2026-01-12 17:28:53', '2026-01-12 17:28:53');
INSERT INTO sales_item (sales_id, product_id, quantity, product_code, product_name, lot, unit_price, created_at, updated_at) VALUES (9047, 13, 1, 'RO0103', '로제 떡볶이 밀키트 순한맛 3,4인분', 'SE01-FA01-A1-RO0103-000954', 22000, '2026-01-12 17:28:53', '2026-01-12 17:28:53');
INSERT INTO sales_item (sales_id, product_id, quantity, product_code, product_name, lot, unit_price, created_at, updated_at) VALUES (9047, 13, 1, 'RO0103', '로제 떡볶이 밀키트 순한맛 3,4인분', 'SE01-FA01-A1-RO0103-000955', 22000, '2026-01-12 17:28:53', '2026-01-12 17:28:53');
INSERT INTO sales_item (sales_id, product_id, quantity, product_code, product_name, lot, unit_price, created_at, updated_at) VALUES (9047, 13, 1, 'RO0103', '로제 떡볶이 밀키트 순한맛 3,4인분', 'SE01-FA01-A1-RO0103-000956', 22000, '2026-01-12 17:28:53', '2026-01-12 17:28:53');
INSERT INTO sales_item (sales_id, product_id, quantity, product_code, product_name, lot, unit_price, created_at, updated_at) VALUES (9047, 13, 1, 'RO0103', '로제 떡볶이 밀키트 순한맛 3,4인분', 'SE01-FA01-A1-RO0103-000957', 22000, '2026-01-12 17:28:53', '2026-01-12 17:28:53');
INSERT INTO sales_item (sales_id, product_id, quantity, product_code, product_name, lot, unit_price, created_at, updated_at) VALUES (9047, 13, 1, 'RO0103', '로제 떡볶이 밀키트 순한맛 3,4인분', 'SE01-FA01-A1-RO0103-000958', 22000, '2026-01-12 17:28:53', '2026-01-12 17:28:53');
INSERT INTO sales_item (sales_id, product_id, quantity, product_code, product_name, lot, unit_price, created_at, updated_at) VALUES (9047, 13, 1, 'RO0103', '로제 떡볶이 밀키트 순한맛 3,4인분', 'SE01-FA01-A1-RO0103-000959', 22000, '2026-01-12 17:28:53', '2026-01-12 17:28:53');
INSERT INTO sales_item (sales_id, product_id, quantity, product_code, product_name, lot, unit_price, created_at, updated_at) VALUES (9047, 13, 1, 'RO0103', '로제 떡볶이 밀키트 순한맛 3,4인분', 'SE01-FA01-A1-RO0103-000960', 22000, '2026-01-12 17:28:53', '2026-01-12 17:28:53');

INSERT INTO franchise_order (franchise_order_id, franchise_id, order_code, user_id, address, requirement, order_status, total_quantity, total_amount, delivery_date, delivery_time, cancelled_reason, created_at, updated_at, version) VALUES (9048, 1, 'PO-20251230-049', 1001, '서울시 강남구 테스트로 1', '60~90일 과거 더미데이터', 'COMPLETED', 20, 360000, '2026-01-01 21:00:42', '09:00', NULL, '2025-12-30 17:00:42', '2026-01-01 21:00:42', 0);
INSERT INTO franchise_order_item (franchise_order_item_id, franchise_order_id, quantity, product_id, unit_price, total_price, created_at, updated_at) VALUES (9048, 9048, 20, 8, 18000, 360000, '2025-12-30 17:00:42', '2025-12-30 17:00:42');
INSERT INTO inventorylog (product_id, product_name, box_code, transaction_code, log_type, quantity, from_location_type, from_location_id, to_location_type, to_location_id, actor_type, actor_id, created_at, updated_at) VALUES (8, '오리지널 떡볶이 밀키트 아주매운맛 3,4인분', 'SE01-FA01-A1-OR0403-A02', 'PO-20251230-049', 'OUTBOUND', 20, 'FACTORY', 1, 'FRANCHISE', 1, 'FACTORY', 1, '2025-12-31 19:00:42', '2025-12-31 19:00:42');
INSERT INTO inventorylog (product_id, product_name, box_code, transaction_code, log_type, quantity, from_location_type, from_location_id, to_location_type, to_location_id, actor_type, actor_id, created_at, updated_at) VALUES (8, '오리지널 떡볶이 밀키트 아주매운맛 3,4인분', 'SE01-FA01-A1-OR0403-A02', 'PO-20251230-049', 'INBOUND', 20, 'FACTORY', 1, 'FRANCHISE', 1, 'FRANCHISE', 1, '2026-01-01 21:00:42', '2026-01-01 21:00:42');
INSERT INTO sales (sales_id, franchise_id, sales_code, quantity, total_amount, is_canceled, created_at, updated_at) VALUES (9048, 1, 'SL-20260102-049', 20, 360000, false, '2026-01-02 23:00:42', '2026-01-02 23:00:42');
INSERT INTO sales_item (sales_id, product_id, quantity, product_code, product_name, lot, unit_price, created_at, updated_at) VALUES (9048, 8, 1, 'OR0403', '오리지널 떡볶이 밀키트 아주매운맛 3,4인분', 'SE01-FA01-A1-OR0403-000961', 18000, '2026-01-02 23:00:42', '2026-01-02 23:00:42');
INSERT INTO sales_item (sales_id, product_id, quantity, product_code, product_name, lot, unit_price, created_at, updated_at) VALUES (9048, 8, 1, 'OR0403', '오리지널 떡볶이 밀키트 아주매운맛 3,4인분', 'SE01-FA01-A1-OR0403-000962', 18000, '2026-01-02 23:00:42', '2026-01-02 23:00:42');
INSERT INTO sales_item (sales_id, product_id, quantity, product_code, product_name, lot, unit_price, created_at, updated_at) VALUES (9048, 8, 1, 'OR0403', '오리지널 떡볶이 밀키트 아주매운맛 3,4인분', 'SE01-FA01-A1-OR0403-000963', 18000, '2026-01-02 23:00:42', '2026-01-02 23:00:42');
INSERT INTO sales_item (sales_id, product_id, quantity, product_code, product_name, lot, unit_price, created_at, updated_at) VALUES (9048, 8, 1, 'OR0403', '오리지널 떡볶이 밀키트 아주매운맛 3,4인분', 'SE01-FA01-A1-OR0403-000964', 18000, '2026-01-02 23:00:42', '2026-01-02 23:00:42');
INSERT INTO sales_item (sales_id, product_id, quantity, product_code, product_name, lot, unit_price, created_at, updated_at) VALUES (9048, 8, 1, 'OR0403', '오리지널 떡볶이 밀키트 아주매운맛 3,4인분', 'SE01-FA01-A1-OR0403-000965', 18000, '2026-01-02 23:00:42', '2026-01-02 23:00:42');
INSERT INTO sales_item (sales_id, product_id, quantity, product_code, product_name, lot, unit_price, created_at, updated_at) VALUES (9048, 8, 1, 'OR0403', '오리지널 떡볶이 밀키트 아주매운맛 3,4인분', 'SE01-FA01-A1-OR0403-000966', 18000, '2026-01-02 23:00:42', '2026-01-02 23:00:42');
INSERT INTO sales_item (sales_id, product_id, quantity, product_code, product_name, lot, unit_price, created_at, updated_at) VALUES (9048, 8, 1, 'OR0403', '오리지널 떡볶이 밀키트 아주매운맛 3,4인분', 'SE01-FA01-A1-OR0403-000967', 18000, '2026-01-02 23:00:42', '2026-01-02 23:00:42');
INSERT INTO sales_item (sales_id, product_id, quantity, product_code, product_name, lot, unit_price, created_at, updated_at) VALUES (9048, 8, 1, 'OR0403', '오리지널 떡볶이 밀키트 아주매운맛 3,4인분', 'SE01-FA01-A1-OR0403-000968', 18000, '2026-01-02 23:00:42', '2026-01-02 23:00:42');
INSERT INTO sales_item (sales_id, product_id, quantity, product_code, product_name, lot, unit_price, created_at, updated_at) VALUES (9048, 8, 1, 'OR0403', '오리지널 떡볶이 밀키트 아주매운맛 3,4인분', 'SE01-FA01-A1-OR0403-000969', 18000, '2026-01-02 23:00:42', '2026-01-02 23:00:42');
INSERT INTO sales_item (sales_id, product_id, quantity, product_code, product_name, lot, unit_price, created_at, updated_at) VALUES (9048, 8, 1, 'OR0403', '오리지널 떡볶이 밀키트 아주매운맛 3,4인분', 'SE01-FA01-A1-OR0403-000970', 18000, '2026-01-02 23:00:42', '2026-01-02 23:00:42');
INSERT INTO sales_item (sales_id, product_id, quantity, product_code, product_name, lot, unit_price, created_at, updated_at) VALUES (9048, 8, 1, 'OR0403', '오리지널 떡볶이 밀키트 아주매운맛 3,4인분', 'SE01-FA01-A1-OR0403-000971', 18000, '2026-01-02 23:00:42', '2026-01-02 23:00:42');
INSERT INTO sales_item (sales_id, product_id, quantity, product_code, product_name, lot, unit_price, created_at, updated_at) VALUES (9048, 8, 1, 'OR0403', '오리지널 떡볶이 밀키트 아주매운맛 3,4인분', 'SE01-FA01-A1-OR0403-000972', 18000, '2026-01-02 23:00:42', '2026-01-02 23:00:42');
INSERT INTO sales_item (sales_id, product_id, quantity, product_code, product_name, lot, unit_price, created_at, updated_at) VALUES (9048, 8, 1, 'OR0403', '오리지널 떡볶이 밀키트 아주매운맛 3,4인분', 'SE01-FA01-A1-OR0403-000973', 18000, '2026-01-02 23:00:42', '2026-01-02 23:00:42');
INSERT INTO sales_item (sales_id, product_id, quantity, product_code, product_name, lot, unit_price, created_at, updated_at) VALUES (9048, 8, 1, 'OR0403', '오리지널 떡볶이 밀키트 아주매운맛 3,4인분', 'SE01-FA01-A1-OR0403-000974', 18000, '2026-01-02 23:00:42', '2026-01-02 23:00:42');
INSERT INTO sales_item (sales_id, product_id, quantity, product_code, product_name, lot, unit_price, created_at, updated_at) VALUES (9048, 8, 1, 'OR0403', '오리지널 떡볶이 밀키트 아주매운맛 3,4인분', 'SE01-FA01-A1-OR0403-000975', 18000, '2026-01-02 23:00:42', '2026-01-02 23:00:42');
INSERT INTO sales_item (sales_id, product_id, quantity, product_code, product_name, lot, unit_price, created_at, updated_at) VALUES (9048, 8, 1, 'OR0403', '오리지널 떡볶이 밀키트 아주매운맛 3,4인분', 'SE01-FA01-A1-OR0403-000976', 18000, '2026-01-02 23:00:42', '2026-01-02 23:00:42');
INSERT INTO sales_item (sales_id, product_id, quantity, product_code, product_name, lot, unit_price, created_at, updated_at) VALUES (9048, 8, 1, 'OR0403', '오리지널 떡볶이 밀키트 아주매운맛 3,4인분', 'SE01-FA01-A1-OR0403-000977', 18000, '2026-01-02 23:00:42', '2026-01-02 23:00:42');
INSERT INTO sales_item (sales_id, product_id, quantity, product_code, product_name, lot, unit_price, created_at, updated_at) VALUES (9048, 8, 1, 'OR0403', '오리지널 떡볶이 밀키트 아주매운맛 3,4인분', 'SE01-FA01-A1-OR0403-000978', 18000, '2026-01-02 23:00:42', '2026-01-02 23:00:42');
INSERT INTO sales_item (sales_id, product_id, quantity, product_code, product_name, lot, unit_price, created_at, updated_at) VALUES (9048, 8, 1, 'OR0403', '오리지널 떡볶이 밀키트 아주매운맛 3,4인분', 'SE01-FA01-A1-OR0403-000979', 18000, '2026-01-02 23:00:42', '2026-01-02 23:00:42');
INSERT INTO sales_item (sales_id, product_id, quantity, product_code, product_name, lot, unit_price, created_at, updated_at) VALUES (9048, 8, 1, 'OR0403', '오리지널 떡볶이 밀키트 아주매운맛 3,4인분', 'SE01-FA01-A1-OR0403-000980', 18000, '2026-01-02 23:00:42', '2026-01-02 23:00:42');

INSERT INTO franchise_order (franchise_order_id, franchise_id, order_code, user_id, address, requirement, order_status, total_quantity, total_amount, delivery_date, delivery_time, cancelled_reason, created_at, updated_at, version) VALUES (9049, 1, 'PO-20251220-050', 1001, '서울시 강남구 테스트로 1', '60~90일 과거 더미데이터', 'COMPLETED', 20, 240000, '2025-12-22 14:56:08', '09:00', NULL, '2025-12-20 10:56:08', '2025-12-22 14:56:08', 0);
INSERT INTO franchise_order_item (franchise_order_item_id, franchise_order_id, quantity, product_id, unit_price, total_price, created_at, updated_at) VALUES (9049, 9049, 20, 11, 12000, 240000, '2025-12-20 10:56:08', '2025-12-20 10:56:08');
INSERT INTO inventorylog (product_id, product_name, box_code, transaction_code, log_type, quantity, from_location_type, from_location_id, to_location_type, to_location_id, actor_type, actor_id, created_at, updated_at) VALUES (11, '로제 떡볶이 밀키트 매운맛 1,2인분', 'SE01-FA01-A1-RO0301-A02', 'PO-20251220-050', 'OUTBOUND', 20, 'FACTORY', 1, 'FRANCHISE', 1, 'FACTORY', 1, '2025-12-21 12:56:08', '2025-12-21 12:56:08');
INSERT INTO inventorylog (product_id, product_name, box_code, transaction_code, log_type, quantity, from_location_type, from_location_id, to_location_type, to_location_id, actor_type, actor_id, created_at, updated_at) VALUES (11, '로제 떡볶이 밀키트 매운맛 1,2인분', 'SE01-FA01-A1-RO0301-A02', 'PO-20251220-050', 'INBOUND', 20, 'FACTORY', 1, 'FRANCHISE', 1, 'FRANCHISE', 1, '2025-12-22 14:56:08', '2025-12-22 14:56:08');
INSERT INTO sales (sales_id, franchise_id, sales_code, quantity, total_amount, is_canceled, created_at, updated_at) VALUES (9049, 1, 'SL-20251223-050', 20, 240000, false, '2025-12-23 16:56:08', '2025-12-23 16:56:08');
INSERT INTO sales_item (sales_id, product_id, quantity, product_code, product_name, lot, unit_price, created_at, updated_at) VALUES (9049, 11, 1, 'RO0301', '로제 떡볶이 밀키트 매운맛 1,2인분', 'SE01-FA01-A1-RO0301-000981', 12000, '2025-12-23 16:56:08', '2025-12-23 16:56:08');
INSERT INTO sales_item (sales_id, product_id, quantity, product_code, product_name, lot, unit_price, created_at, updated_at) VALUES (9049, 11, 1, 'RO0301', '로제 떡볶이 밀키트 매운맛 1,2인분', 'SE01-FA01-A1-RO0301-000982', 12000, '2025-12-23 16:56:08', '2025-12-23 16:56:08');
INSERT INTO sales_item (sales_id, product_id, quantity, product_code, product_name, lot, unit_price, created_at, updated_at) VALUES (9049, 11, 1, 'RO0301', '로제 떡볶이 밀키트 매운맛 1,2인분', 'SE01-FA01-A1-RO0301-000983', 12000, '2025-12-23 16:56:08', '2025-12-23 16:56:08');
INSERT INTO sales_item (sales_id, product_id, quantity, product_code, product_name, lot, unit_price, created_at, updated_at) VALUES (9049, 11, 1, 'RO0301', '로제 떡볶이 밀키트 매운맛 1,2인분', 'SE01-FA01-A1-RO0301-000984', 12000, '2025-12-23 16:56:08', '2025-12-23 16:56:08');
INSERT INTO sales_item (sales_id, product_id, quantity, product_code, product_name, lot, unit_price, created_at, updated_at) VALUES (9049, 11, 1, 'RO0301', '로제 떡볶이 밀키트 매운맛 1,2인분', 'SE01-FA01-A1-RO0301-000985', 12000, '2025-12-23 16:56:08', '2025-12-23 16:56:08');
INSERT INTO sales_item (sales_id, product_id, quantity, product_code, product_name, lot, unit_price, created_at, updated_at) VALUES (9049, 11, 1, 'RO0301', '로제 떡볶이 밀키트 매운맛 1,2인분', 'SE01-FA01-A1-RO0301-000986', 12000, '2025-12-23 16:56:08', '2025-12-23 16:56:08');
INSERT INTO sales_item (sales_id, product_id, quantity, product_code, product_name, lot, unit_price, created_at, updated_at) VALUES (9049, 11, 1, 'RO0301', '로제 떡볶이 밀키트 매운맛 1,2인분', 'SE01-FA01-A1-RO0301-000987', 12000, '2025-12-23 16:56:08', '2025-12-23 16:56:08');
INSERT INTO sales_item (sales_id, product_id, quantity, product_code, product_name, lot, unit_price, created_at, updated_at) VALUES (9049, 11, 1, 'RO0301', '로제 떡볶이 밀키트 매운맛 1,2인분', 'SE01-FA01-A1-RO0301-000988', 12000, '2025-12-23 16:56:08', '2025-12-23 16:56:08');
INSERT INTO sales_item (sales_id, product_id, quantity, product_code, product_name, lot, unit_price, created_at, updated_at) VALUES (9049, 11, 1, 'RO0301', '로제 떡볶이 밀키트 매운맛 1,2인분', 'SE01-FA01-A1-RO0301-000989', 12000, '2025-12-23 16:56:08', '2025-12-23 16:56:08');
INSERT INTO sales_item (sales_id, product_id, quantity, product_code, product_name, lot, unit_price, created_at, updated_at) VALUES (9049, 11, 1, 'RO0301', '로제 떡볶이 밀키트 매운맛 1,2인분', 'SE01-FA01-A1-RO0301-000990', 12000, '2025-12-23 16:56:08', '2025-12-23 16:56:08');
INSERT INTO sales_item (sales_id, product_id, quantity, product_code, product_name, lot, unit_price, created_at, updated_at) VALUES (9049, 11, 1, 'RO0301', '로제 떡볶이 밀키트 매운맛 1,2인분', 'SE01-FA01-A1-RO0301-000991', 12000, '2025-12-23 16:56:08', '2025-12-23 16:56:08');
INSERT INTO sales_item (sales_id, product_id, quantity, product_code, product_name, lot, unit_price, created_at, updated_at) VALUES (9049, 11, 1, 'RO0301', '로제 떡볶이 밀키트 매운맛 1,2인분', 'SE01-FA01-A1-RO0301-000992', 12000, '2025-12-23 16:56:08', '2025-12-23 16:56:08');
INSERT INTO sales_item (sales_id, product_id, quantity, product_code, product_name, lot, unit_price, created_at, updated_at) VALUES (9049, 11, 1, 'RO0301', '로제 떡볶이 밀키트 매운맛 1,2인분', 'SE01-FA01-A1-RO0301-000993', 12000, '2025-12-23 16:56:08', '2025-12-23 16:56:08');
INSERT INTO sales_item (sales_id, product_id, quantity, product_code, product_name, lot, unit_price, created_at, updated_at) VALUES (9049, 11, 1, 'RO0301', '로제 떡볶이 밀키트 매운맛 1,2인분', 'SE01-FA01-A1-RO0301-000994', 12000, '2025-12-23 16:56:08', '2025-12-23 16:56:08');
INSERT INTO sales_item (sales_id, product_id, quantity, product_code, product_name, lot, unit_price, created_at, updated_at) VALUES (9049, 11, 1, 'RO0301', '로제 떡볶이 밀키트 매운맛 1,2인분', 'SE01-FA01-A1-RO0301-000995', 12000, '2025-12-23 16:56:08', '2025-12-23 16:56:08');
INSERT INTO sales_item (sales_id, product_id, quantity, product_code, product_name, lot, unit_price, created_at, updated_at) VALUES (9049, 11, 1, 'RO0301', '로제 떡볶이 밀키트 매운맛 1,2인분', 'SE01-FA01-A1-RO0301-000996', 12000, '2025-12-23 16:56:08', '2025-12-23 16:56:08');
INSERT INTO sales_item (sales_id, product_id, quantity, product_code, product_name, lot, unit_price, created_at, updated_at) VALUES (9049, 11, 1, 'RO0301', '로제 떡볶이 밀키트 매운맛 1,2인분', 'SE01-FA01-A1-RO0301-000997', 12000, '2025-12-23 16:56:08', '2025-12-23 16:56:08');
INSERT INTO sales_item (sales_id, product_id, quantity, product_code, product_name, lot, unit_price, created_at, updated_at) VALUES (9049, 11, 1, 'RO0301', '로제 떡볶이 밀키트 매운맛 1,2인분', 'SE01-FA01-A1-RO0301-000998', 12000, '2025-12-23 16:56:08', '2025-12-23 16:56:08');
INSERT INTO sales_item (sales_id, product_id, quantity, product_code, product_name, lot, unit_price, created_at, updated_at) VALUES (9049, 11, 1, 'RO0301', '로제 떡볶이 밀키트 매운맛 1,2인분', 'SE01-FA01-A1-RO0301-000999', 12000, '2025-12-23 16:56:08', '2025-12-23 16:56:08');
INSERT INTO sales_item (sales_id, product_id, quantity, product_code, product_name, lot, unit_price, created_at, updated_at) VALUES (9049, 11, 1, 'RO0301', '로제 떡볶이 밀키트 매운맛 1,2인분', 'SE01-FA01-A1-RO0301-001000', 12000, '2025-12-23 16:56:08', '2025-12-23 16:56:08');

INSERT INTO franchise_order (franchise_order_id, franchise_id, order_code, user_id, address, requirement, order_status, total_quantity, total_amount, delivery_date, delivery_time, cancelled_reason, created_at, updated_at, version) VALUES (9050, 1, 'PO-20251221-051', 1001, '서울시 강남구 테스트로 1', '60~90일 과거 더미데이터', 'COMPLETED', 20, 200000, '2025-12-23 14:47:35', '09:00', NULL, '2025-12-21 10:47:35', '2025-12-23 14:47:35', 0);
INSERT INTO franchise_order_item (franchise_order_item_id, franchise_order_id, quantity, product_id, unit_price, total_price, created_at, updated_at) VALUES (9050, 9050, 20, 4, 10000, 200000, '2025-12-21 10:47:35', '2025-12-21 10:47:35');
INSERT INTO inventorylog (product_id, product_name, box_code, transaction_code, log_type, quantity, from_location_type, from_location_id, to_location_type, to_location_id, actor_type, actor_id, created_at, updated_at) VALUES (4, '오리지널 떡볶이 밀키트 아주매운맛 1,2인분', 'SE01-FA01-A1-OR0401-A01', 'PO-20251221-051', 'OUTBOUND', 20, 'FACTORY', 1, 'FRANCHISE', 1, 'FACTORY', 1, '2025-12-22 12:47:35', '2025-12-22 12:47:35');
INSERT INTO inventorylog (product_id, product_name, box_code, transaction_code, log_type, quantity, from_location_type, from_location_id, to_location_type, to_location_id, actor_type, actor_id, created_at, updated_at) VALUES (4, '오리지널 떡볶이 밀키트 아주매운맛 1,2인분', 'SE01-FA01-A1-OR0401-A01', 'PO-20251221-051', 'INBOUND', 20, 'FACTORY', 1, 'FRANCHISE', 1, 'FRANCHISE', 1, '2025-12-23 14:47:35', '2025-12-23 14:47:35');
INSERT INTO sales (sales_id, franchise_id, sales_code, quantity, total_amount, is_canceled, created_at, updated_at) VALUES (9050, 1, 'SL-20251224-051', 20, 200000, false, '2025-12-24 16:47:35', '2025-12-24 16:47:35');
INSERT INTO sales_item (sales_id, product_id, quantity, product_code, product_name, lot, unit_price, created_at, updated_at) VALUES (9050, 4, 1, 'OR0401', '오리지널 떡볶이 밀키트 아주매운맛 1,2인분', 'SE01-FA01-A1-OR0401-001001', 10000, '2025-12-24 16:47:35', '2025-12-24 16:47:35');
INSERT INTO sales_item (sales_id, product_id, quantity, product_code, product_name, lot, unit_price, created_at, updated_at) VALUES (9050, 4, 1, 'OR0401', '오리지널 떡볶이 밀키트 아주매운맛 1,2인분', 'SE01-FA01-A1-OR0401-001002', 10000, '2025-12-24 16:47:35', '2025-12-24 16:47:35');
INSERT INTO sales_item (sales_id, product_id, quantity, product_code, product_name, lot, unit_price, created_at, updated_at) VALUES (9050, 4, 1, 'OR0401', '오리지널 떡볶이 밀키트 아주매운맛 1,2인분', 'SE01-FA01-A1-OR0401-001003', 10000, '2025-12-24 16:47:35', '2025-12-24 16:47:35');
INSERT INTO sales_item (sales_id, product_id, quantity, product_code, product_name, lot, unit_price, created_at, updated_at) VALUES (9050, 4, 1, 'OR0401', '오리지널 떡볶이 밀키트 아주매운맛 1,2인분', 'SE01-FA01-A1-OR0401-001004', 10000, '2025-12-24 16:47:35', '2025-12-24 16:47:35');
INSERT INTO sales_item (sales_id, product_id, quantity, product_code, product_name, lot, unit_price, created_at, updated_at) VALUES (9050, 4, 1, 'OR0401', '오리지널 떡볶이 밀키트 아주매운맛 1,2인분', 'SE01-FA01-A1-OR0401-001005', 10000, '2025-12-24 16:47:35', '2025-12-24 16:47:35');
INSERT INTO sales_item (sales_id, product_id, quantity, product_code, product_name, lot, unit_price, created_at, updated_at) VALUES (9050, 4, 1, 'OR0401', '오리지널 떡볶이 밀키트 아주매운맛 1,2인분', 'SE01-FA01-A1-OR0401-001006', 10000, '2025-12-24 16:47:35', '2025-12-24 16:47:35');
INSERT INTO sales_item (sales_id, product_id, quantity, product_code, product_name, lot, unit_price, created_at, updated_at) VALUES (9050, 4, 1, 'OR0401', '오리지널 떡볶이 밀키트 아주매운맛 1,2인분', 'SE01-FA01-A1-OR0401-001007', 10000, '2025-12-24 16:47:35', '2025-12-24 16:47:35');
INSERT INTO sales_item (sales_id, product_id, quantity, product_code, product_name, lot, unit_price, created_at, updated_at) VALUES (9050, 4, 1, 'OR0401', '오리지널 떡볶이 밀키트 아주매운맛 1,2인분', 'SE01-FA01-A1-OR0401-001008', 10000, '2025-12-24 16:47:35', '2025-12-24 16:47:35');
INSERT INTO sales_item (sales_id, product_id, quantity, product_code, product_name, lot, unit_price, created_at, updated_at) VALUES (9050, 4, 1, 'OR0401', '오리지널 떡볶이 밀키트 아주매운맛 1,2인분', 'SE01-FA01-A1-OR0401-001009', 10000, '2025-12-24 16:47:35', '2025-12-24 16:47:35');
INSERT INTO sales_item (sales_id, product_id, quantity, product_code, product_name, lot, unit_price, created_at, updated_at) VALUES (9050, 4, 1, 'OR0401', '오리지널 떡볶이 밀키트 아주매운맛 1,2인분', 'SE01-FA01-A1-OR0401-001010', 10000, '2025-12-24 16:47:35', '2025-12-24 16:47:35');
INSERT INTO sales_item (sales_id, product_id, quantity, product_code, product_name, lot, unit_price, created_at, updated_at) VALUES (9050, 4, 1, 'OR0401', '오리지널 떡볶이 밀키트 아주매운맛 1,2인분', 'SE01-FA01-A1-OR0401-001011', 10000, '2025-12-24 16:47:35', '2025-12-24 16:47:35');
INSERT INTO sales_item (sales_id, product_id, quantity, product_code, product_name, lot, unit_price, created_at, updated_at) VALUES (9050, 4, 1, 'OR0401', '오리지널 떡볶이 밀키트 아주매운맛 1,2인분', 'SE01-FA01-A1-OR0401-001012', 10000, '2025-12-24 16:47:35', '2025-12-24 16:47:35');
INSERT INTO sales_item (sales_id, product_id, quantity, product_code, product_name, lot, unit_price, created_at, updated_at) VALUES (9050, 4, 1, 'OR0401', '오리지널 떡볶이 밀키트 아주매운맛 1,2인분', 'SE01-FA01-A1-OR0401-001013', 10000, '2025-12-24 16:47:35', '2025-12-24 16:47:35');
INSERT INTO sales_item (sales_id, product_id, quantity, product_code, product_name, lot, unit_price, created_at, updated_at) VALUES (9050, 4, 1, 'OR0401', '오리지널 떡볶이 밀키트 아주매운맛 1,2인분', 'SE01-FA01-A1-OR0401-001014', 10000, '2025-12-24 16:47:35', '2025-12-24 16:47:35');
INSERT INTO sales_item (sales_id, product_id, quantity, product_code, product_name, lot, unit_price, created_at, updated_at) VALUES (9050, 4, 1, 'OR0401', '오리지널 떡볶이 밀키트 아주매운맛 1,2인분', 'SE01-FA01-A1-OR0401-001015', 10000, '2025-12-24 16:47:35', '2025-12-24 16:47:35');
INSERT INTO sales_item (sales_id, product_id, quantity, product_code, product_name, lot, unit_price, created_at, updated_at) VALUES (9050, 4, 1, 'OR0401', '오리지널 떡볶이 밀키트 아주매운맛 1,2인분', 'SE01-FA01-A1-OR0401-001016', 10000, '2025-12-24 16:47:35', '2025-12-24 16:47:35');
INSERT INTO sales_item (sales_id, product_id, quantity, product_code, product_name, lot, unit_price, created_at, updated_at) VALUES (9050, 4, 1, 'OR0401', '오리지널 떡볶이 밀키트 아주매운맛 1,2인분', 'SE01-FA01-A1-OR0401-001017', 10000, '2025-12-24 16:47:35', '2025-12-24 16:47:35');
INSERT INTO sales_item (sales_id, product_id, quantity, product_code, product_name, lot, unit_price, created_at, updated_at) VALUES (9050, 4, 1, 'OR0401', '오리지널 떡볶이 밀키트 아주매운맛 1,2인분', 'SE01-FA01-A1-OR0401-001018', 10000, '2025-12-24 16:47:35', '2025-12-24 16:47:35');
INSERT INTO sales_item (sales_id, product_id, quantity, product_code, product_name, lot, unit_price, created_at, updated_at) VALUES (9050, 4, 1, 'OR0401', '오리지널 떡볶이 밀키트 아주매운맛 1,2인분', 'SE01-FA01-A1-OR0401-001019', 10000, '2025-12-24 16:47:35', '2025-12-24 16:47:35');
INSERT INTO sales_item (sales_id, product_id, quantity, product_code, product_name, lot, unit_price, created_at, updated_at) VALUES (9050, 4, 1, 'OR0401', '오리지널 떡볶이 밀키트 아주매운맛 1,2인분', 'SE01-FA01-A1-OR0401-001020', 10000, '2025-12-24 16:47:35', '2025-12-24 16:47:35');

INSERT INTO franchise_order (franchise_order_id, franchise_id, order_code, user_id, address, requirement, order_status, total_quantity, total_amount, delivery_date, delivery_time, cancelled_reason, created_at, updated_at, version) VALUES (9051, 1, 'PO-20260109-052', 1001, '서울시 강남구 테스트로 1', '60~90일 과거 더미데이터', 'COMPLETED', 20, 440000, '2026-01-11 16:45:21', '09:00', NULL, '2026-01-09 12:45:21', '2026-01-11 16:45:21', 0);
INSERT INTO franchise_order_item (franchise_order_item_id, franchise_order_id, quantity, product_id, unit_price, total_price, created_at, updated_at) VALUES (9051, 9051, 20, 23, 22000, 440000, '2026-01-09 12:45:21', '2026-01-09 12:45:21');
INSERT INTO inventorylog (product_id, product_name, box_code, transaction_code, log_type, quantity, from_location_type, from_location_id, to_location_type, to_location_id, actor_type, actor_id, created_at, updated_at) VALUES (23, '마라 떡볶이 밀키트 매운맛 3,4인분', 'SE01-FA01-A1-MA0303-A02', 'PO-20260109-052', 'OUTBOUND', 20, 'FACTORY', 1, 'FRANCHISE', 1, 'FACTORY', 1, '2026-01-10 14:45:21', '2026-01-10 14:45:21');
INSERT INTO inventorylog (product_id, product_name, box_code, transaction_code, log_type, quantity, from_location_type, from_location_id, to_location_type, to_location_id, actor_type, actor_id, created_at, updated_at) VALUES (23, '마라 떡볶이 밀키트 매운맛 3,4인분', 'SE01-FA01-A1-MA0303-A02', 'PO-20260109-052', 'INBOUND', 20, 'FACTORY', 1, 'FRANCHISE', 1, 'FRANCHISE', 1, '2026-01-11 16:45:21', '2026-01-11 16:45:21');
INSERT INTO sales (sales_id, franchise_id, sales_code, quantity, total_amount, is_canceled, created_at, updated_at) VALUES (9051, 1, 'SL-20260112-052', 20, 440000, false, '2026-01-12 18:45:21', '2026-01-12 18:45:21');
INSERT INTO sales_item (sales_id, product_id, quantity, product_code, product_name, lot, unit_price, created_at, updated_at) VALUES (9051, 23, 1, 'MA0303', '마라 떡볶이 밀키트 매운맛 3,4인분', 'SE01-FA01-A1-MA0303-001021', 22000, '2026-01-12 18:45:21', '2026-01-12 18:45:21');
INSERT INTO sales_item (sales_id, product_id, quantity, product_code, product_name, lot, unit_price, created_at, updated_at) VALUES (9051, 23, 1, 'MA0303', '마라 떡볶이 밀키트 매운맛 3,4인분', 'SE01-FA01-A1-MA0303-001022', 22000, '2026-01-12 18:45:21', '2026-01-12 18:45:21');
INSERT INTO sales_item (sales_id, product_id, quantity, product_code, product_name, lot, unit_price, created_at, updated_at) VALUES (9051, 23, 1, 'MA0303', '마라 떡볶이 밀키트 매운맛 3,4인분', 'SE01-FA01-A1-MA0303-001023', 22000, '2026-01-12 18:45:21', '2026-01-12 18:45:21');
INSERT INTO sales_item (sales_id, product_id, quantity, product_code, product_name, lot, unit_price, created_at, updated_at) VALUES (9051, 23, 1, 'MA0303', '마라 떡볶이 밀키트 매운맛 3,4인분', 'SE01-FA01-A1-MA0303-001024', 22000, '2026-01-12 18:45:21', '2026-01-12 18:45:21');
INSERT INTO sales_item (sales_id, product_id, quantity, product_code, product_name, lot, unit_price, created_at, updated_at) VALUES (9051, 23, 1, 'MA0303', '마라 떡볶이 밀키트 매운맛 3,4인분', 'SE01-FA01-A1-MA0303-001025', 22000, '2026-01-12 18:45:21', '2026-01-12 18:45:21');
INSERT INTO sales_item (sales_id, product_id, quantity, product_code, product_name, lot, unit_price, created_at, updated_at) VALUES (9051, 23, 1, 'MA0303', '마라 떡볶이 밀키트 매운맛 3,4인분', 'SE01-FA01-A1-MA0303-001026', 22000, '2026-01-12 18:45:21', '2026-01-12 18:45:21');
INSERT INTO sales_item (sales_id, product_id, quantity, product_code, product_name, lot, unit_price, created_at, updated_at) VALUES (9051, 23, 1, 'MA0303', '마라 떡볶이 밀키트 매운맛 3,4인분', 'SE01-FA01-A1-MA0303-001027', 22000, '2026-01-12 18:45:21', '2026-01-12 18:45:21');
INSERT INTO sales_item (sales_id, product_id, quantity, product_code, product_name, lot, unit_price, created_at, updated_at) VALUES (9051, 23, 1, 'MA0303', '마라 떡볶이 밀키트 매운맛 3,4인분', 'SE01-FA01-A1-MA0303-001028', 22000, '2026-01-12 18:45:21', '2026-01-12 18:45:21');
INSERT INTO sales_item (sales_id, product_id, quantity, product_code, product_name, lot, unit_price, created_at, updated_at) VALUES (9051, 23, 1, 'MA0303', '마라 떡볶이 밀키트 매운맛 3,4인분', 'SE01-FA01-A1-MA0303-001029', 22000, '2026-01-12 18:45:21', '2026-01-12 18:45:21');
INSERT INTO sales_item (sales_id, product_id, quantity, product_code, product_name, lot, unit_price, created_at, updated_at) VALUES (9051, 23, 1, 'MA0303', '마라 떡볶이 밀키트 매운맛 3,4인분', 'SE01-FA01-A1-MA0303-001030', 22000, '2026-01-12 18:45:21', '2026-01-12 18:45:21');
INSERT INTO sales_item (sales_id, product_id, quantity, product_code, product_name, lot, unit_price, created_at, updated_at) VALUES (9051, 23, 1, 'MA0303', '마라 떡볶이 밀키트 매운맛 3,4인분', 'SE01-FA01-A1-MA0303-001031', 22000, '2026-01-12 18:45:21', '2026-01-12 18:45:21');
INSERT INTO sales_item (sales_id, product_id, quantity, product_code, product_name, lot, unit_price, created_at, updated_at) VALUES (9051, 23, 1, 'MA0303', '마라 떡볶이 밀키트 매운맛 3,4인분', 'SE01-FA01-A1-MA0303-001032', 22000, '2026-01-12 18:45:21', '2026-01-12 18:45:21');
INSERT INTO sales_item (sales_id, product_id, quantity, product_code, product_name, lot, unit_price, created_at, updated_at) VALUES (9051, 23, 1, 'MA0303', '마라 떡볶이 밀키트 매운맛 3,4인분', 'SE01-FA01-A1-MA0303-001033', 22000, '2026-01-12 18:45:21', '2026-01-12 18:45:21');
INSERT INTO sales_item (sales_id, product_id, quantity, product_code, product_name, lot, unit_price, created_at, updated_at) VALUES (9051, 23, 1, 'MA0303', '마라 떡볶이 밀키트 매운맛 3,4인분', 'SE01-FA01-A1-MA0303-001034', 22000, '2026-01-12 18:45:21', '2026-01-12 18:45:21');
INSERT INTO sales_item (sales_id, product_id, quantity, product_code, product_name, lot, unit_price, created_at, updated_at) VALUES (9051, 23, 1, 'MA0303', '마라 떡볶이 밀키트 매운맛 3,4인분', 'SE01-FA01-A1-MA0303-001035', 22000, '2026-01-12 18:45:21', '2026-01-12 18:45:21');
INSERT INTO sales_item (sales_id, product_id, quantity, product_code, product_name, lot, unit_price, created_at, updated_at) VALUES (9051, 23, 1, 'MA0303', '마라 떡볶이 밀키트 매운맛 3,4인분', 'SE01-FA01-A1-MA0303-001036', 22000, '2026-01-12 18:45:21', '2026-01-12 18:45:21');
INSERT INTO sales_item (sales_id, product_id, quantity, product_code, product_name, lot, unit_price, created_at, updated_at) VALUES (9051, 23, 1, 'MA0303', '마라 떡볶이 밀키트 매운맛 3,4인분', 'SE01-FA01-A1-MA0303-001037', 22000, '2026-01-12 18:45:21', '2026-01-12 18:45:21');
INSERT INTO sales_item (sales_id, product_id, quantity, product_code, product_name, lot, unit_price, created_at, updated_at) VALUES (9051, 23, 1, 'MA0303', '마라 떡볶이 밀키트 매운맛 3,4인분', 'SE01-FA01-A1-MA0303-001038', 22000, '2026-01-12 18:45:21', '2026-01-12 18:45:21');
INSERT INTO sales_item (sales_id, product_id, quantity, product_code, product_name, lot, unit_price, created_at, updated_at) VALUES (9051, 23, 1, 'MA0303', '마라 떡볶이 밀키트 매운맛 3,4인분', 'SE01-FA01-A1-MA0303-001039', 22000, '2026-01-12 18:45:21', '2026-01-12 18:45:21');
INSERT INTO sales_item (sales_id, product_id, quantity, product_code, product_name, lot, unit_price, created_at, updated_at) VALUES (9051, 23, 1, 'MA0303', '마라 떡볶이 밀키트 매운맛 3,4인분', 'SE01-FA01-A1-MA0303-001040', 22000, '2026-01-12 18:45:21', '2026-01-12 18:45:21');

INSERT INTO franchise_order (franchise_order_id, franchise_id, order_code, user_id, address, requirement, order_status, total_quantity, total_amount, delivery_date, delivery_time, cancelled_reason, created_at, updated_at, version) VALUES (9052, 1, 'PO-20260102-053', 1001, '서울시 강남구 테스트로 1', '60~90일 과거 더미데이터', 'COMPLETED', 20, 200000, '2026-01-04 20:16:57', '09:00', NULL, '2026-01-02 16:16:57', '2026-01-04 20:16:57', 0);
INSERT INTO franchise_order_item (franchise_order_item_id, franchise_order_id, quantity, product_id, unit_price, total_price, created_at, updated_at) VALUES (9052, 9052, 20, 3, 10000, 200000, '2026-01-02 16:16:57', '2026-01-02 16:16:57');
INSERT INTO inventorylog (product_id, product_name, box_code, transaction_code, log_type, quantity, from_location_type, from_location_id, to_location_type, to_location_id, actor_type, actor_id, created_at, updated_at) VALUES (3, '오리지널 떡볶이 밀키트 매운맛 1,2인분', 'SE01-FA01-A1-OR0301-A05', 'PO-20260102-053', 'OUTBOUND', 20, 'FACTORY', 1, 'FRANCHISE', 1, 'FACTORY', 1, '2026-01-03 18:16:57', '2026-01-03 18:16:57');
INSERT INTO inventorylog (product_id, product_name, box_code, transaction_code, log_type, quantity, from_location_type, from_location_id, to_location_type, to_location_id, actor_type, actor_id, created_at, updated_at) VALUES (3, '오리지널 떡볶이 밀키트 매운맛 1,2인분', 'SE01-FA01-A1-OR0301-A05', 'PO-20260102-053', 'INBOUND', 20, 'FACTORY', 1, 'FRANCHISE', 1, 'FRANCHISE', 1, '2026-01-04 20:16:57', '2026-01-04 20:16:57');
INSERT INTO sales (sales_id, franchise_id, sales_code, quantity, total_amount, is_canceled, created_at, updated_at) VALUES (9052, 1, 'SL-20260105-053', 20, 200000, false, '2026-01-05 22:16:57', '2026-01-05 22:16:57');
INSERT INTO sales_item (sales_id, product_id, quantity, product_code, product_name, lot, unit_price, created_at, updated_at) VALUES (9052, 3, 1, 'OR0301', '오리지널 떡볶이 밀키트 매운맛 1,2인분', 'SE01-FA01-A1-OR0301-001041', 10000, '2026-01-05 22:16:57', '2026-01-05 22:16:57');
INSERT INTO sales_item (sales_id, product_id, quantity, product_code, product_name, lot, unit_price, created_at, updated_at) VALUES (9052, 3, 1, 'OR0301', '오리지널 떡볶이 밀키트 매운맛 1,2인분', 'SE01-FA01-A1-OR0301-001042', 10000, '2026-01-05 22:16:57', '2026-01-05 22:16:57');
INSERT INTO sales_item (sales_id, product_id, quantity, product_code, product_name, lot, unit_price, created_at, updated_at) VALUES (9052, 3, 1, 'OR0301', '오리지널 떡볶이 밀키트 매운맛 1,2인분', 'SE01-FA01-A1-OR0301-001043', 10000, '2026-01-05 22:16:57', '2026-01-05 22:16:57');
INSERT INTO sales_item (sales_id, product_id, quantity, product_code, product_name, lot, unit_price, created_at, updated_at) VALUES (9052, 3, 1, 'OR0301', '오리지널 떡볶이 밀키트 매운맛 1,2인분', 'SE01-FA01-A1-OR0301-001044', 10000, '2026-01-05 22:16:57', '2026-01-05 22:16:57');
INSERT INTO sales_item (sales_id, product_id, quantity, product_code, product_name, lot, unit_price, created_at, updated_at) VALUES (9052, 3, 1, 'OR0301', '오리지널 떡볶이 밀키트 매운맛 1,2인분', 'SE01-FA01-A1-OR0301-001045', 10000, '2026-01-05 22:16:57', '2026-01-05 22:16:57');
INSERT INTO sales_item (sales_id, product_id, quantity, product_code, product_name, lot, unit_price, created_at, updated_at) VALUES (9052, 3, 1, 'OR0301', '오리지널 떡볶이 밀키트 매운맛 1,2인분', 'SE01-FA01-A1-OR0301-001046', 10000, '2026-01-05 22:16:57', '2026-01-05 22:16:57');
INSERT INTO sales_item (sales_id, product_id, quantity, product_code, product_name, lot, unit_price, created_at, updated_at) VALUES (9052, 3, 1, 'OR0301', '오리지널 떡볶이 밀키트 매운맛 1,2인분', 'SE01-FA01-A1-OR0301-001047', 10000, '2026-01-05 22:16:57', '2026-01-05 22:16:57');
INSERT INTO sales_item (sales_id, product_id, quantity, product_code, product_name, lot, unit_price, created_at, updated_at) VALUES (9052, 3, 1, 'OR0301', '오리지널 떡볶이 밀키트 매운맛 1,2인분', 'SE01-FA01-A1-OR0301-001048', 10000, '2026-01-05 22:16:57', '2026-01-05 22:16:57');
INSERT INTO sales_item (sales_id, product_id, quantity, product_code, product_name, lot, unit_price, created_at, updated_at) VALUES (9052, 3, 1, 'OR0301', '오리지널 떡볶이 밀키트 매운맛 1,2인분', 'SE01-FA01-A1-OR0301-001049', 10000, '2026-01-05 22:16:57', '2026-01-05 22:16:57');
INSERT INTO sales_item (sales_id, product_id, quantity, product_code, product_name, lot, unit_price, created_at, updated_at) VALUES (9052, 3, 1, 'OR0301', '오리지널 떡볶이 밀키트 매운맛 1,2인분', 'SE01-FA01-A1-OR0301-001050', 10000, '2026-01-05 22:16:57', '2026-01-05 22:16:57');
INSERT INTO sales_item (sales_id, product_id, quantity, product_code, product_name, lot, unit_price, created_at, updated_at) VALUES (9052, 3, 1, 'OR0301', '오리지널 떡볶이 밀키트 매운맛 1,2인분', 'SE01-FA01-A1-OR0301-001051', 10000, '2026-01-05 22:16:57', '2026-01-05 22:16:57');
INSERT INTO sales_item (sales_id, product_id, quantity, product_code, product_name, lot, unit_price, created_at, updated_at) VALUES (9052, 3, 1, 'OR0301', '오리지널 떡볶이 밀키트 매운맛 1,2인분', 'SE01-FA01-A1-OR0301-001052', 10000, '2026-01-05 22:16:57', '2026-01-05 22:16:57');
INSERT INTO sales_item (sales_id, product_id, quantity, product_code, product_name, lot, unit_price, created_at, updated_at) VALUES (9052, 3, 1, 'OR0301', '오리지널 떡볶이 밀키트 매운맛 1,2인분', 'SE01-FA01-A1-OR0301-001053', 10000, '2026-01-05 22:16:57', '2026-01-05 22:16:57');
INSERT INTO sales_item (sales_id, product_id, quantity, product_code, product_name, lot, unit_price, created_at, updated_at) VALUES (9052, 3, 1, 'OR0301', '오리지널 떡볶이 밀키트 매운맛 1,2인분', 'SE01-FA01-A1-OR0301-001054', 10000, '2026-01-05 22:16:57', '2026-01-05 22:16:57');
INSERT INTO sales_item (sales_id, product_id, quantity, product_code, product_name, lot, unit_price, created_at, updated_at) VALUES (9052, 3, 1, 'OR0301', '오리지널 떡볶이 밀키트 매운맛 1,2인분', 'SE01-FA01-A1-OR0301-001055', 10000, '2026-01-05 22:16:57', '2026-01-05 22:16:57');
INSERT INTO sales_item (sales_id, product_id, quantity, product_code, product_name, lot, unit_price, created_at, updated_at) VALUES (9052, 3, 1, 'OR0301', '오리지널 떡볶이 밀키트 매운맛 1,2인분', 'SE01-FA01-A1-OR0301-001056', 10000, '2026-01-05 22:16:57', '2026-01-05 22:16:57');
INSERT INTO sales_item (sales_id, product_id, quantity, product_code, product_name, lot, unit_price, created_at, updated_at) VALUES (9052, 3, 1, 'OR0301', '오리지널 떡볶이 밀키트 매운맛 1,2인분', 'SE01-FA01-A1-OR0301-001057', 10000, '2026-01-05 22:16:57', '2026-01-05 22:16:57');
INSERT INTO sales_item (sales_id, product_id, quantity, product_code, product_name, lot, unit_price, created_at, updated_at) VALUES (9052, 3, 1, 'OR0301', '오리지널 떡볶이 밀키트 매운맛 1,2인분', 'SE01-FA01-A1-OR0301-001058', 10000, '2026-01-05 22:16:57', '2026-01-05 22:16:57');
INSERT INTO sales_item (sales_id, product_id, quantity, product_code, product_name, lot, unit_price, created_at, updated_at) VALUES (9052, 3, 1, 'OR0301', '오리지널 떡볶이 밀키트 매운맛 1,2인분', 'SE01-FA01-A1-OR0301-001059', 10000, '2026-01-05 22:16:57', '2026-01-05 22:16:57');
INSERT INTO sales_item (sales_id, product_id, quantity, product_code, product_name, lot, unit_price, created_at, updated_at) VALUES (9052, 3, 1, 'OR0301', '오리지널 떡볶이 밀키트 매운맛 1,2인분', 'SE01-FA01-A1-OR0301-001060', 10000, '2026-01-05 22:16:57', '2026-01-05 22:16:57');

INSERT INTO franchise_order (franchise_order_id, franchise_id, order_code, user_id, address, requirement, order_status, total_quantity, total_amount, delivery_date, delivery_time, cancelled_reason, created_at, updated_at, version) VALUES (9053, 1, 'PO-20251229-054', 1001, '서울시 강남구 테스트로 1', '60~90일 과거 더미데이터', 'COMPLETED', 20, 200000, '2025-12-31 19:53:17', '09:00', NULL, '2025-12-29 15:53:17', '2025-12-31 19:53:17', 0);
INSERT INTO franchise_order_item (franchise_order_item_id, franchise_order_id, quantity, product_id, unit_price, total_price, created_at, updated_at) VALUES (9053, 9053, 20, 4, 10000, 200000, '2025-12-29 15:53:17', '2025-12-29 15:53:17');
INSERT INTO inventorylog (product_id, product_name, box_code, transaction_code, log_type, quantity, from_location_type, from_location_id, to_location_type, to_location_id, actor_type, actor_id, created_at, updated_at) VALUES (4, '오리지널 떡볶이 밀키트 아주매운맛 1,2인분', 'SE01-FA01-A1-OR0401-A02', 'PO-20251229-054', 'OUTBOUND', 20, 'FACTORY', 1, 'FRANCHISE', 1, 'FACTORY', 1, '2025-12-30 17:53:17', '2025-12-30 17:53:17');
INSERT INTO inventorylog (product_id, product_name, box_code, transaction_code, log_type, quantity, from_location_type, from_location_id, to_location_type, to_location_id, actor_type, actor_id, created_at, updated_at) VALUES (4, '오리지널 떡볶이 밀키트 아주매운맛 1,2인분', 'SE01-FA01-A1-OR0401-A02', 'PO-20251229-054', 'INBOUND', 20, 'FACTORY', 1, 'FRANCHISE', 1, 'FRANCHISE', 1, '2025-12-31 19:53:17', '2025-12-31 19:53:17');
INSERT INTO sales (sales_id, franchise_id, sales_code, quantity, total_amount, is_canceled, created_at, updated_at) VALUES (9053, 1, 'SL-20260101-054', 20, 200000, false, '2026-01-01 21:53:17', '2026-01-01 21:53:17');
INSERT INTO sales_item (sales_id, product_id, quantity, product_code, product_name, lot, unit_price, created_at, updated_at) VALUES (9053, 4, 1, 'OR0401', '오리지널 떡볶이 밀키트 아주매운맛 1,2인분', 'SE01-FA01-A1-OR0401-001061', 10000, '2026-01-01 21:53:17', '2026-01-01 21:53:17');
INSERT INTO sales_item (sales_id, product_id, quantity, product_code, product_name, lot, unit_price, created_at, updated_at) VALUES (9053, 4, 1, 'OR0401', '오리지널 떡볶이 밀키트 아주매운맛 1,2인분', 'SE01-FA01-A1-OR0401-001062', 10000, '2026-01-01 21:53:17', '2026-01-01 21:53:17');
INSERT INTO sales_item (sales_id, product_id, quantity, product_code, product_name, lot, unit_price, created_at, updated_at) VALUES (9053, 4, 1, 'OR0401', '오리지널 떡볶이 밀키트 아주매운맛 1,2인분', 'SE01-FA01-A1-OR0401-001063', 10000, '2026-01-01 21:53:17', '2026-01-01 21:53:17');
INSERT INTO sales_item (sales_id, product_id, quantity, product_code, product_name, lot, unit_price, created_at, updated_at) VALUES (9053, 4, 1, 'OR0401', '오리지널 떡볶이 밀키트 아주매운맛 1,2인분', 'SE01-FA01-A1-OR0401-001064', 10000, '2026-01-01 21:53:17', '2026-01-01 21:53:17');
INSERT INTO sales_item (sales_id, product_id, quantity, product_code, product_name, lot, unit_price, created_at, updated_at) VALUES (9053, 4, 1, 'OR0401', '오리지널 떡볶이 밀키트 아주매운맛 1,2인분', 'SE01-FA01-A1-OR0401-001065', 10000, '2026-01-01 21:53:17', '2026-01-01 21:53:17');
INSERT INTO sales_item (sales_id, product_id, quantity, product_code, product_name, lot, unit_price, created_at, updated_at) VALUES (9053, 4, 1, 'OR0401', '오리지널 떡볶이 밀키트 아주매운맛 1,2인분', 'SE01-FA01-A1-OR0401-001066', 10000, '2026-01-01 21:53:17', '2026-01-01 21:53:17');
INSERT INTO sales_item (sales_id, product_id, quantity, product_code, product_name, lot, unit_price, created_at, updated_at) VALUES (9053, 4, 1, 'OR0401', '오리지널 떡볶이 밀키트 아주매운맛 1,2인분', 'SE01-FA01-A1-OR0401-001067', 10000, '2026-01-01 21:53:17', '2026-01-01 21:53:17');
INSERT INTO sales_item (sales_id, product_id, quantity, product_code, product_name, lot, unit_price, created_at, updated_at) VALUES (9053, 4, 1, 'OR0401', '오리지널 떡볶이 밀키트 아주매운맛 1,2인분', 'SE01-FA01-A1-OR0401-001068', 10000, '2026-01-01 21:53:17', '2026-01-01 21:53:17');
INSERT INTO sales_item (sales_id, product_id, quantity, product_code, product_name, lot, unit_price, created_at, updated_at) VALUES (9053, 4, 1, 'OR0401', '오리지널 떡볶이 밀키트 아주매운맛 1,2인분', 'SE01-FA01-A1-OR0401-001069', 10000, '2026-01-01 21:53:17', '2026-01-01 21:53:17');
INSERT INTO sales_item (sales_id, product_id, quantity, product_code, product_name, lot, unit_price, created_at, updated_at) VALUES (9053, 4, 1, 'OR0401', '오리지널 떡볶이 밀키트 아주매운맛 1,2인분', 'SE01-FA01-A1-OR0401-001070', 10000, '2026-01-01 21:53:17', '2026-01-01 21:53:17');
INSERT INTO sales_item (sales_id, product_id, quantity, product_code, product_name, lot, unit_price, created_at, updated_at) VALUES (9053, 4, 1, 'OR0401', '오리지널 떡볶이 밀키트 아주매운맛 1,2인분', 'SE01-FA01-A1-OR0401-001071', 10000, '2026-01-01 21:53:17', '2026-01-01 21:53:17');
INSERT INTO sales_item (sales_id, product_id, quantity, product_code, product_name, lot, unit_price, created_at, updated_at) VALUES (9053, 4, 1, 'OR0401', '오리지널 떡볶이 밀키트 아주매운맛 1,2인분', 'SE01-FA01-A1-OR0401-001072', 10000, '2026-01-01 21:53:17', '2026-01-01 21:53:17');
INSERT INTO sales_item (sales_id, product_id, quantity, product_code, product_name, lot, unit_price, created_at, updated_at) VALUES (9053, 4, 1, 'OR0401', '오리지널 떡볶이 밀키트 아주매운맛 1,2인분', 'SE01-FA01-A1-OR0401-001073', 10000, '2026-01-01 21:53:17', '2026-01-01 21:53:17');
INSERT INTO sales_item (sales_id, product_id, quantity, product_code, product_name, lot, unit_price, created_at, updated_at) VALUES (9053, 4, 1, 'OR0401', '오리지널 떡볶이 밀키트 아주매운맛 1,2인분', 'SE01-FA01-A1-OR0401-001074', 10000, '2026-01-01 21:53:17', '2026-01-01 21:53:17');
INSERT INTO sales_item (sales_id, product_id, quantity, product_code, product_name, lot, unit_price, created_at, updated_at) VALUES (9053, 4, 1, 'OR0401', '오리지널 떡볶이 밀키트 아주매운맛 1,2인분', 'SE01-FA01-A1-OR0401-001075', 10000, '2026-01-01 21:53:17', '2026-01-01 21:53:17');
INSERT INTO sales_item (sales_id, product_id, quantity, product_code, product_name, lot, unit_price, created_at, updated_at) VALUES (9053, 4, 1, 'OR0401', '오리지널 떡볶이 밀키트 아주매운맛 1,2인분', 'SE01-FA01-A1-OR0401-001076', 10000, '2026-01-01 21:53:17', '2026-01-01 21:53:17');
INSERT INTO sales_item (sales_id, product_id, quantity, product_code, product_name, lot, unit_price, created_at, updated_at) VALUES (9053, 4, 1, 'OR0401', '오리지널 떡볶이 밀키트 아주매운맛 1,2인분', 'SE01-FA01-A1-OR0401-001077', 10000, '2026-01-01 21:53:17', '2026-01-01 21:53:17');
INSERT INTO sales_item (sales_id, product_id, quantity, product_code, product_name, lot, unit_price, created_at, updated_at) VALUES (9053, 4, 1, 'OR0401', '오리지널 떡볶이 밀키트 아주매운맛 1,2인분', 'SE01-FA01-A1-OR0401-001078', 10000, '2026-01-01 21:53:17', '2026-01-01 21:53:17');
INSERT INTO sales_item (sales_id, product_id, quantity, product_code, product_name, lot, unit_price, created_at, updated_at) VALUES (9053, 4, 1, 'OR0401', '오리지널 떡볶이 밀키트 아주매운맛 1,2인분', 'SE01-FA01-A1-OR0401-001079', 10000, '2026-01-01 21:53:17', '2026-01-01 21:53:17');
INSERT INTO sales_item (sales_id, product_id, quantity, product_code, product_name, lot, unit_price, created_at, updated_at) VALUES (9053, 4, 1, 'OR0401', '오리지널 떡볶이 밀키트 아주매운맛 1,2인분', 'SE01-FA01-A1-OR0401-001080', 10000, '2026-01-01 21:53:17', '2026-01-01 21:53:17');

INSERT INTO franchise_order (franchise_order_id, franchise_id, order_code, user_id, address, requirement, order_status, total_quantity, total_amount, delivery_date, delivery_time, cancelled_reason, created_at, updated_at, version) VALUES (9054, 1, 'PO-20260108-055', 1001, '서울시 강남구 테스트로 1', '60~90일 과거 더미데이터', 'COMPLETED', 20, 240000, '2026-01-10 15:40:16', '09:00', NULL, '2026-01-08 11:40:16', '2026-01-10 15:40:16', 0);
INSERT INTO franchise_order_item (franchise_order_item_id, franchise_order_id, quantity, product_id, unit_price, total_price, created_at, updated_at) VALUES (9054, 9054, 20, 17, 12000, 240000, '2026-01-08 11:40:16', '2026-01-08 11:40:16');
INSERT INTO inventorylog (product_id, product_name, box_code, transaction_code, log_type, quantity, from_location_type, from_location_id, to_location_type, to_location_id, actor_type, actor_id, created_at, updated_at) VALUES (17, '마라 떡볶이 밀키트 순한맛 1,2인분', 'SE01-FA01-A1-MA0101-A02', 'PO-20260108-055', 'OUTBOUND', 20, 'FACTORY', 1, 'FRANCHISE', 1, 'FACTORY', 1, '2026-01-09 13:40:16', '2026-01-09 13:40:16');
INSERT INTO inventorylog (product_id, product_name, box_code, transaction_code, log_type, quantity, from_location_type, from_location_id, to_location_type, to_location_id, actor_type, actor_id, created_at, updated_at) VALUES (17, '마라 떡볶이 밀키트 순한맛 1,2인분', 'SE01-FA01-A1-MA0101-A02', 'PO-20260108-055', 'INBOUND', 20, 'FACTORY', 1, 'FRANCHISE', 1, 'FRANCHISE', 1, '2026-01-10 15:40:16', '2026-01-10 15:40:16');
INSERT INTO sales (sales_id, franchise_id, sales_code, quantity, total_amount, is_canceled, created_at, updated_at) VALUES (9054, 1, 'SL-20260111-055', 20, 240000, false, '2026-01-11 17:40:16', '2026-01-11 17:40:16');
INSERT INTO sales_item (sales_id, product_id, quantity, product_code, product_name, lot, unit_price, created_at, updated_at) VALUES (9054, 17, 1, 'MA0101', '마라 떡볶이 밀키트 순한맛 1,2인분', 'SE01-FA01-A1-MA0101-001081', 12000, '2026-01-11 17:40:16', '2026-01-11 17:40:16');
INSERT INTO sales_item (sales_id, product_id, quantity, product_code, product_name, lot, unit_price, created_at, updated_at) VALUES (9054, 17, 1, 'MA0101', '마라 떡볶이 밀키트 순한맛 1,2인분', 'SE01-FA01-A1-MA0101-001082', 12000, '2026-01-11 17:40:16', '2026-01-11 17:40:16');
INSERT INTO sales_item (sales_id, product_id, quantity, product_code, product_name, lot, unit_price, created_at, updated_at) VALUES (9054, 17, 1, 'MA0101', '마라 떡볶이 밀키트 순한맛 1,2인분', 'SE01-FA01-A1-MA0101-001083', 12000, '2026-01-11 17:40:16', '2026-01-11 17:40:16');
INSERT INTO sales_item (sales_id, product_id, quantity, product_code, product_name, lot, unit_price, created_at, updated_at) VALUES (9054, 17, 1, 'MA0101', '마라 떡볶이 밀키트 순한맛 1,2인분', 'SE01-FA01-A1-MA0101-001084', 12000, '2026-01-11 17:40:16', '2026-01-11 17:40:16');
INSERT INTO sales_item (sales_id, product_id, quantity, product_code, product_name, lot, unit_price, created_at, updated_at) VALUES (9054, 17, 1, 'MA0101', '마라 떡볶이 밀키트 순한맛 1,2인분', 'SE01-FA01-A1-MA0101-001085', 12000, '2026-01-11 17:40:16', '2026-01-11 17:40:16');
INSERT INTO sales_item (sales_id, product_id, quantity, product_code, product_name, lot, unit_price, created_at, updated_at) VALUES (9054, 17, 1, 'MA0101', '마라 떡볶이 밀키트 순한맛 1,2인분', 'SE01-FA01-A1-MA0101-001086', 12000, '2026-01-11 17:40:16', '2026-01-11 17:40:16');
INSERT INTO sales_item (sales_id, product_id, quantity, product_code, product_name, lot, unit_price, created_at, updated_at) VALUES (9054, 17, 1, 'MA0101', '마라 떡볶이 밀키트 순한맛 1,2인분', 'SE01-FA01-A1-MA0101-001087', 12000, '2026-01-11 17:40:16', '2026-01-11 17:40:16');
INSERT INTO sales_item (sales_id, product_id, quantity, product_code, product_name, lot, unit_price, created_at, updated_at) VALUES (9054, 17, 1, 'MA0101', '마라 떡볶이 밀키트 순한맛 1,2인분', 'SE01-FA01-A1-MA0101-001088', 12000, '2026-01-11 17:40:16', '2026-01-11 17:40:16');
INSERT INTO sales_item (sales_id, product_id, quantity, product_code, product_name, lot, unit_price, created_at, updated_at) VALUES (9054, 17, 1, 'MA0101', '마라 떡볶이 밀키트 순한맛 1,2인분', 'SE01-FA01-A1-MA0101-001089', 12000, '2026-01-11 17:40:16', '2026-01-11 17:40:16');
INSERT INTO sales_item (sales_id, product_id, quantity, product_code, product_name, lot, unit_price, created_at, updated_at) VALUES (9054, 17, 1, 'MA0101', '마라 떡볶이 밀키트 순한맛 1,2인분', 'SE01-FA01-A1-MA0101-001090', 12000, '2026-01-11 17:40:16', '2026-01-11 17:40:16');
INSERT INTO sales_item (sales_id, product_id, quantity, product_code, product_name, lot, unit_price, created_at, updated_at) VALUES (9054, 17, 1, 'MA0101', '마라 떡볶이 밀키트 순한맛 1,2인분', 'SE01-FA01-A1-MA0101-001091', 12000, '2026-01-11 17:40:16', '2026-01-11 17:40:16');
INSERT INTO sales_item (sales_id, product_id, quantity, product_code, product_name, lot, unit_price, created_at, updated_at) VALUES (9054, 17, 1, 'MA0101', '마라 떡볶이 밀키트 순한맛 1,2인분', 'SE01-FA01-A1-MA0101-001092', 12000, '2026-01-11 17:40:16', '2026-01-11 17:40:16');
INSERT INTO sales_item (sales_id, product_id, quantity, product_code, product_name, lot, unit_price, created_at, updated_at) VALUES (9054, 17, 1, 'MA0101', '마라 떡볶이 밀키트 순한맛 1,2인분', 'SE01-FA01-A1-MA0101-001093', 12000, '2026-01-11 17:40:16', '2026-01-11 17:40:16');
INSERT INTO sales_item (sales_id, product_id, quantity, product_code, product_name, lot, unit_price, created_at, updated_at) VALUES (9054, 17, 1, 'MA0101', '마라 떡볶이 밀키트 순한맛 1,2인분', 'SE01-FA01-A1-MA0101-001094', 12000, '2026-01-11 17:40:16', '2026-01-11 17:40:16');
INSERT INTO sales_item (sales_id, product_id, quantity, product_code, product_name, lot, unit_price, created_at, updated_at) VALUES (9054, 17, 1, 'MA0101', '마라 떡볶이 밀키트 순한맛 1,2인분', 'SE01-FA01-A1-MA0101-001095', 12000, '2026-01-11 17:40:16', '2026-01-11 17:40:16');
INSERT INTO sales_item (sales_id, product_id, quantity, product_code, product_name, lot, unit_price, created_at, updated_at) VALUES (9054, 17, 1, 'MA0101', '마라 떡볶이 밀키트 순한맛 1,2인분', 'SE01-FA01-A1-MA0101-001096', 12000, '2026-01-11 17:40:16', '2026-01-11 17:40:16');
INSERT INTO sales_item (sales_id, product_id, quantity, product_code, product_name, lot, unit_price, created_at, updated_at) VALUES (9054, 17, 1, 'MA0101', '마라 떡볶이 밀키트 순한맛 1,2인분', 'SE01-FA01-A1-MA0101-001097', 12000, '2026-01-11 17:40:16', '2026-01-11 17:40:16');
INSERT INTO sales_item (sales_id, product_id, quantity, product_code, product_name, lot, unit_price, created_at, updated_at) VALUES (9054, 17, 1, 'MA0101', '마라 떡볶이 밀키트 순한맛 1,2인분', 'SE01-FA01-A1-MA0101-001098', 12000, '2026-01-11 17:40:16', '2026-01-11 17:40:16');
INSERT INTO sales_item (sales_id, product_id, quantity, product_code, product_name, lot, unit_price, created_at, updated_at) VALUES (9054, 17, 1, 'MA0101', '마라 떡볶이 밀키트 순한맛 1,2인분', 'SE01-FA01-A1-MA0101-001099', 12000, '2026-01-11 17:40:16', '2026-01-11 17:40:16');
INSERT INTO sales_item (sales_id, product_id, quantity, product_code, product_name, lot, unit_price, created_at, updated_at) VALUES (9054, 17, 1, 'MA0101', '마라 떡볶이 밀키트 순한맛 1,2인분', 'SE01-FA01-A1-MA0101-001100', 12000, '2026-01-11 17:40:16', '2026-01-11 17:40:16');

INSERT INTO franchise_order (franchise_order_id, franchise_id, order_code, user_id, address, requirement, order_status, total_quantity, total_amount, delivery_date, delivery_time, cancelled_reason, created_at, updated_at, version) VALUES (9055, 1, 'PO-20260101-056', 1001, '서울시 강남구 테스트로 1', '60~90일 과거 더미데이터', 'COMPLETED', 20, 440000, '2026-01-03 19:35:00', '09:00', NULL, '2026-01-01 15:35:00', '2026-01-03 19:35:00', 0);
INSERT INTO franchise_order_item (franchise_order_item_id, franchise_order_id, quantity, product_id, unit_price, total_price, created_at, updated_at) VALUES (9055, 9055, 20, 15, 22000, 440000, '2026-01-01 15:35:00', '2026-01-01 15:35:00');
INSERT INTO inventorylog (product_id, product_name, box_code, transaction_code, log_type, quantity, from_location_type, from_location_id, to_location_type, to_location_id, actor_type, actor_id, created_at, updated_at) VALUES (15, '로제 떡볶이 밀키트 매운맛 3,4인분', 'SE01-FA01-A1-RO0303-A01', 'PO-20260101-056', 'OUTBOUND', 20, 'FACTORY', 1, 'FRANCHISE', 1, 'FACTORY', 1, '2026-01-02 17:35:00', '2026-01-02 17:35:00');
INSERT INTO inventorylog (product_id, product_name, box_code, transaction_code, log_type, quantity, from_location_type, from_location_id, to_location_type, to_location_id, actor_type, actor_id, created_at, updated_at) VALUES (15, '로제 떡볶이 밀키트 매운맛 3,4인분', 'SE01-FA01-A1-RO0303-A01', 'PO-20260101-056', 'INBOUND', 20, 'FACTORY', 1, 'FRANCHISE', 1, 'FRANCHISE', 1, '2026-01-03 19:35:00', '2026-01-03 19:35:00');
INSERT INTO sales (sales_id, franchise_id, sales_code, quantity, total_amount, is_canceled, created_at, updated_at) VALUES (9055, 1, 'SL-20260104-056', 20, 440000, false, '2026-01-04 21:35:00', '2026-01-04 21:35:00');
INSERT INTO sales_item (sales_id, product_id, quantity, product_code, product_name, lot, unit_price, created_at, updated_at) VALUES (9055, 15, 1, 'RO0303', '로제 떡볶이 밀키트 매운맛 3,4인분', 'SE01-FA01-A1-RO0303-001101', 22000, '2026-01-04 21:35:00', '2026-01-04 21:35:00');
INSERT INTO sales_item (sales_id, product_id, quantity, product_code, product_name, lot, unit_price, created_at, updated_at) VALUES (9055, 15, 1, 'RO0303', '로제 떡볶이 밀키트 매운맛 3,4인분', 'SE01-FA01-A1-RO0303-001102', 22000, '2026-01-04 21:35:00', '2026-01-04 21:35:00');
INSERT INTO sales_item (sales_id, product_id, quantity, product_code, product_name, lot, unit_price, created_at, updated_at) VALUES (9055, 15, 1, 'RO0303', '로제 떡볶이 밀키트 매운맛 3,4인분', 'SE01-FA01-A1-RO0303-001103', 22000, '2026-01-04 21:35:00', '2026-01-04 21:35:00');
INSERT INTO sales_item (sales_id, product_id, quantity, product_code, product_name, lot, unit_price, created_at, updated_at) VALUES (9055, 15, 1, 'RO0303', '로제 떡볶이 밀키트 매운맛 3,4인분', 'SE01-FA01-A1-RO0303-001104', 22000, '2026-01-04 21:35:00', '2026-01-04 21:35:00');
INSERT INTO sales_item (sales_id, product_id, quantity, product_code, product_name, lot, unit_price, created_at, updated_at) VALUES (9055, 15, 1, 'RO0303', '로제 떡볶이 밀키트 매운맛 3,4인분', 'SE01-FA01-A1-RO0303-001105', 22000, '2026-01-04 21:35:00', '2026-01-04 21:35:00');
INSERT INTO sales_item (sales_id, product_id, quantity, product_code, product_name, lot, unit_price, created_at, updated_at) VALUES (9055, 15, 1, 'RO0303', '로제 떡볶이 밀키트 매운맛 3,4인분', 'SE01-FA01-A1-RO0303-001106', 22000, '2026-01-04 21:35:00', '2026-01-04 21:35:00');
INSERT INTO sales_item (sales_id, product_id, quantity, product_code, product_name, lot, unit_price, created_at, updated_at) VALUES (9055, 15, 1, 'RO0303', '로제 떡볶이 밀키트 매운맛 3,4인분', 'SE01-FA01-A1-RO0303-001107', 22000, '2026-01-04 21:35:00', '2026-01-04 21:35:00');
INSERT INTO sales_item (sales_id, product_id, quantity, product_code, product_name, lot, unit_price, created_at, updated_at) VALUES (9055, 15, 1, 'RO0303', '로제 떡볶이 밀키트 매운맛 3,4인분', 'SE01-FA01-A1-RO0303-001108', 22000, '2026-01-04 21:35:00', '2026-01-04 21:35:00');
INSERT INTO sales_item (sales_id, product_id, quantity, product_code, product_name, lot, unit_price, created_at, updated_at) VALUES (9055, 15, 1, 'RO0303', '로제 떡볶이 밀키트 매운맛 3,4인분', 'SE01-FA01-A1-RO0303-001109', 22000, '2026-01-04 21:35:00', '2026-01-04 21:35:00');
INSERT INTO sales_item (sales_id, product_id, quantity, product_code, product_name, lot, unit_price, created_at, updated_at) VALUES (9055, 15, 1, 'RO0303', '로제 떡볶이 밀키트 매운맛 3,4인분', 'SE01-FA01-A1-RO0303-001110', 22000, '2026-01-04 21:35:00', '2026-01-04 21:35:00');
INSERT INTO sales_item (sales_id, product_id, quantity, product_code, product_name, lot, unit_price, created_at, updated_at) VALUES (9055, 15, 1, 'RO0303', '로제 떡볶이 밀키트 매운맛 3,4인분', 'SE01-FA01-A1-RO0303-001111', 22000, '2026-01-04 21:35:00', '2026-01-04 21:35:00');
INSERT INTO sales_item (sales_id, product_id, quantity, product_code, product_name, lot, unit_price, created_at, updated_at) VALUES (9055, 15, 1, 'RO0303', '로제 떡볶이 밀키트 매운맛 3,4인분', 'SE01-FA01-A1-RO0303-001112', 22000, '2026-01-04 21:35:00', '2026-01-04 21:35:00');
INSERT INTO sales_item (sales_id, product_id, quantity, product_code, product_name, lot, unit_price, created_at, updated_at) VALUES (9055, 15, 1, 'RO0303', '로제 떡볶이 밀키트 매운맛 3,4인분', 'SE01-FA01-A1-RO0303-001113', 22000, '2026-01-04 21:35:00', '2026-01-04 21:35:00');
INSERT INTO sales_item (sales_id, product_id, quantity, product_code, product_name, lot, unit_price, created_at, updated_at) VALUES (9055, 15, 1, 'RO0303', '로제 떡볶이 밀키트 매운맛 3,4인분', 'SE01-FA01-A1-RO0303-001114', 22000, '2026-01-04 21:35:00', '2026-01-04 21:35:00');
INSERT INTO sales_item (sales_id, product_id, quantity, product_code, product_name, lot, unit_price, created_at, updated_at) VALUES (9055, 15, 1, 'RO0303', '로제 떡볶이 밀키트 매운맛 3,4인분', 'SE01-FA01-A1-RO0303-001115', 22000, '2026-01-04 21:35:00', '2026-01-04 21:35:00');
INSERT INTO sales_item (sales_id, product_id, quantity, product_code, product_name, lot, unit_price, created_at, updated_at) VALUES (9055, 15, 1, 'RO0303', '로제 떡볶이 밀키트 매운맛 3,4인분', 'SE01-FA01-A1-RO0303-001116', 22000, '2026-01-04 21:35:00', '2026-01-04 21:35:00');
INSERT INTO sales_item (sales_id, product_id, quantity, product_code, product_name, lot, unit_price, created_at, updated_at) VALUES (9055, 15, 1, 'RO0303', '로제 떡볶이 밀키트 매운맛 3,4인분', 'SE01-FA01-A1-RO0303-001117', 22000, '2026-01-04 21:35:00', '2026-01-04 21:35:00');
INSERT INTO sales_item (sales_id, product_id, quantity, product_code, product_name, lot, unit_price, created_at, updated_at) VALUES (9055, 15, 1, 'RO0303', '로제 떡볶이 밀키트 매운맛 3,4인분', 'SE01-FA01-A1-RO0303-001118', 22000, '2026-01-04 21:35:00', '2026-01-04 21:35:00');
INSERT INTO sales_item (sales_id, product_id, quantity, product_code, product_name, lot, unit_price, created_at, updated_at) VALUES (9055, 15, 1, 'RO0303', '로제 떡볶이 밀키트 매운맛 3,4인분', 'SE01-FA01-A1-RO0303-001119', 22000, '2026-01-04 21:35:00', '2026-01-04 21:35:00');
INSERT INTO sales_item (sales_id, product_id, quantity, product_code, product_name, lot, unit_price, created_at, updated_at) VALUES (9055, 15, 1, 'RO0303', '로제 떡볶이 밀키트 매운맛 3,4인분', 'SE01-FA01-A1-RO0303-001120', 22000, '2026-01-04 21:35:00', '2026-01-04 21:35:00');

INSERT INTO franchise_order (franchise_order_id, franchise_id, order_code, user_id, address, requirement, order_status, total_quantity, total_amount, delivery_date, delivery_time, cancelled_reason, created_at, updated_at, version) VALUES (9056, 1, 'PO-20251219-057', 1001, '서울시 강남구 테스트로 1', '60~90일 과거 더미데이터', 'COMPLETED', 20, 240000, '2025-12-21 15:34:02', '09:00', NULL, '2025-12-19 11:34:02', '2025-12-21 15:34:02', 0);
INSERT INTO franchise_order_item (franchise_order_item_id, franchise_order_id, quantity, product_id, unit_price, total_price, created_at, updated_at) VALUES (9056, 9056, 20, 11, 12000, 240000, '2025-12-19 11:34:02', '2025-12-19 11:34:02');
INSERT INTO inventorylog (product_id, product_name, box_code, transaction_code, log_type, quantity, from_location_type, from_location_id, to_location_type, to_location_id, actor_type, actor_id, created_at, updated_at) VALUES (11, '로제 떡볶이 밀키트 매운맛 1,2인분', 'SE01-FA01-A1-RO0301-A03', 'PO-20251219-057', 'OUTBOUND', 20, 'FACTORY', 1, 'FRANCHISE', 1, 'FACTORY', 1, '2025-12-20 13:34:02', '2025-12-20 13:34:02');
INSERT INTO inventorylog (product_id, product_name, box_code, transaction_code, log_type, quantity, from_location_type, from_location_id, to_location_type, to_location_id, actor_type, actor_id, created_at, updated_at) VALUES (11, '로제 떡볶이 밀키트 매운맛 1,2인분', 'SE01-FA01-A1-RO0301-A03', 'PO-20251219-057', 'INBOUND', 20, 'FACTORY', 1, 'FRANCHISE', 1, 'FRANCHISE', 1, '2025-12-21 15:34:02', '2025-12-21 15:34:02');
INSERT INTO sales (sales_id, franchise_id, sales_code, quantity, total_amount, is_canceled, created_at, updated_at) VALUES (9056, 1, 'SL-20251222-057', 20, 240000, false, '2025-12-22 17:34:02', '2025-12-22 17:34:02');
INSERT INTO sales_item (sales_id, product_id, quantity, product_code, product_name, lot, unit_price, created_at, updated_at) VALUES (9056, 11, 1, 'RO0301', '로제 떡볶이 밀키트 매운맛 1,2인분', 'SE01-FA01-A1-RO0301-001121', 12000, '2025-12-22 17:34:02', '2025-12-22 17:34:02');
INSERT INTO sales_item (sales_id, product_id, quantity, product_code, product_name, lot, unit_price, created_at, updated_at) VALUES (9056, 11, 1, 'RO0301', '로제 떡볶이 밀키트 매운맛 1,2인분', 'SE01-FA01-A1-RO0301-001122', 12000, '2025-12-22 17:34:02', '2025-12-22 17:34:02');
INSERT INTO sales_item (sales_id, product_id, quantity, product_code, product_name, lot, unit_price, created_at, updated_at) VALUES (9056, 11, 1, 'RO0301', '로제 떡볶이 밀키트 매운맛 1,2인분', 'SE01-FA01-A1-RO0301-001123', 12000, '2025-12-22 17:34:02', '2025-12-22 17:34:02');
INSERT INTO sales_item (sales_id, product_id, quantity, product_code, product_name, lot, unit_price, created_at, updated_at) VALUES (9056, 11, 1, 'RO0301', '로제 떡볶이 밀키트 매운맛 1,2인분', 'SE01-FA01-A1-RO0301-001124', 12000, '2025-12-22 17:34:02', '2025-12-22 17:34:02');
INSERT INTO sales_item (sales_id, product_id, quantity, product_code, product_name, lot, unit_price, created_at, updated_at) VALUES (9056, 11, 1, 'RO0301', '로제 떡볶이 밀키트 매운맛 1,2인분', 'SE01-FA01-A1-RO0301-001125', 12000, '2025-12-22 17:34:02', '2025-12-22 17:34:02');
INSERT INTO sales_item (sales_id, product_id, quantity, product_code, product_name, lot, unit_price, created_at, updated_at) VALUES (9056, 11, 1, 'RO0301', '로제 떡볶이 밀키트 매운맛 1,2인분', 'SE01-FA01-A1-RO0301-001126', 12000, '2025-12-22 17:34:02', '2025-12-22 17:34:02');
INSERT INTO sales_item (sales_id, product_id, quantity, product_code, product_name, lot, unit_price, created_at, updated_at) VALUES (9056, 11, 1, 'RO0301', '로제 떡볶이 밀키트 매운맛 1,2인분', 'SE01-FA01-A1-RO0301-001127', 12000, '2025-12-22 17:34:02', '2025-12-22 17:34:02');
INSERT INTO sales_item (sales_id, product_id, quantity, product_code, product_name, lot, unit_price, created_at, updated_at) VALUES (9056, 11, 1, 'RO0301', '로제 떡볶이 밀키트 매운맛 1,2인분', 'SE01-FA01-A1-RO0301-001128', 12000, '2025-12-22 17:34:02', '2025-12-22 17:34:02');
INSERT INTO sales_item (sales_id, product_id, quantity, product_code, product_name, lot, unit_price, created_at, updated_at) VALUES (9056, 11, 1, 'RO0301', '로제 떡볶이 밀키트 매운맛 1,2인분', 'SE01-FA01-A1-RO0301-001129', 12000, '2025-12-22 17:34:02', '2025-12-22 17:34:02');
INSERT INTO sales_item (sales_id, product_id, quantity, product_code, product_name, lot, unit_price, created_at, updated_at) VALUES (9056, 11, 1, 'RO0301', '로제 떡볶이 밀키트 매운맛 1,2인분', 'SE01-FA01-A1-RO0301-001130', 12000, '2025-12-22 17:34:02', '2025-12-22 17:34:02');
INSERT INTO sales_item (sales_id, product_id, quantity, product_code, product_name, lot, unit_price, created_at, updated_at) VALUES (9056, 11, 1, 'RO0301', '로제 떡볶이 밀키트 매운맛 1,2인분', 'SE01-FA01-A1-RO0301-001131', 12000, '2025-12-22 17:34:02', '2025-12-22 17:34:02');
INSERT INTO sales_item (sales_id, product_id, quantity, product_code, product_name, lot, unit_price, created_at, updated_at) VALUES (9056, 11, 1, 'RO0301', '로제 떡볶이 밀키트 매운맛 1,2인분', 'SE01-FA01-A1-RO0301-001132', 12000, '2025-12-22 17:34:02', '2025-12-22 17:34:02');
INSERT INTO sales_item (sales_id, product_id, quantity, product_code, product_name, lot, unit_price, created_at, updated_at) VALUES (9056, 11, 1, 'RO0301', '로제 떡볶이 밀키트 매운맛 1,2인분', 'SE01-FA01-A1-RO0301-001133', 12000, '2025-12-22 17:34:02', '2025-12-22 17:34:02');
INSERT INTO sales_item (sales_id, product_id, quantity, product_code, product_name, lot, unit_price, created_at, updated_at) VALUES (9056, 11, 1, 'RO0301', '로제 떡볶이 밀키트 매운맛 1,2인분', 'SE01-FA01-A1-RO0301-001134', 12000, '2025-12-22 17:34:02', '2025-12-22 17:34:02');
INSERT INTO sales_item (sales_id, product_id, quantity, product_code, product_name, lot, unit_price, created_at, updated_at) VALUES (9056, 11, 1, 'RO0301', '로제 떡볶이 밀키트 매운맛 1,2인분', 'SE01-FA01-A1-RO0301-001135', 12000, '2025-12-22 17:34:02', '2025-12-22 17:34:02');
INSERT INTO sales_item (sales_id, product_id, quantity, product_code, product_name, lot, unit_price, created_at, updated_at) VALUES (9056, 11, 1, 'RO0301', '로제 떡볶이 밀키트 매운맛 1,2인분', 'SE01-FA01-A1-RO0301-001136', 12000, '2025-12-22 17:34:02', '2025-12-22 17:34:02');
INSERT INTO sales_item (sales_id, product_id, quantity, product_code, product_name, lot, unit_price, created_at, updated_at) VALUES (9056, 11, 1, 'RO0301', '로제 떡볶이 밀키트 매운맛 1,2인분', 'SE01-FA01-A1-RO0301-001137', 12000, '2025-12-22 17:34:02', '2025-12-22 17:34:02');
INSERT INTO sales_item (sales_id, product_id, quantity, product_code, product_name, lot, unit_price, created_at, updated_at) VALUES (9056, 11, 1, 'RO0301', '로제 떡볶이 밀키트 매운맛 1,2인분', 'SE01-FA01-A1-RO0301-001138', 12000, '2025-12-22 17:34:02', '2025-12-22 17:34:02');
INSERT INTO sales_item (sales_id, product_id, quantity, product_code, product_name, lot, unit_price, created_at, updated_at) VALUES (9056, 11, 1, 'RO0301', '로제 떡볶이 밀키트 매운맛 1,2인분', 'SE01-FA01-A1-RO0301-001139', 12000, '2025-12-22 17:34:02', '2025-12-22 17:34:02');
INSERT INTO sales_item (sales_id, product_id, quantity, product_code, product_name, lot, unit_price, created_at, updated_at) VALUES (9056, 11, 1, 'RO0301', '로제 떡볶이 밀키트 매운맛 1,2인분', 'SE01-FA01-A1-RO0301-001140', 12000, '2025-12-22 17:34:02', '2025-12-22 17:34:02');

INSERT INTO franchise_order (franchise_order_id, franchise_id, order_code, user_id, address, requirement, order_status, total_quantity, total_amount, delivery_date, delivery_time, cancelled_reason, created_at, updated_at, version) VALUES (9057, 1, 'PO-20260105-058', 1001, '서울시 강남구 테스트로 1', '60~90일 과거 더미데이터', 'COMPLETED', 20, 440000, '2026-01-07 15:02:19', '09:00', NULL, '2026-01-05 11:02:19', '2026-01-07 15:02:19', 0);
INSERT INTO franchise_order_item (franchise_order_item_id, franchise_order_id, quantity, product_id, unit_price, total_price, created_at, updated_at) VALUES (9057, 9057, 20, 21, 22000, 440000, '2026-01-05 11:02:19', '2026-01-05 11:02:19');
INSERT INTO inventorylog (product_id, product_name, box_code, transaction_code, log_type, quantity, from_location_type, from_location_id, to_location_type, to_location_id, actor_type, actor_id, created_at, updated_at) VALUES (21, '마라 떡볶이 밀키트 순한맛 3,4인분', 'SE01-FA01-A1-MA0103-A03', 'PO-20260105-058', 'OUTBOUND', 20, 'FACTORY', 1, 'FRANCHISE', 1, 'FACTORY', 1, '2026-01-06 13:02:19', '2026-01-06 13:02:19');
INSERT INTO inventorylog (product_id, product_name, box_code, transaction_code, log_type, quantity, from_location_type, from_location_id, to_location_type, to_location_id, actor_type, actor_id, created_at, updated_at) VALUES (21, '마라 떡볶이 밀키트 순한맛 3,4인분', 'SE01-FA01-A1-MA0103-A03', 'PO-20260105-058', 'INBOUND', 20, 'FACTORY', 1, 'FRANCHISE', 1, 'FRANCHISE', 1, '2026-01-07 15:02:19', '2026-01-07 15:02:19');
INSERT INTO sales (sales_id, franchise_id, sales_code, quantity, total_amount, is_canceled, created_at, updated_at) VALUES (9057, 1, 'SL-20260108-058', 20, 440000, false, '2026-01-08 17:02:19', '2026-01-08 17:02:19');
INSERT INTO sales_item (sales_id, product_id, quantity, product_code, product_name, lot, unit_price, created_at, updated_at) VALUES (9057, 21, 1, 'MA0103', '마라 떡볶이 밀키트 순한맛 3,4인분', 'SE01-FA01-A1-MA0103-001141', 22000, '2026-01-08 17:02:19', '2026-01-08 17:02:19');
INSERT INTO sales_item (sales_id, product_id, quantity, product_code, product_name, lot, unit_price, created_at, updated_at) VALUES (9057, 21, 1, 'MA0103', '마라 떡볶이 밀키트 순한맛 3,4인분', 'SE01-FA01-A1-MA0103-001142', 22000, '2026-01-08 17:02:19', '2026-01-08 17:02:19');
INSERT INTO sales_item (sales_id, product_id, quantity, product_code, product_name, lot, unit_price, created_at, updated_at) VALUES (9057, 21, 1, 'MA0103', '마라 떡볶이 밀키트 순한맛 3,4인분', 'SE01-FA01-A1-MA0103-001143', 22000, '2026-01-08 17:02:19', '2026-01-08 17:02:19');
INSERT INTO sales_item (sales_id, product_id, quantity, product_code, product_name, lot, unit_price, created_at, updated_at) VALUES (9057, 21, 1, 'MA0103', '마라 떡볶이 밀키트 순한맛 3,4인분', 'SE01-FA01-A1-MA0103-001144', 22000, '2026-01-08 17:02:19', '2026-01-08 17:02:19');
INSERT INTO sales_item (sales_id, product_id, quantity, product_code, product_name, lot, unit_price, created_at, updated_at) VALUES (9057, 21, 1, 'MA0103', '마라 떡볶이 밀키트 순한맛 3,4인분', 'SE01-FA01-A1-MA0103-001145', 22000, '2026-01-08 17:02:19', '2026-01-08 17:02:19');
INSERT INTO sales_item (sales_id, product_id, quantity, product_code, product_name, lot, unit_price, created_at, updated_at) VALUES (9057, 21, 1, 'MA0103', '마라 떡볶이 밀키트 순한맛 3,4인분', 'SE01-FA01-A1-MA0103-001146', 22000, '2026-01-08 17:02:19', '2026-01-08 17:02:19');
INSERT INTO sales_item (sales_id, product_id, quantity, product_code, product_name, lot, unit_price, created_at, updated_at) VALUES (9057, 21, 1, 'MA0103', '마라 떡볶이 밀키트 순한맛 3,4인분', 'SE01-FA01-A1-MA0103-001147', 22000, '2026-01-08 17:02:19', '2026-01-08 17:02:19');
INSERT INTO sales_item (sales_id, product_id, quantity, product_code, product_name, lot, unit_price, created_at, updated_at) VALUES (9057, 21, 1, 'MA0103', '마라 떡볶이 밀키트 순한맛 3,4인분', 'SE01-FA01-A1-MA0103-001148', 22000, '2026-01-08 17:02:19', '2026-01-08 17:02:19');
INSERT INTO sales_item (sales_id, product_id, quantity, product_code, product_name, lot, unit_price, created_at, updated_at) VALUES (9057, 21, 1, 'MA0103', '마라 떡볶이 밀키트 순한맛 3,4인분', 'SE01-FA01-A1-MA0103-001149', 22000, '2026-01-08 17:02:19', '2026-01-08 17:02:19');
INSERT INTO sales_item (sales_id, product_id, quantity, product_code, product_name, lot, unit_price, created_at, updated_at) VALUES (9057, 21, 1, 'MA0103', '마라 떡볶이 밀키트 순한맛 3,4인분', 'SE01-FA01-A1-MA0103-001150', 22000, '2026-01-08 17:02:19', '2026-01-08 17:02:19');
INSERT INTO sales_item (sales_id, product_id, quantity, product_code, product_name, lot, unit_price, created_at, updated_at) VALUES (9057, 21, 1, 'MA0103', '마라 떡볶이 밀키트 순한맛 3,4인분', 'SE01-FA01-A1-MA0103-001151', 22000, '2026-01-08 17:02:19', '2026-01-08 17:02:19');
INSERT INTO sales_item (sales_id, product_id, quantity, product_code, product_name, lot, unit_price, created_at, updated_at) VALUES (9057, 21, 1, 'MA0103', '마라 떡볶이 밀키트 순한맛 3,4인분', 'SE01-FA01-A1-MA0103-001152', 22000, '2026-01-08 17:02:19', '2026-01-08 17:02:19');
INSERT INTO sales_item (sales_id, product_id, quantity, product_code, product_name, lot, unit_price, created_at, updated_at) VALUES (9057, 21, 1, 'MA0103', '마라 떡볶이 밀키트 순한맛 3,4인분', 'SE01-FA01-A1-MA0103-001153', 22000, '2026-01-08 17:02:19', '2026-01-08 17:02:19');
INSERT INTO sales_item (sales_id, product_id, quantity, product_code, product_name, lot, unit_price, created_at, updated_at) VALUES (9057, 21, 1, 'MA0103', '마라 떡볶이 밀키트 순한맛 3,4인분', 'SE01-FA01-A1-MA0103-001154', 22000, '2026-01-08 17:02:19', '2026-01-08 17:02:19');
INSERT INTO sales_item (sales_id, product_id, quantity, product_code, product_name, lot, unit_price, created_at, updated_at) VALUES (9057, 21, 1, 'MA0103', '마라 떡볶이 밀키트 순한맛 3,4인분', 'SE01-FA01-A1-MA0103-001155', 22000, '2026-01-08 17:02:19', '2026-01-08 17:02:19');
INSERT INTO sales_item (sales_id, product_id, quantity, product_code, product_name, lot, unit_price, created_at, updated_at) VALUES (9057, 21, 1, 'MA0103', '마라 떡볶이 밀키트 순한맛 3,4인분', 'SE01-FA01-A1-MA0103-001156', 22000, '2026-01-08 17:02:19', '2026-01-08 17:02:19');
INSERT INTO sales_item (sales_id, product_id, quantity, product_code, product_name, lot, unit_price, created_at, updated_at) VALUES (9057, 21, 1, 'MA0103', '마라 떡볶이 밀키트 순한맛 3,4인분', 'SE01-FA01-A1-MA0103-001157', 22000, '2026-01-08 17:02:19', '2026-01-08 17:02:19');
INSERT INTO sales_item (sales_id, product_id, quantity, product_code, product_name, lot, unit_price, created_at, updated_at) VALUES (9057, 21, 1, 'MA0103', '마라 떡볶이 밀키트 순한맛 3,4인분', 'SE01-FA01-A1-MA0103-001158', 22000, '2026-01-08 17:02:19', '2026-01-08 17:02:19');
INSERT INTO sales_item (sales_id, product_id, quantity, product_code, product_name, lot, unit_price, created_at, updated_at) VALUES (9057, 21, 1, 'MA0103', '마라 떡볶이 밀키트 순한맛 3,4인분', 'SE01-FA01-A1-MA0103-001159', 22000, '2026-01-08 17:02:19', '2026-01-08 17:02:19');
INSERT INTO sales_item (sales_id, product_id, quantity, product_code, product_name, lot, unit_price, created_at, updated_at) VALUES (9057, 21, 1, 'MA0103', '마라 떡볶이 밀키트 순한맛 3,4인분', 'SE01-FA01-A1-MA0103-001160', 22000, '2026-01-08 17:02:19', '2026-01-08 17:02:19');

INSERT INTO franchise_order (franchise_order_id, franchise_id, order_code, user_id, address, requirement, order_status, total_quantity, total_amount, delivery_date, delivery_time, cancelled_reason, created_at, updated_at, version) VALUES (9058, 1, 'PO-20251221-059', 1001, '서울시 강남구 테스트로 1', '60~90일 과거 더미데이터', 'COMPLETED', 20, 440000, '2025-12-23 18:13:43', '09:00', NULL, '2025-12-21 14:13:43', '2025-12-23 18:13:43', 0);
INSERT INTO franchise_order_item (franchise_order_item_id, franchise_order_id, quantity, product_id, unit_price, total_price, created_at, updated_at) VALUES (9058, 9058, 20, 23, 22000, 440000, '2025-12-21 14:13:43', '2025-12-21 14:13:43');
INSERT INTO inventorylog (product_id, product_name, box_code, transaction_code, log_type, quantity, from_location_type, from_location_id, to_location_type, to_location_id, actor_type, actor_id, created_at, updated_at) VALUES (23, '마라 떡볶이 밀키트 매운맛 3,4인분', 'SE01-FA01-A1-MA0303-A03', 'PO-20251221-059', 'OUTBOUND', 20, 'FACTORY', 1, 'FRANCHISE', 1, 'FACTORY', 1, '2025-12-22 16:13:43', '2025-12-22 16:13:43');
INSERT INTO inventorylog (product_id, product_name, box_code, transaction_code, log_type, quantity, from_location_type, from_location_id, to_location_type, to_location_id, actor_type, actor_id, created_at, updated_at) VALUES (23, '마라 떡볶이 밀키트 매운맛 3,4인분', 'SE01-FA01-A1-MA0303-A03', 'PO-20251221-059', 'INBOUND', 20, 'FACTORY', 1, 'FRANCHISE', 1, 'FRANCHISE', 1, '2025-12-23 18:13:43', '2025-12-23 18:13:43');
INSERT INTO sales (sales_id, franchise_id, sales_code, quantity, total_amount, is_canceled, created_at, updated_at) VALUES (9058, 1, 'SL-20251224-059', 20, 440000, false, '2025-12-24 20:13:43', '2025-12-24 20:13:43');
INSERT INTO sales_item (sales_id, product_id, quantity, product_code, product_name, lot, unit_price, created_at, updated_at) VALUES (9058, 23, 1, 'MA0303', '마라 떡볶이 밀키트 매운맛 3,4인분', 'SE01-FA01-A1-MA0303-001161', 22000, '2025-12-24 20:13:43', '2025-12-24 20:13:43');
INSERT INTO sales_item (sales_id, product_id, quantity, product_code, product_name, lot, unit_price, created_at, updated_at) VALUES (9058, 23, 1, 'MA0303', '마라 떡볶이 밀키트 매운맛 3,4인분', 'SE01-FA01-A1-MA0303-001162', 22000, '2025-12-24 20:13:43', '2025-12-24 20:13:43');
INSERT INTO sales_item (sales_id, product_id, quantity, product_code, product_name, lot, unit_price, created_at, updated_at) VALUES (9058, 23, 1, 'MA0303', '마라 떡볶이 밀키트 매운맛 3,4인분', 'SE01-FA01-A1-MA0303-001163', 22000, '2025-12-24 20:13:43', '2025-12-24 20:13:43');
INSERT INTO sales_item (sales_id, product_id, quantity, product_code, product_name, lot, unit_price, created_at, updated_at) VALUES (9058, 23, 1, 'MA0303', '마라 떡볶이 밀키트 매운맛 3,4인분', 'SE01-FA01-A1-MA0303-001164', 22000, '2025-12-24 20:13:43', '2025-12-24 20:13:43');
INSERT INTO sales_item (sales_id, product_id, quantity, product_code, product_name, lot, unit_price, created_at, updated_at) VALUES (9058, 23, 1, 'MA0303', '마라 떡볶이 밀키트 매운맛 3,4인분', 'SE01-FA01-A1-MA0303-001165', 22000, '2025-12-24 20:13:43', '2025-12-24 20:13:43');
INSERT INTO sales_item (sales_id, product_id, quantity, product_code, product_name, lot, unit_price, created_at, updated_at) VALUES (9058, 23, 1, 'MA0303', '마라 떡볶이 밀키트 매운맛 3,4인분', 'SE01-FA01-A1-MA0303-001166', 22000, '2025-12-24 20:13:43', '2025-12-24 20:13:43');
INSERT INTO sales_item (sales_id, product_id, quantity, product_code, product_name, lot, unit_price, created_at, updated_at) VALUES (9058, 23, 1, 'MA0303', '마라 떡볶이 밀키트 매운맛 3,4인분', 'SE01-FA01-A1-MA0303-001167', 22000, '2025-12-24 20:13:43', '2025-12-24 20:13:43');
INSERT INTO sales_item (sales_id, product_id, quantity, product_code, product_name, lot, unit_price, created_at, updated_at) VALUES (9058, 23, 1, 'MA0303', '마라 떡볶이 밀키트 매운맛 3,4인분', 'SE01-FA01-A1-MA0303-001168', 22000, '2025-12-24 20:13:43', '2025-12-24 20:13:43');
INSERT INTO sales_item (sales_id, product_id, quantity, product_code, product_name, lot, unit_price, created_at, updated_at) VALUES (9058, 23, 1, 'MA0303', '마라 떡볶이 밀키트 매운맛 3,4인분', 'SE01-FA01-A1-MA0303-001169', 22000, '2025-12-24 20:13:43', '2025-12-24 20:13:43');
INSERT INTO sales_item (sales_id, product_id, quantity, product_code, product_name, lot, unit_price, created_at, updated_at) VALUES (9058, 23, 1, 'MA0303', '마라 떡볶이 밀키트 매운맛 3,4인분', 'SE01-FA01-A1-MA0303-001170', 22000, '2025-12-24 20:13:43', '2025-12-24 20:13:43');
INSERT INTO sales_item (sales_id, product_id, quantity, product_code, product_name, lot, unit_price, created_at, updated_at) VALUES (9058, 23, 1, 'MA0303', '마라 떡볶이 밀키트 매운맛 3,4인분', 'SE01-FA01-A1-MA0303-001171', 22000, '2025-12-24 20:13:43', '2025-12-24 20:13:43');
INSERT INTO sales_item (sales_id, product_id, quantity, product_code, product_name, lot, unit_price, created_at, updated_at) VALUES (9058, 23, 1, 'MA0303', '마라 떡볶이 밀키트 매운맛 3,4인분', 'SE01-FA01-A1-MA0303-001172', 22000, '2025-12-24 20:13:43', '2025-12-24 20:13:43');
INSERT INTO sales_item (sales_id, product_id, quantity, product_code, product_name, lot, unit_price, created_at, updated_at) VALUES (9058, 23, 1, 'MA0303', '마라 떡볶이 밀키트 매운맛 3,4인분', 'SE01-FA01-A1-MA0303-001173', 22000, '2025-12-24 20:13:43', '2025-12-24 20:13:43');
INSERT INTO sales_item (sales_id, product_id, quantity, product_code, product_name, lot, unit_price, created_at, updated_at) VALUES (9058, 23, 1, 'MA0303', '마라 떡볶이 밀키트 매운맛 3,4인분', 'SE01-FA01-A1-MA0303-001174', 22000, '2025-12-24 20:13:43', '2025-12-24 20:13:43');
INSERT INTO sales_item (sales_id, product_id, quantity, product_code, product_name, lot, unit_price, created_at, updated_at) VALUES (9058, 23, 1, 'MA0303', '마라 떡볶이 밀키트 매운맛 3,4인분', 'SE01-FA01-A1-MA0303-001175', 22000, '2025-12-24 20:13:43', '2025-12-24 20:13:43');
INSERT INTO sales_item (sales_id, product_id, quantity, product_code, product_name, lot, unit_price, created_at, updated_at) VALUES (9058, 23, 1, 'MA0303', '마라 떡볶이 밀키트 매운맛 3,4인분', 'SE01-FA01-A1-MA0303-001176', 22000, '2025-12-24 20:13:43', '2025-12-24 20:13:43');
INSERT INTO sales_item (sales_id, product_id, quantity, product_code, product_name, lot, unit_price, created_at, updated_at) VALUES (9058, 23, 1, 'MA0303', '마라 떡볶이 밀키트 매운맛 3,4인분', 'SE01-FA01-A1-MA0303-001177', 22000, '2025-12-24 20:13:43', '2025-12-24 20:13:43');
INSERT INTO sales_item (sales_id, product_id, quantity, product_code, product_name, lot, unit_price, created_at, updated_at) VALUES (9058, 23, 1, 'MA0303', '마라 떡볶이 밀키트 매운맛 3,4인분', 'SE01-FA01-A1-MA0303-001178', 22000, '2025-12-24 20:13:43', '2025-12-24 20:13:43');
INSERT INTO sales_item (sales_id, product_id, quantity, product_code, product_name, lot, unit_price, created_at, updated_at) VALUES (9058, 23, 1, 'MA0303', '마라 떡볶이 밀키트 매운맛 3,4인분', 'SE01-FA01-A1-MA0303-001179', 22000, '2025-12-24 20:13:43', '2025-12-24 20:13:43');
INSERT INTO sales_item (sales_id, product_id, quantity, product_code, product_name, lot, unit_price, created_at, updated_at) VALUES (9058, 23, 1, 'MA0303', '마라 떡볶이 밀키트 매운맛 3,4인분', 'SE01-FA01-A1-MA0303-001180', 22000, '2025-12-24 20:13:43', '2025-12-24 20:13:43');

INSERT INTO franchise_order (franchise_order_id, franchise_id, order_code, user_id, address, requirement, order_status, total_quantity, total_amount, delivery_date, delivery_time, cancelled_reason, created_at, updated_at, version) VALUES (9059, 1, 'PO-20260107-060', 1001, '서울시 강남구 테스트로 1', '60~90일 과거 더미데이터', 'COMPLETED', 20, 440000, '2026-01-09 21:56:55', '09:00', NULL, '2026-01-07 17:56:55', '2026-01-09 21:56:55', 0);
INSERT INTO franchise_order_item (franchise_order_item_id, franchise_order_id, quantity, product_id, unit_price, total_price, created_at, updated_at) VALUES (9059, 9059, 20, 15, 22000, 440000, '2026-01-07 17:56:55', '2026-01-07 17:56:55');
INSERT INTO inventorylog (product_id, product_name, box_code, transaction_code, log_type, quantity, from_location_type, from_location_id, to_location_type, to_location_id, actor_type, actor_id, created_at, updated_at) VALUES (15, '로제 떡볶이 밀키트 매운맛 3,4인분', 'SE01-FA01-A1-RO0303-A02', 'PO-20260107-060', 'OUTBOUND', 20, 'FACTORY', 1, 'FRANCHISE', 1, 'FACTORY', 1, '2026-01-08 19:56:55', '2026-01-08 19:56:55');
INSERT INTO inventorylog (product_id, product_name, box_code, transaction_code, log_type, quantity, from_location_type, from_location_id, to_location_type, to_location_id, actor_type, actor_id, created_at, updated_at) VALUES (15, '로제 떡볶이 밀키트 매운맛 3,4인분', 'SE01-FA01-A1-RO0303-A02', 'PO-20260107-060', 'INBOUND', 20, 'FACTORY', 1, 'FRANCHISE', 1, 'FRANCHISE', 1, '2026-01-09 21:56:55', '2026-01-09 21:56:55');
INSERT INTO sales (sales_id, franchise_id, sales_code, quantity, total_amount, is_canceled, created_at, updated_at) VALUES (9059, 1, 'SL-20260110-060', 20, 440000, false, '2026-01-10 23:56:55', '2026-01-10 23:56:55');
INSERT INTO sales_item (sales_id, product_id, quantity, product_code, product_name, lot, unit_price, created_at, updated_at) VALUES (9059, 15, 1, 'RO0303', '로제 떡볶이 밀키트 매운맛 3,4인분', 'SE01-FA01-A1-RO0303-001181', 22000, '2026-01-10 23:56:55', '2026-01-10 23:56:55');
INSERT INTO sales_item (sales_id, product_id, quantity, product_code, product_name, lot, unit_price, created_at, updated_at) VALUES (9059, 15, 1, 'RO0303', '로제 떡볶이 밀키트 매운맛 3,4인분', 'SE01-FA01-A1-RO0303-001182', 22000, '2026-01-10 23:56:55', '2026-01-10 23:56:55');
INSERT INTO sales_item (sales_id, product_id, quantity, product_code, product_name, lot, unit_price, created_at, updated_at) VALUES (9059, 15, 1, 'RO0303', '로제 떡볶이 밀키트 매운맛 3,4인분', 'SE01-FA01-A1-RO0303-001183', 22000, '2026-01-10 23:56:55', '2026-01-10 23:56:55');
INSERT INTO sales_item (sales_id, product_id, quantity, product_code, product_name, lot, unit_price, created_at, updated_at) VALUES (9059, 15, 1, 'RO0303', '로제 떡볶이 밀키트 매운맛 3,4인분', 'SE01-FA01-A1-RO0303-001184', 22000, '2026-01-10 23:56:55', '2026-01-10 23:56:55');
INSERT INTO sales_item (sales_id, product_id, quantity, product_code, product_name, lot, unit_price, created_at, updated_at) VALUES (9059, 15, 1, 'RO0303', '로제 떡볶이 밀키트 매운맛 3,4인분', 'SE01-FA01-A1-RO0303-001185', 22000, '2026-01-10 23:56:55', '2026-01-10 23:56:55');
INSERT INTO sales_item (sales_id, product_id, quantity, product_code, product_name, lot, unit_price, created_at, updated_at) VALUES (9059, 15, 1, 'RO0303', '로제 떡볶이 밀키트 매운맛 3,4인분', 'SE01-FA01-A1-RO0303-001186', 22000, '2026-01-10 23:56:55', '2026-01-10 23:56:55');
INSERT INTO sales_item (sales_id, product_id, quantity, product_code, product_name, lot, unit_price, created_at, updated_at) VALUES (9059, 15, 1, 'RO0303', '로제 떡볶이 밀키트 매운맛 3,4인분', 'SE01-FA01-A1-RO0303-001187', 22000, '2026-01-10 23:56:55', '2026-01-10 23:56:55');
INSERT INTO sales_item (sales_id, product_id, quantity, product_code, product_name, lot, unit_price, created_at, updated_at) VALUES (9059, 15, 1, 'RO0303', '로제 떡볶이 밀키트 매운맛 3,4인분', 'SE01-FA01-A1-RO0303-001188', 22000, '2026-01-10 23:56:55', '2026-01-10 23:56:55');
INSERT INTO sales_item (sales_id, product_id, quantity, product_code, product_name, lot, unit_price, created_at, updated_at) VALUES (9059, 15, 1, 'RO0303', '로제 떡볶이 밀키트 매운맛 3,4인분', 'SE01-FA01-A1-RO0303-001189', 22000, '2026-01-10 23:56:55', '2026-01-10 23:56:55');
INSERT INTO sales_item (sales_id, product_id, quantity, product_code, product_name, lot, unit_price, created_at, updated_at) VALUES (9059, 15, 1, 'RO0303', '로제 떡볶이 밀키트 매운맛 3,4인분', 'SE01-FA01-A1-RO0303-001190', 22000, '2026-01-10 23:56:55', '2026-01-10 23:56:55');
INSERT INTO sales_item (sales_id, product_id, quantity, product_code, product_name, lot, unit_price, created_at, updated_at) VALUES (9059, 15, 1, 'RO0303', '로제 떡볶이 밀키트 매운맛 3,4인분', 'SE01-FA01-A1-RO0303-001191', 22000, '2026-01-10 23:56:55', '2026-01-10 23:56:55');
INSERT INTO sales_item (sales_id, product_id, quantity, product_code, product_name, lot, unit_price, created_at, updated_at) VALUES (9059, 15, 1, 'RO0303', '로제 떡볶이 밀키트 매운맛 3,4인분', 'SE01-FA01-A1-RO0303-001192', 22000, '2026-01-10 23:56:55', '2026-01-10 23:56:55');
INSERT INTO sales_item (sales_id, product_id, quantity, product_code, product_name, lot, unit_price, created_at, updated_at) VALUES (9059, 15, 1, 'RO0303', '로제 떡볶이 밀키트 매운맛 3,4인분', 'SE01-FA01-A1-RO0303-001193', 22000, '2026-01-10 23:56:55', '2026-01-10 23:56:55');
INSERT INTO sales_item (sales_id, product_id, quantity, product_code, product_name, lot, unit_price, created_at, updated_at) VALUES (9059, 15, 1, 'RO0303', '로제 떡볶이 밀키트 매운맛 3,4인분', 'SE01-FA01-A1-RO0303-001194', 22000, '2026-01-10 23:56:55', '2026-01-10 23:56:55');
INSERT INTO sales_item (sales_id, product_id, quantity, product_code, product_name, lot, unit_price, created_at, updated_at) VALUES (9059, 15, 1, 'RO0303', '로제 떡볶이 밀키트 매운맛 3,4인분', 'SE01-FA01-A1-RO0303-001195', 22000, '2026-01-10 23:56:55', '2026-01-10 23:56:55');
INSERT INTO sales_item (sales_id, product_id, quantity, product_code, product_name, lot, unit_price, created_at, updated_at) VALUES (9059, 15, 1, 'RO0303', '로제 떡볶이 밀키트 매운맛 3,4인분', 'SE01-FA01-A1-RO0303-001196', 22000, '2026-01-10 23:56:55', '2026-01-10 23:56:55');
INSERT INTO sales_item (sales_id, product_id, quantity, product_code, product_name, lot, unit_price, created_at, updated_at) VALUES (9059, 15, 1, 'RO0303', '로제 떡볶이 밀키트 매운맛 3,4인분', 'SE01-FA01-A1-RO0303-001197', 22000, '2026-01-10 23:56:55', '2026-01-10 23:56:55');
INSERT INTO sales_item (sales_id, product_id, quantity, product_code, product_name, lot, unit_price, created_at, updated_at) VALUES (9059, 15, 1, 'RO0303', '로제 떡볶이 밀키트 매운맛 3,4인분', 'SE01-FA01-A1-RO0303-001198', 22000, '2026-01-10 23:56:55', '2026-01-10 23:56:55');
INSERT INTO sales_item (sales_id, product_id, quantity, product_code, product_name, lot, unit_price, created_at, updated_at) VALUES (9059, 15, 1, 'RO0303', '로제 떡볶이 밀키트 매운맛 3,4인분', 'SE01-FA01-A1-RO0303-001199', 22000, '2026-01-10 23:56:55', '2026-01-10 23:56:55');
INSERT INTO sales_item (sales_id, product_id, quantity, product_code, product_name, lot, unit_price, created_at, updated_at) VALUES (9059, 15, 1, 'RO0303', '로제 떡볶이 밀키트 매운맛 3,4인분', 'SE01-FA01-A1-RO0303-001200', 22000, '2026-01-10 23:56:55', '2026-01-10 23:56:55');

INSERT INTO franchise_order (franchise_order_id, franchise_id, order_code, user_id, address, requirement, order_status, total_quantity, total_amount, delivery_date, delivery_time, cancelled_reason, created_at, updated_at, version) VALUES (9060, 1, 'PO-20251220-061', 1001, '서울시 강남구 테스트로 1', '60~90일 과거 더미데이터', 'COMPLETED', 20, 200000, '2025-12-22 16:55:10', '09:00', NULL, '2025-12-20 12:55:10', '2025-12-22 16:55:10', 0);
INSERT INTO franchise_order_item (franchise_order_item_id, franchise_order_id, quantity, product_id, unit_price, total_price, created_at, updated_at) VALUES (9060, 9060, 20, 1, 10000, 200000, '2025-12-20 12:55:10', '2025-12-20 12:55:10');
INSERT INTO inventorylog (product_id, product_name, box_code, transaction_code, log_type, quantity, from_location_type, from_location_id, to_location_type, to_location_id, actor_type, actor_id, created_at, updated_at) VALUES (1, '오리지널 떡볶이 밀키트 순한맛 1,2인분', 'SE01-FA01-A1-OR0101-A04', 'PO-20251220-061', 'OUTBOUND', 20, 'FACTORY', 1, 'FRANCHISE', 1, 'FACTORY', 1, '2025-12-21 14:55:10', '2025-12-21 14:55:10');
INSERT INTO inventorylog (product_id, product_name, box_code, transaction_code, log_type, quantity, from_location_type, from_location_id, to_location_type, to_location_id, actor_type, actor_id, created_at, updated_at) VALUES (1, '오리지널 떡볶이 밀키트 순한맛 1,2인분', 'SE01-FA01-A1-OR0101-A04', 'PO-20251220-061', 'INBOUND', 20, 'FACTORY', 1, 'FRANCHISE', 1, 'FRANCHISE', 1, '2025-12-22 16:55:10', '2025-12-22 16:55:10');
INSERT INTO sales (sales_id, franchise_id, sales_code, quantity, total_amount, is_canceled, created_at, updated_at) VALUES (9060, 1, 'SL-20251223-061', 20, 200000, false, '2025-12-23 18:55:10', '2025-12-23 18:55:10');
INSERT INTO sales_item (sales_id, product_id, quantity, product_code, product_name, lot, unit_price, created_at, updated_at) VALUES (9060, 1, 1, 'OR0101', '오리지널 떡볶이 밀키트 순한맛 1,2인분', 'SE01-FA01-A1-OR0101-001201', 10000, '2025-12-23 18:55:10', '2025-12-23 18:55:10');
INSERT INTO sales_item (sales_id, product_id, quantity, product_code, product_name, lot, unit_price, created_at, updated_at) VALUES (9060, 1, 1, 'OR0101', '오리지널 떡볶이 밀키트 순한맛 1,2인분', 'SE01-FA01-A1-OR0101-001202', 10000, '2025-12-23 18:55:10', '2025-12-23 18:55:10');
INSERT INTO sales_item (sales_id, product_id, quantity, product_code, product_name, lot, unit_price, created_at, updated_at) VALUES (9060, 1, 1, 'OR0101', '오리지널 떡볶이 밀키트 순한맛 1,2인분', 'SE01-FA01-A1-OR0101-001203', 10000, '2025-12-23 18:55:10', '2025-12-23 18:55:10');
INSERT INTO sales_item (sales_id, product_id, quantity, product_code, product_name, lot, unit_price, created_at, updated_at) VALUES (9060, 1, 1, 'OR0101', '오리지널 떡볶이 밀키트 순한맛 1,2인분', 'SE01-FA01-A1-OR0101-001204', 10000, '2025-12-23 18:55:10', '2025-12-23 18:55:10');
INSERT INTO sales_item (sales_id, product_id, quantity, product_code, product_name, lot, unit_price, created_at, updated_at) VALUES (9060, 1, 1, 'OR0101', '오리지널 떡볶이 밀키트 순한맛 1,2인분', 'SE01-FA01-A1-OR0101-001205', 10000, '2025-12-23 18:55:10', '2025-12-23 18:55:10');
INSERT INTO sales_item (sales_id, product_id, quantity, product_code, product_name, lot, unit_price, created_at, updated_at) VALUES (9060, 1, 1, 'OR0101', '오리지널 떡볶이 밀키트 순한맛 1,2인분', 'SE01-FA01-A1-OR0101-001206', 10000, '2025-12-23 18:55:10', '2025-12-23 18:55:10');
INSERT INTO sales_item (sales_id, product_id, quantity, product_code, product_name, lot, unit_price, created_at, updated_at) VALUES (9060, 1, 1, 'OR0101', '오리지널 떡볶이 밀키트 순한맛 1,2인분', 'SE01-FA01-A1-OR0101-001207', 10000, '2025-12-23 18:55:10', '2025-12-23 18:55:10');
INSERT INTO sales_item (sales_id, product_id, quantity, product_code, product_name, lot, unit_price, created_at, updated_at) VALUES (9060, 1, 1, 'OR0101', '오리지널 떡볶이 밀키트 순한맛 1,2인분', 'SE01-FA01-A1-OR0101-001208', 10000, '2025-12-23 18:55:10', '2025-12-23 18:55:10');
INSERT INTO sales_item (sales_id, product_id, quantity, product_code, product_name, lot, unit_price, created_at, updated_at) VALUES (9060, 1, 1, 'OR0101', '오리지널 떡볶이 밀키트 순한맛 1,2인분', 'SE01-FA01-A1-OR0101-001209', 10000, '2025-12-23 18:55:10', '2025-12-23 18:55:10');
INSERT INTO sales_item (sales_id, product_id, quantity, product_code, product_name, lot, unit_price, created_at, updated_at) VALUES (9060, 1, 1, 'OR0101', '오리지널 떡볶이 밀키트 순한맛 1,2인분', 'SE01-FA01-A1-OR0101-001210', 10000, '2025-12-23 18:55:10', '2025-12-23 18:55:10');
INSERT INTO sales_item (sales_id, product_id, quantity, product_code, product_name, lot, unit_price, created_at, updated_at) VALUES (9060, 1, 1, 'OR0101', '오리지널 떡볶이 밀키트 순한맛 1,2인분', 'SE01-FA01-A1-OR0101-001211', 10000, '2025-12-23 18:55:10', '2025-12-23 18:55:10');
INSERT INTO sales_item (sales_id, product_id, quantity, product_code, product_name, lot, unit_price, created_at, updated_at) VALUES (9060, 1, 1, 'OR0101', '오리지널 떡볶이 밀키트 순한맛 1,2인분', 'SE01-FA01-A1-OR0101-001212', 10000, '2025-12-23 18:55:10', '2025-12-23 18:55:10');
INSERT INTO sales_item (sales_id, product_id, quantity, product_code, product_name, lot, unit_price, created_at, updated_at) VALUES (9060, 1, 1, 'OR0101', '오리지널 떡볶이 밀키트 순한맛 1,2인분', 'SE01-FA01-A1-OR0101-001213', 10000, '2025-12-23 18:55:10', '2025-12-23 18:55:10');
INSERT INTO sales_item (sales_id, product_id, quantity, product_code, product_name, lot, unit_price, created_at, updated_at) VALUES (9060, 1, 1, 'OR0101', '오리지널 떡볶이 밀키트 순한맛 1,2인분', 'SE01-FA01-A1-OR0101-001214', 10000, '2025-12-23 18:55:10', '2025-12-23 18:55:10');
INSERT INTO sales_item (sales_id, product_id, quantity, product_code, product_name, lot, unit_price, created_at, updated_at) VALUES (9060, 1, 1, 'OR0101', '오리지널 떡볶이 밀키트 순한맛 1,2인분', 'SE01-FA01-A1-OR0101-001215', 10000, '2025-12-23 18:55:10', '2025-12-23 18:55:10');
INSERT INTO sales_item (sales_id, product_id, quantity, product_code, product_name, lot, unit_price, created_at, updated_at) VALUES (9060, 1, 1, 'OR0101', '오리지널 떡볶이 밀키트 순한맛 1,2인분', 'SE01-FA01-A1-OR0101-001216', 10000, '2025-12-23 18:55:10', '2025-12-23 18:55:10');
INSERT INTO sales_item (sales_id, product_id, quantity, product_code, product_name, lot, unit_price, created_at, updated_at) VALUES (9060, 1, 1, 'OR0101', '오리지널 떡볶이 밀키트 순한맛 1,2인분', 'SE01-FA01-A1-OR0101-001217', 10000, '2025-12-23 18:55:10', '2025-12-23 18:55:10');
INSERT INTO sales_item (sales_id, product_id, quantity, product_code, product_name, lot, unit_price, created_at, updated_at) VALUES (9060, 1, 1, 'OR0101', '오리지널 떡볶이 밀키트 순한맛 1,2인분', 'SE01-FA01-A1-OR0101-001218', 10000, '2025-12-23 18:55:10', '2025-12-23 18:55:10');
INSERT INTO sales_item (sales_id, product_id, quantity, product_code, product_name, lot, unit_price, created_at, updated_at) VALUES (9060, 1, 1, 'OR0101', '오리지널 떡볶이 밀키트 순한맛 1,2인분', 'SE01-FA01-A1-OR0101-001219', 10000, '2025-12-23 18:55:10', '2025-12-23 18:55:10');
INSERT INTO sales_item (sales_id, product_id, quantity, product_code, product_name, lot, unit_price, created_at, updated_at) VALUES (9060, 1, 1, 'OR0101', '오리지널 떡볶이 밀키트 순한맛 1,2인분', 'SE01-FA01-A1-OR0101-001220', 10000, '2025-12-23 18:55:10', '2025-12-23 18:55:10');

INSERT INTO franchise_order (franchise_order_id, franchise_id, order_code, user_id, address, requirement, order_status, total_quantity, total_amount, delivery_date, delivery_time, cancelled_reason, created_at, updated_at, version) VALUES (9061, 1, 'PO-20251221-062', 1001, '서울시 강남구 테스트로 1', '60~90일 과거 더미데이터', 'COMPLETED', 20, 360000, '2025-12-23 19:01:11', '09:00', NULL, '2025-12-21 15:01:11', '2025-12-23 19:01:11', 0);
INSERT INTO franchise_order_item (franchise_order_item_id, franchise_order_id, quantity, product_id, unit_price, total_price, created_at, updated_at) VALUES (9061, 9061, 20, 6, 18000, 360000, '2025-12-21 15:01:11', '2025-12-21 15:01:11');
INSERT INTO inventorylog (product_id, product_name, box_code, transaction_code, log_type, quantity, from_location_type, from_location_id, to_location_type, to_location_id, actor_type, actor_id, created_at, updated_at) VALUES (6, '오리지널 떡볶이 밀키트 기본맛 3,4인분', 'SE01-FA01-A1-OR0203-A01', 'PO-20251221-062', 'OUTBOUND', 20, 'FACTORY', 1, 'FRANCHISE', 1, 'FACTORY', 1, '2025-12-22 17:01:11', '2025-12-22 17:01:11');
INSERT INTO inventorylog (product_id, product_name, box_code, transaction_code, log_type, quantity, from_location_type, from_location_id, to_location_type, to_location_id, actor_type, actor_id, created_at, updated_at) VALUES (6, '오리지널 떡볶이 밀키트 기본맛 3,4인분', 'SE01-FA01-A1-OR0203-A01', 'PO-20251221-062', 'INBOUND', 20, 'FACTORY', 1, 'FRANCHISE', 1, 'FRANCHISE', 1, '2025-12-23 19:01:11', '2025-12-23 19:01:11');
INSERT INTO sales (sales_id, franchise_id, sales_code, quantity, total_amount, is_canceled, created_at, updated_at) VALUES (9061, 1, 'SL-20251224-062', 20, 360000, false, '2025-12-24 21:01:11', '2025-12-24 21:01:11');
INSERT INTO sales_item (sales_id, product_id, quantity, product_code, product_name, lot, unit_price, created_at, updated_at) VALUES (9061, 6, 1, 'OR0203', '오리지널 떡볶이 밀키트 기본맛 3,4인분', 'SE01-FA01-A1-OR0203-001221', 18000, '2025-12-24 21:01:11', '2025-12-24 21:01:11');
INSERT INTO sales_item (sales_id, product_id, quantity, product_code, product_name, lot, unit_price, created_at, updated_at) VALUES (9061, 6, 1, 'OR0203', '오리지널 떡볶이 밀키트 기본맛 3,4인분', 'SE01-FA01-A1-OR0203-001222', 18000, '2025-12-24 21:01:11', '2025-12-24 21:01:11');
INSERT INTO sales_item (sales_id, product_id, quantity, product_code, product_name, lot, unit_price, created_at, updated_at) VALUES (9061, 6, 1, 'OR0203', '오리지널 떡볶이 밀키트 기본맛 3,4인분', 'SE01-FA01-A1-OR0203-001223', 18000, '2025-12-24 21:01:11', '2025-12-24 21:01:11');
INSERT INTO sales_item (sales_id, product_id, quantity, product_code, product_name, lot, unit_price, created_at, updated_at) VALUES (9061, 6, 1, 'OR0203', '오리지널 떡볶이 밀키트 기본맛 3,4인분', 'SE01-FA01-A1-OR0203-001224', 18000, '2025-12-24 21:01:11', '2025-12-24 21:01:11');
INSERT INTO sales_item (sales_id, product_id, quantity, product_code, product_name, lot, unit_price, created_at, updated_at) VALUES (9061, 6, 1, 'OR0203', '오리지널 떡볶이 밀키트 기본맛 3,4인분', 'SE01-FA01-A1-OR0203-001225', 18000, '2025-12-24 21:01:11', '2025-12-24 21:01:11');
INSERT INTO sales_item (sales_id, product_id, quantity, product_code, product_name, lot, unit_price, created_at, updated_at) VALUES (9061, 6, 1, 'OR0203', '오리지널 떡볶이 밀키트 기본맛 3,4인분', 'SE01-FA01-A1-OR0203-001226', 18000, '2025-12-24 21:01:11', '2025-12-24 21:01:11');
INSERT INTO sales_item (sales_id, product_id, quantity, product_code, product_name, lot, unit_price, created_at, updated_at) VALUES (9061, 6, 1, 'OR0203', '오리지널 떡볶이 밀키트 기본맛 3,4인분', 'SE01-FA01-A1-OR0203-001227', 18000, '2025-12-24 21:01:11', '2025-12-24 21:01:11');
INSERT INTO sales_item (sales_id, product_id, quantity, product_code, product_name, lot, unit_price, created_at, updated_at) VALUES (9061, 6, 1, 'OR0203', '오리지널 떡볶이 밀키트 기본맛 3,4인분', 'SE01-FA01-A1-OR0203-001228', 18000, '2025-12-24 21:01:11', '2025-12-24 21:01:11');
INSERT INTO sales_item (sales_id, product_id, quantity, product_code, product_name, lot, unit_price, created_at, updated_at) VALUES (9061, 6, 1, 'OR0203', '오리지널 떡볶이 밀키트 기본맛 3,4인분', 'SE01-FA01-A1-OR0203-001229', 18000, '2025-12-24 21:01:11', '2025-12-24 21:01:11');
INSERT INTO sales_item (sales_id, product_id, quantity, product_code, product_name, lot, unit_price, created_at, updated_at) VALUES (9061, 6, 1, 'OR0203', '오리지널 떡볶이 밀키트 기본맛 3,4인분', 'SE01-FA01-A1-OR0203-001230', 18000, '2025-12-24 21:01:11', '2025-12-24 21:01:11');
INSERT INTO sales_item (sales_id, product_id, quantity, product_code, product_name, lot, unit_price, created_at, updated_at) VALUES (9061, 6, 1, 'OR0203', '오리지널 떡볶이 밀키트 기본맛 3,4인분', 'SE01-FA01-A1-OR0203-001231', 18000, '2025-12-24 21:01:11', '2025-12-24 21:01:11');
INSERT INTO sales_item (sales_id, product_id, quantity, product_code, product_name, lot, unit_price, created_at, updated_at) VALUES (9061, 6, 1, 'OR0203', '오리지널 떡볶이 밀키트 기본맛 3,4인분', 'SE01-FA01-A1-OR0203-001232', 18000, '2025-12-24 21:01:11', '2025-12-24 21:01:11');
INSERT INTO sales_item (sales_id, product_id, quantity, product_code, product_name, lot, unit_price, created_at, updated_at) VALUES (9061, 6, 1, 'OR0203', '오리지널 떡볶이 밀키트 기본맛 3,4인분', 'SE01-FA01-A1-OR0203-001233', 18000, '2025-12-24 21:01:11', '2025-12-24 21:01:11');
INSERT INTO sales_item (sales_id, product_id, quantity, product_code, product_name, lot, unit_price, created_at, updated_at) VALUES (9061, 6, 1, 'OR0203', '오리지널 떡볶이 밀키트 기본맛 3,4인분', 'SE01-FA01-A1-OR0203-001234', 18000, '2025-12-24 21:01:11', '2025-12-24 21:01:11');
INSERT INTO sales_item (sales_id, product_id, quantity, product_code, product_name, lot, unit_price, created_at, updated_at) VALUES (9061, 6, 1, 'OR0203', '오리지널 떡볶이 밀키트 기본맛 3,4인분', 'SE01-FA01-A1-OR0203-001235', 18000, '2025-12-24 21:01:11', '2025-12-24 21:01:11');
INSERT INTO sales_item (sales_id, product_id, quantity, product_code, product_name, lot, unit_price, created_at, updated_at) VALUES (9061, 6, 1, 'OR0203', '오리지널 떡볶이 밀키트 기본맛 3,4인분', 'SE01-FA01-A1-OR0203-001236', 18000, '2025-12-24 21:01:11', '2025-12-24 21:01:11');
INSERT INTO sales_item (sales_id, product_id, quantity, product_code, product_name, lot, unit_price, created_at, updated_at) VALUES (9061, 6, 1, 'OR0203', '오리지널 떡볶이 밀키트 기본맛 3,4인분', 'SE01-FA01-A1-OR0203-001237', 18000, '2025-12-24 21:01:11', '2025-12-24 21:01:11');
INSERT INTO sales_item (sales_id, product_id, quantity, product_code, product_name, lot, unit_price, created_at, updated_at) VALUES (9061, 6, 1, 'OR0203', '오리지널 떡볶이 밀키트 기본맛 3,4인분', 'SE01-FA01-A1-OR0203-001238', 18000, '2025-12-24 21:01:11', '2025-12-24 21:01:11');
INSERT INTO sales_item (sales_id, product_id, quantity, product_code, product_name, lot, unit_price, created_at, updated_at) VALUES (9061, 6, 1, 'OR0203', '오리지널 떡볶이 밀키트 기본맛 3,4인분', 'SE01-FA01-A1-OR0203-001239', 18000, '2025-12-24 21:01:11', '2025-12-24 21:01:11');
INSERT INTO sales_item (sales_id, product_id, quantity, product_code, product_name, lot, unit_price, created_at, updated_at) VALUES (9061, 6, 1, 'OR0203', '오리지널 떡볶이 밀키트 기본맛 3,4인분', 'SE01-FA01-A1-OR0203-001240', 18000, '2025-12-24 21:01:11', '2025-12-24 21:01:11');

INSERT INTO franchise_order (franchise_order_id, franchise_id, order_code, user_id, address, requirement, order_status, total_quantity, total_amount, delivery_date, delivery_time, cancelled_reason, created_at, updated_at, version) VALUES (9062, 1, 'PO-20251224-063', 1001, '서울시 강남구 테스트로 1', '60~90일 과거 더미데이터', 'COMPLETED', 20, 360000, '2025-12-26 19:51:42', '09:00', NULL, '2025-12-24 15:51:42', '2025-12-26 19:51:42', 0);
INSERT INTO franchise_order_item (franchise_order_item_id, franchise_order_id, quantity, product_id, unit_price, total_price, created_at, updated_at) VALUES (9062, 9062, 20, 7, 18000, 360000, '2025-12-24 15:51:42', '2025-12-24 15:51:42');
INSERT INTO inventorylog (product_id, product_name, box_code, transaction_code, log_type, quantity, from_location_type, from_location_id, to_location_type, to_location_id, actor_type, actor_id, created_at, updated_at) VALUES (7, '오리지널 떡볶이 밀키트 매운맛 3,4인분', 'SE01-FA01-A1-OR0303-A03', 'PO-20251224-063', 'OUTBOUND', 20, 'FACTORY', 1, 'FRANCHISE', 1, 'FACTORY', 1, '2025-12-25 17:51:42', '2025-12-25 17:51:42');
INSERT INTO inventorylog (product_id, product_name, box_code, transaction_code, log_type, quantity, from_location_type, from_location_id, to_location_type, to_location_id, actor_type, actor_id, created_at, updated_at) VALUES (7, '오리지널 떡볶이 밀키트 매운맛 3,4인분', 'SE01-FA01-A1-OR0303-A03', 'PO-20251224-063', 'INBOUND', 20, 'FACTORY', 1, 'FRANCHISE', 1, 'FRANCHISE', 1, '2025-12-26 19:51:42', '2025-12-26 19:51:42');
INSERT INTO sales (sales_id, franchise_id, sales_code, quantity, total_amount, is_canceled, created_at, updated_at) VALUES (9062, 1, 'SL-20251227-063', 20, 360000, false, '2025-12-27 21:51:42', '2025-12-27 21:51:42');
INSERT INTO sales_item (sales_id, product_id, quantity, product_code, product_name, lot, unit_price, created_at, updated_at) VALUES (9062, 7, 1, 'OR0303', '오리지널 떡볶이 밀키트 매운맛 3,4인분', 'SE01-FA01-A1-OR0303-001241', 18000, '2025-12-27 21:51:42', '2025-12-27 21:51:42');
INSERT INTO sales_item (sales_id, product_id, quantity, product_code, product_name, lot, unit_price, created_at, updated_at) VALUES (9062, 7, 1, 'OR0303', '오리지널 떡볶이 밀키트 매운맛 3,4인분', 'SE01-FA01-A1-OR0303-001242', 18000, '2025-12-27 21:51:42', '2025-12-27 21:51:42');
INSERT INTO sales_item (sales_id, product_id, quantity, product_code, product_name, lot, unit_price, created_at, updated_at) VALUES (9062, 7, 1, 'OR0303', '오리지널 떡볶이 밀키트 매운맛 3,4인분', 'SE01-FA01-A1-OR0303-001243', 18000, '2025-12-27 21:51:42', '2025-12-27 21:51:42');
INSERT INTO sales_item (sales_id, product_id, quantity, product_code, product_name, lot, unit_price, created_at, updated_at) VALUES (9062, 7, 1, 'OR0303', '오리지널 떡볶이 밀키트 매운맛 3,4인분', 'SE01-FA01-A1-OR0303-001244', 18000, '2025-12-27 21:51:42', '2025-12-27 21:51:42');
INSERT INTO sales_item (sales_id, product_id, quantity, product_code, product_name, lot, unit_price, created_at, updated_at) VALUES (9062, 7, 1, 'OR0303', '오리지널 떡볶이 밀키트 매운맛 3,4인분', 'SE01-FA01-A1-OR0303-001245', 18000, '2025-12-27 21:51:42', '2025-12-27 21:51:42');
INSERT INTO sales_item (sales_id, product_id, quantity, product_code, product_name, lot, unit_price, created_at, updated_at) VALUES (9062, 7, 1, 'OR0303', '오리지널 떡볶이 밀키트 매운맛 3,4인분', 'SE01-FA01-A1-OR0303-001246', 18000, '2025-12-27 21:51:42', '2025-12-27 21:51:42');
INSERT INTO sales_item (sales_id, product_id, quantity, product_code, product_name, lot, unit_price, created_at, updated_at) VALUES (9062, 7, 1, 'OR0303', '오리지널 떡볶이 밀키트 매운맛 3,4인분', 'SE01-FA01-A1-OR0303-001247', 18000, '2025-12-27 21:51:42', '2025-12-27 21:51:42');
INSERT INTO sales_item (sales_id, product_id, quantity, product_code, product_name, lot, unit_price, created_at, updated_at) VALUES (9062, 7, 1, 'OR0303', '오리지널 떡볶이 밀키트 매운맛 3,4인분', 'SE01-FA01-A1-OR0303-001248', 18000, '2025-12-27 21:51:42', '2025-12-27 21:51:42');
INSERT INTO sales_item (sales_id, product_id, quantity, product_code, product_name, lot, unit_price, created_at, updated_at) VALUES (9062, 7, 1, 'OR0303', '오리지널 떡볶이 밀키트 매운맛 3,4인분', 'SE01-FA01-A1-OR0303-001249', 18000, '2025-12-27 21:51:42', '2025-12-27 21:51:42');
INSERT INTO sales_item (sales_id, product_id, quantity, product_code, product_name, lot, unit_price, created_at, updated_at) VALUES (9062, 7, 1, 'OR0303', '오리지널 떡볶이 밀키트 매운맛 3,4인분', 'SE01-FA01-A1-OR0303-001250', 18000, '2025-12-27 21:51:42', '2025-12-27 21:51:42');
INSERT INTO sales_item (sales_id, product_id, quantity, product_code, product_name, lot, unit_price, created_at, updated_at) VALUES (9062, 7, 1, 'OR0303', '오리지널 떡볶이 밀키트 매운맛 3,4인분', 'SE01-FA01-A1-OR0303-001251', 18000, '2025-12-27 21:51:42', '2025-12-27 21:51:42');
INSERT INTO sales_item (sales_id, product_id, quantity, product_code, product_name, lot, unit_price, created_at, updated_at) VALUES (9062, 7, 1, 'OR0303', '오리지널 떡볶이 밀키트 매운맛 3,4인분', 'SE01-FA01-A1-OR0303-001252', 18000, '2025-12-27 21:51:42', '2025-12-27 21:51:42');
INSERT INTO sales_item (sales_id, product_id, quantity, product_code, product_name, lot, unit_price, created_at, updated_at) VALUES (9062, 7, 1, 'OR0303', '오리지널 떡볶이 밀키트 매운맛 3,4인분', 'SE01-FA01-A1-OR0303-001253', 18000, '2025-12-27 21:51:42', '2025-12-27 21:51:42');
INSERT INTO sales_item (sales_id, product_id, quantity, product_code, product_name, lot, unit_price, created_at, updated_at) VALUES (9062, 7, 1, 'OR0303', '오리지널 떡볶이 밀키트 매운맛 3,4인분', 'SE01-FA01-A1-OR0303-001254', 18000, '2025-12-27 21:51:42', '2025-12-27 21:51:42');
INSERT INTO sales_item (sales_id, product_id, quantity, product_code, product_name, lot, unit_price, created_at, updated_at) VALUES (9062, 7, 1, 'OR0303', '오리지널 떡볶이 밀키트 매운맛 3,4인분', 'SE01-FA01-A1-OR0303-001255', 18000, '2025-12-27 21:51:42', '2025-12-27 21:51:42');
INSERT INTO sales_item (sales_id, product_id, quantity, product_code, product_name, lot, unit_price, created_at, updated_at) VALUES (9062, 7, 1, 'OR0303', '오리지널 떡볶이 밀키트 매운맛 3,4인분', 'SE01-FA01-A1-OR0303-001256', 18000, '2025-12-27 21:51:42', '2025-12-27 21:51:42');
INSERT INTO sales_item (sales_id, product_id, quantity, product_code, product_name, lot, unit_price, created_at, updated_at) VALUES (9062, 7, 1, 'OR0303', '오리지널 떡볶이 밀키트 매운맛 3,4인분', 'SE01-FA01-A1-OR0303-001257', 18000, '2025-12-27 21:51:42', '2025-12-27 21:51:42');
INSERT INTO sales_item (sales_id, product_id, quantity, product_code, product_name, lot, unit_price, created_at, updated_at) VALUES (9062, 7, 1, 'OR0303', '오리지널 떡볶이 밀키트 매운맛 3,4인분', 'SE01-FA01-A1-OR0303-001258', 18000, '2025-12-27 21:51:42', '2025-12-27 21:51:42');
INSERT INTO sales_item (sales_id, product_id, quantity, product_code, product_name, lot, unit_price, created_at, updated_at) VALUES (9062, 7, 1, 'OR0303', '오리지널 떡볶이 밀키트 매운맛 3,4인분', 'SE01-FA01-A1-OR0303-001259', 18000, '2025-12-27 21:51:42', '2025-12-27 21:51:42');
INSERT INTO sales_item (sales_id, product_id, quantity, product_code, product_name, lot, unit_price, created_at, updated_at) VALUES (9062, 7, 1, 'OR0303', '오리지널 떡볶이 밀키트 매운맛 3,4인분', 'SE01-FA01-A1-OR0303-001260', 18000, '2025-12-27 21:51:42', '2025-12-27 21:51:42');

INSERT INTO franchise_order (franchise_order_id, franchise_id, order_code, user_id, address, requirement, order_status, total_quantity, total_amount, delivery_date, delivery_time, cancelled_reason, created_at, updated_at, version) VALUES (9063, 1, 'PO-20260110-064', 1001, '서울시 강남구 테스트로 1', '60~90일 과거 더미데이터', 'COMPLETED', 20, 240000, '2026-01-12 15:50:44', '09:00', NULL, '2026-01-10 11:50:44', '2026-01-12 15:50:44', 0);
INSERT INTO franchise_order_item (franchise_order_item_id, franchise_order_id, quantity, product_id, unit_price, total_price, created_at, updated_at) VALUES (9063, 9063, 20, 20, 12000, 240000, '2026-01-10 11:50:44', '2026-01-10 11:50:44');
INSERT INTO inventorylog (product_id, product_name, box_code, transaction_code, log_type, quantity, from_location_type, from_location_id, to_location_type, to_location_id, actor_type, actor_id, created_at, updated_at) VALUES (20, '마라 떡볶이 밀키트 아주매운맛 1,2인분', 'SE01-FA01-A1-MA0401-A02', 'PO-20260110-064', 'OUTBOUND', 20, 'FACTORY', 1, 'FRANCHISE', 1, 'FACTORY', 1, '2026-01-11 13:50:44', '2026-01-11 13:50:44');
INSERT INTO inventorylog (product_id, product_name, box_code, transaction_code, log_type, quantity, from_location_type, from_location_id, to_location_type, to_location_id, actor_type, actor_id, created_at, updated_at) VALUES (20, '마라 떡볶이 밀키트 아주매운맛 1,2인분', 'SE01-FA01-A1-MA0401-A02', 'PO-20260110-064', 'INBOUND', 20, 'FACTORY', 1, 'FRANCHISE', 1, 'FRANCHISE', 1, '2026-01-12 15:50:44', '2026-01-12 15:50:44');
INSERT INTO sales (sales_id, franchise_id, sales_code, quantity, total_amount, is_canceled, created_at, updated_at) VALUES (9063, 1, 'SL-20260113-064', 20, 240000, false, '2026-01-13 17:50:44', '2026-01-13 17:50:44');
INSERT INTO sales_item (sales_id, product_id, quantity, product_code, product_name, lot, unit_price, created_at, updated_at) VALUES (9063, 20, 1, 'MA0401', '마라 떡볶이 밀키트 아주매운맛 1,2인분', 'SE01-FA01-A1-MA0401-001261', 12000, '2026-01-13 17:50:44', '2026-01-13 17:50:44');
INSERT INTO sales_item (sales_id, product_id, quantity, product_code, product_name, lot, unit_price, created_at, updated_at) VALUES (9063, 20, 1, 'MA0401', '마라 떡볶이 밀키트 아주매운맛 1,2인분', 'SE01-FA01-A1-MA0401-001262', 12000, '2026-01-13 17:50:44', '2026-01-13 17:50:44');
INSERT INTO sales_item (sales_id, product_id, quantity, product_code, product_name, lot, unit_price, created_at, updated_at) VALUES (9063, 20, 1, 'MA0401', '마라 떡볶이 밀키트 아주매운맛 1,2인분', 'SE01-FA01-A1-MA0401-001263', 12000, '2026-01-13 17:50:44', '2026-01-13 17:50:44');
INSERT INTO sales_item (sales_id, product_id, quantity, product_code, product_name, lot, unit_price, created_at, updated_at) VALUES (9063, 20, 1, 'MA0401', '마라 떡볶이 밀키트 아주매운맛 1,2인분', 'SE01-FA01-A1-MA0401-001264', 12000, '2026-01-13 17:50:44', '2026-01-13 17:50:44');
INSERT INTO sales_item (sales_id, product_id, quantity, product_code, product_name, lot, unit_price, created_at, updated_at) VALUES (9063, 20, 1, 'MA0401', '마라 떡볶이 밀키트 아주매운맛 1,2인분', 'SE01-FA01-A1-MA0401-001265', 12000, '2026-01-13 17:50:44', '2026-01-13 17:50:44');
INSERT INTO sales_item (sales_id, product_id, quantity, product_code, product_name, lot, unit_price, created_at, updated_at) VALUES (9063, 20, 1, 'MA0401', '마라 떡볶이 밀키트 아주매운맛 1,2인분', 'SE01-FA01-A1-MA0401-001266', 12000, '2026-01-13 17:50:44', '2026-01-13 17:50:44');
INSERT INTO sales_item (sales_id, product_id, quantity, product_code, product_name, lot, unit_price, created_at, updated_at) VALUES (9063, 20, 1, 'MA0401', '마라 떡볶이 밀키트 아주매운맛 1,2인분', 'SE01-FA01-A1-MA0401-001267', 12000, '2026-01-13 17:50:44', '2026-01-13 17:50:44');
INSERT INTO sales_item (sales_id, product_id, quantity, product_code, product_name, lot, unit_price, created_at, updated_at) VALUES (9063, 20, 1, 'MA0401', '마라 떡볶이 밀키트 아주매운맛 1,2인분', 'SE01-FA01-A1-MA0401-001268', 12000, '2026-01-13 17:50:44', '2026-01-13 17:50:44');
INSERT INTO sales_item (sales_id, product_id, quantity, product_code, product_name, lot, unit_price, created_at, updated_at) VALUES (9063, 20, 1, 'MA0401', '마라 떡볶이 밀키트 아주매운맛 1,2인분', 'SE01-FA01-A1-MA0401-001269', 12000, '2026-01-13 17:50:44', '2026-01-13 17:50:44');
INSERT INTO sales_item (sales_id, product_id, quantity, product_code, product_name, lot, unit_price, created_at, updated_at) VALUES (9063, 20, 1, 'MA0401', '마라 떡볶이 밀키트 아주매운맛 1,2인분', 'SE01-FA01-A1-MA0401-001270', 12000, '2026-01-13 17:50:44', '2026-01-13 17:50:44');
INSERT INTO sales_item (sales_id, product_id, quantity, product_code, product_name, lot, unit_price, created_at, updated_at) VALUES (9063, 20, 1, 'MA0401', '마라 떡볶이 밀키트 아주매운맛 1,2인분', 'SE01-FA01-A1-MA0401-001271', 12000, '2026-01-13 17:50:44', '2026-01-13 17:50:44');
INSERT INTO sales_item (sales_id, product_id, quantity, product_code, product_name, lot, unit_price, created_at, updated_at) VALUES (9063, 20, 1, 'MA0401', '마라 떡볶이 밀키트 아주매운맛 1,2인분', 'SE01-FA01-A1-MA0401-001272', 12000, '2026-01-13 17:50:44', '2026-01-13 17:50:44');
INSERT INTO sales_item (sales_id, product_id, quantity, product_code, product_name, lot, unit_price, created_at, updated_at) VALUES (9063, 20, 1, 'MA0401', '마라 떡볶이 밀키트 아주매운맛 1,2인분', 'SE01-FA01-A1-MA0401-001273', 12000, '2026-01-13 17:50:44', '2026-01-13 17:50:44');
INSERT INTO sales_item (sales_id, product_id, quantity, product_code, product_name, lot, unit_price, created_at, updated_at) VALUES (9063, 20, 1, 'MA0401', '마라 떡볶이 밀키트 아주매운맛 1,2인분', 'SE01-FA01-A1-MA0401-001274', 12000, '2026-01-13 17:50:44', '2026-01-13 17:50:44');
INSERT INTO sales_item (sales_id, product_id, quantity, product_code, product_name, lot, unit_price, created_at, updated_at) VALUES (9063, 20, 1, 'MA0401', '마라 떡볶이 밀키트 아주매운맛 1,2인분', 'SE01-FA01-A1-MA0401-001275', 12000, '2026-01-13 17:50:44', '2026-01-13 17:50:44');
INSERT INTO sales_item (sales_id, product_id, quantity, product_code, product_name, lot, unit_price, created_at, updated_at) VALUES (9063, 20, 1, 'MA0401', '마라 떡볶이 밀키트 아주매운맛 1,2인분', 'SE01-FA01-A1-MA0401-001276', 12000, '2026-01-13 17:50:44', '2026-01-13 17:50:44');
INSERT INTO sales_item (sales_id, product_id, quantity, product_code, product_name, lot, unit_price, created_at, updated_at) VALUES (9063, 20, 1, 'MA0401', '마라 떡볶이 밀키트 아주매운맛 1,2인분', 'SE01-FA01-A1-MA0401-001277', 12000, '2026-01-13 17:50:44', '2026-01-13 17:50:44');
INSERT INTO sales_item (sales_id, product_id, quantity, product_code, product_name, lot, unit_price, created_at, updated_at) VALUES (9063, 20, 1, 'MA0401', '마라 떡볶이 밀키트 아주매운맛 1,2인분', 'SE01-FA01-A1-MA0401-001278', 12000, '2026-01-13 17:50:44', '2026-01-13 17:50:44');
INSERT INTO sales_item (sales_id, product_id, quantity, product_code, product_name, lot, unit_price, created_at, updated_at) VALUES (9063, 20, 1, 'MA0401', '마라 떡볶이 밀키트 아주매운맛 1,2인분', 'SE01-FA01-A1-MA0401-001279', 12000, '2026-01-13 17:50:44', '2026-01-13 17:50:44');
INSERT INTO sales_item (sales_id, product_id, quantity, product_code, product_name, lot, unit_price, created_at, updated_at) VALUES (9063, 20, 1, 'MA0401', '마라 떡볶이 밀키트 아주매운맛 1,2인분', 'SE01-FA01-A1-MA0401-001280', 12000, '2026-01-13 17:50:44', '2026-01-13 17:50:44');

INSERT INTO franchise_order (franchise_order_id, franchise_id, order_code, user_id, address, requirement, order_status, total_quantity, total_amount, delivery_date, delivery_time, cancelled_reason, created_at, updated_at, version) VALUES (9064, 1, 'PO-20251222-065', 1001, '서울시 강남구 테스트로 1', '60~90일 과거 더미데이터', 'COMPLETED', 20, 240000, '2025-12-24 13:54:30', '09:00', NULL, '2025-12-22 09:54:30', '2025-12-24 13:54:30', 0);
INSERT INTO franchise_order_item (franchise_order_item_id, franchise_order_id, quantity, product_id, unit_price, total_price, created_at, updated_at) VALUES (9064, 9064, 20, 11, 12000, 240000, '2025-12-22 09:54:30', '2025-12-22 09:54:30');
INSERT INTO inventorylog (product_id, product_name, box_code, transaction_code, log_type, quantity, from_location_type, from_location_id, to_location_type, to_location_id, actor_type, actor_id, created_at, updated_at) VALUES (11, '로제 떡볶이 밀키트 매운맛 1,2인분', 'SE01-FA01-A1-RO0301-A04', 'PO-20251222-065', 'OUTBOUND', 20, 'FACTORY', 1, 'FRANCHISE', 1, 'FACTORY', 1, '2025-12-23 11:54:30', '2025-12-23 11:54:30');
INSERT INTO inventorylog (product_id, product_name, box_code, transaction_code, log_type, quantity, from_location_type, from_location_id, to_location_type, to_location_id, actor_type, actor_id, created_at, updated_at) VALUES (11, '로제 떡볶이 밀키트 매운맛 1,2인분', 'SE01-FA01-A1-RO0301-A04', 'PO-20251222-065', 'INBOUND', 20, 'FACTORY', 1, 'FRANCHISE', 1, 'FRANCHISE', 1, '2025-12-24 13:54:30', '2025-12-24 13:54:30');
INSERT INTO sales (sales_id, franchise_id, sales_code, quantity, total_amount, is_canceled, created_at, updated_at) VALUES (9064, 1, 'SL-20251225-065', 20, 240000, false, '2025-12-25 15:54:30', '2025-12-25 15:54:30');
INSERT INTO sales_item (sales_id, product_id, quantity, product_code, product_name, lot, unit_price, created_at, updated_at) VALUES (9064, 11, 1, 'RO0301', '로제 떡볶이 밀키트 매운맛 1,2인분', 'SE01-FA01-A1-RO0301-001281', 12000, '2025-12-25 15:54:30', '2025-12-25 15:54:30');
INSERT INTO sales_item (sales_id, product_id, quantity, product_code, product_name, lot, unit_price, created_at, updated_at) VALUES (9064, 11, 1, 'RO0301', '로제 떡볶이 밀키트 매운맛 1,2인분', 'SE01-FA01-A1-RO0301-001282', 12000, '2025-12-25 15:54:30', '2025-12-25 15:54:30');
INSERT INTO sales_item (sales_id, product_id, quantity, product_code, product_name, lot, unit_price, created_at, updated_at) VALUES (9064, 11, 1, 'RO0301', '로제 떡볶이 밀키트 매운맛 1,2인분', 'SE01-FA01-A1-RO0301-001283', 12000, '2025-12-25 15:54:30', '2025-12-25 15:54:30');
INSERT INTO sales_item (sales_id, product_id, quantity, product_code, product_name, lot, unit_price, created_at, updated_at) VALUES (9064, 11, 1, 'RO0301', '로제 떡볶이 밀키트 매운맛 1,2인분', 'SE01-FA01-A1-RO0301-001284', 12000, '2025-12-25 15:54:30', '2025-12-25 15:54:30');
INSERT INTO sales_item (sales_id, product_id, quantity, product_code, product_name, lot, unit_price, created_at, updated_at) VALUES (9064, 11, 1, 'RO0301', '로제 떡볶이 밀키트 매운맛 1,2인분', 'SE01-FA01-A1-RO0301-001285', 12000, '2025-12-25 15:54:30', '2025-12-25 15:54:30');
INSERT INTO sales_item (sales_id, product_id, quantity, product_code, product_name, lot, unit_price, created_at, updated_at) VALUES (9064, 11, 1, 'RO0301', '로제 떡볶이 밀키트 매운맛 1,2인분', 'SE01-FA01-A1-RO0301-001286', 12000, '2025-12-25 15:54:30', '2025-12-25 15:54:30');
INSERT INTO sales_item (sales_id, product_id, quantity, product_code, product_name, lot, unit_price, created_at, updated_at) VALUES (9064, 11, 1, 'RO0301', '로제 떡볶이 밀키트 매운맛 1,2인분', 'SE01-FA01-A1-RO0301-001287', 12000, '2025-12-25 15:54:30', '2025-12-25 15:54:30');
INSERT INTO sales_item (sales_id, product_id, quantity, product_code, product_name, lot, unit_price, created_at, updated_at) VALUES (9064, 11, 1, 'RO0301', '로제 떡볶이 밀키트 매운맛 1,2인분', 'SE01-FA01-A1-RO0301-001288', 12000, '2025-12-25 15:54:30', '2025-12-25 15:54:30');
INSERT INTO sales_item (sales_id, product_id, quantity, product_code, product_name, lot, unit_price, created_at, updated_at) VALUES (9064, 11, 1, 'RO0301', '로제 떡볶이 밀키트 매운맛 1,2인분', 'SE01-FA01-A1-RO0301-001289', 12000, '2025-12-25 15:54:30', '2025-12-25 15:54:30');
INSERT INTO sales_item (sales_id, product_id, quantity, product_code, product_name, lot, unit_price, created_at, updated_at) VALUES (9064, 11, 1, 'RO0301', '로제 떡볶이 밀키트 매운맛 1,2인분', 'SE01-FA01-A1-RO0301-001290', 12000, '2025-12-25 15:54:30', '2025-12-25 15:54:30');
INSERT INTO sales_item (sales_id, product_id, quantity, product_code, product_name, lot, unit_price, created_at, updated_at) VALUES (9064, 11, 1, 'RO0301', '로제 떡볶이 밀키트 매운맛 1,2인분', 'SE01-FA01-A1-RO0301-001291', 12000, '2025-12-25 15:54:30', '2025-12-25 15:54:30');
INSERT INTO sales_item (sales_id, product_id, quantity, product_code, product_name, lot, unit_price, created_at, updated_at) VALUES (9064, 11, 1, 'RO0301', '로제 떡볶이 밀키트 매운맛 1,2인분', 'SE01-FA01-A1-RO0301-001292', 12000, '2025-12-25 15:54:30', '2025-12-25 15:54:30');
INSERT INTO sales_item (sales_id, product_id, quantity, product_code, product_name, lot, unit_price, created_at, updated_at) VALUES (9064, 11, 1, 'RO0301', '로제 떡볶이 밀키트 매운맛 1,2인분', 'SE01-FA01-A1-RO0301-001293', 12000, '2025-12-25 15:54:30', '2025-12-25 15:54:30');
INSERT INTO sales_item (sales_id, product_id, quantity, product_code, product_name, lot, unit_price, created_at, updated_at) VALUES (9064, 11, 1, 'RO0301', '로제 떡볶이 밀키트 매운맛 1,2인분', 'SE01-FA01-A1-RO0301-001294', 12000, '2025-12-25 15:54:30', '2025-12-25 15:54:30');
INSERT INTO sales_item (sales_id, product_id, quantity, product_code, product_name, lot, unit_price, created_at, updated_at) VALUES (9064, 11, 1, 'RO0301', '로제 떡볶이 밀키트 매운맛 1,2인분', 'SE01-FA01-A1-RO0301-001295', 12000, '2025-12-25 15:54:30', '2025-12-25 15:54:30');
INSERT INTO sales_item (sales_id, product_id, quantity, product_code, product_name, lot, unit_price, created_at, updated_at) VALUES (9064, 11, 1, 'RO0301', '로제 떡볶이 밀키트 매운맛 1,2인분', 'SE01-FA01-A1-RO0301-001296', 12000, '2025-12-25 15:54:30', '2025-12-25 15:54:30');
INSERT INTO sales_item (sales_id, product_id, quantity, product_code, product_name, lot, unit_price, created_at, updated_at) VALUES (9064, 11, 1, 'RO0301', '로제 떡볶이 밀키트 매운맛 1,2인분', 'SE01-FA01-A1-RO0301-001297', 12000, '2025-12-25 15:54:30', '2025-12-25 15:54:30');
INSERT INTO sales_item (sales_id, product_id, quantity, product_code, product_name, lot, unit_price, created_at, updated_at) VALUES (9064, 11, 1, 'RO0301', '로제 떡볶이 밀키트 매운맛 1,2인분', 'SE01-FA01-A1-RO0301-001298', 12000, '2025-12-25 15:54:30', '2025-12-25 15:54:30');
INSERT INTO sales_item (sales_id, product_id, quantity, product_code, product_name, lot, unit_price, created_at, updated_at) VALUES (9064, 11, 1, 'RO0301', '로제 떡볶이 밀키트 매운맛 1,2인분', 'SE01-FA01-A1-RO0301-001299', 12000, '2025-12-25 15:54:30', '2025-12-25 15:54:30');
INSERT INTO sales_item (sales_id, product_id, quantity, product_code, product_name, lot, unit_price, created_at, updated_at) VALUES (9064, 11, 1, 'RO0301', '로제 떡볶이 밀키트 매운맛 1,2인분', 'SE01-FA01-A1-RO0301-001300', 12000, '2025-12-25 15:54:30', '2025-12-25 15:54:30');

INSERT INTO franchise_order (franchise_order_id, franchise_id, order_code, user_id, address, requirement, order_status, total_quantity, total_amount, delivery_date, delivery_time, cancelled_reason, created_at, updated_at, version) VALUES (9065, 1, 'PO-20251223-066', 1001, '서울시 강남구 테스트로 1', '60~90일 과거 더미데이터', 'COMPLETED', 20, 240000, '2025-12-25 20:22:19', '09:00', NULL, '2025-12-23 16:22:19', '2025-12-25 20:22:19', 0);
INSERT INTO franchise_order_item (franchise_order_item_id, franchise_order_id, quantity, product_id, unit_price, total_price, created_at, updated_at) VALUES (9065, 9065, 20, 20, 12000, 240000, '2025-12-23 16:22:19', '2025-12-23 16:22:19');
INSERT INTO inventorylog (product_id, product_name, box_code, transaction_code, log_type, quantity, from_location_type, from_location_id, to_location_type, to_location_id, actor_type, actor_id, created_at, updated_at) VALUES (20, '마라 떡볶이 밀키트 아주매운맛 1,2인분', 'SE01-FA01-A1-MA0401-A03', 'PO-20251223-066', 'OUTBOUND', 20, 'FACTORY', 1, 'FRANCHISE', 1, 'FACTORY', 1, '2025-12-24 18:22:19', '2025-12-24 18:22:19');
INSERT INTO inventorylog (product_id, product_name, box_code, transaction_code, log_type, quantity, from_location_type, from_location_id, to_location_type, to_location_id, actor_type, actor_id, created_at, updated_at) VALUES (20, '마라 떡볶이 밀키트 아주매운맛 1,2인분', 'SE01-FA01-A1-MA0401-A03', 'PO-20251223-066', 'INBOUND', 20, 'FACTORY', 1, 'FRANCHISE', 1, 'FRANCHISE', 1, '2025-12-25 20:22:19', '2025-12-25 20:22:19');
INSERT INTO sales (sales_id, franchise_id, sales_code, quantity, total_amount, is_canceled, created_at, updated_at) VALUES (9065, 1, 'SL-20251226-066', 20, 240000, false, '2025-12-26 22:22:19', '2025-12-26 22:22:19');
INSERT INTO sales_item (sales_id, product_id, quantity, product_code, product_name, lot, unit_price, created_at, updated_at) VALUES (9065, 20, 1, 'MA0401', '마라 떡볶이 밀키트 아주매운맛 1,2인분', 'SE01-FA01-A1-MA0401-001301', 12000, '2025-12-26 22:22:19', '2025-12-26 22:22:19');
INSERT INTO sales_item (sales_id, product_id, quantity, product_code, product_name, lot, unit_price, created_at, updated_at) VALUES (9065, 20, 1, 'MA0401', '마라 떡볶이 밀키트 아주매운맛 1,2인분', 'SE01-FA01-A1-MA0401-001302', 12000, '2025-12-26 22:22:19', '2025-12-26 22:22:19');
INSERT INTO sales_item (sales_id, product_id, quantity, product_code, product_name, lot, unit_price, created_at, updated_at) VALUES (9065, 20, 1, 'MA0401', '마라 떡볶이 밀키트 아주매운맛 1,2인분', 'SE01-FA01-A1-MA0401-001303', 12000, '2025-12-26 22:22:19', '2025-12-26 22:22:19');
INSERT INTO sales_item (sales_id, product_id, quantity, product_code, product_name, lot, unit_price, created_at, updated_at) VALUES (9065, 20, 1, 'MA0401', '마라 떡볶이 밀키트 아주매운맛 1,2인분', 'SE01-FA01-A1-MA0401-001304', 12000, '2025-12-26 22:22:19', '2025-12-26 22:22:19');
INSERT INTO sales_item (sales_id, product_id, quantity, product_code, product_name, lot, unit_price, created_at, updated_at) VALUES (9065, 20, 1, 'MA0401', '마라 떡볶이 밀키트 아주매운맛 1,2인분', 'SE01-FA01-A1-MA0401-001305', 12000, '2025-12-26 22:22:19', '2025-12-26 22:22:19');
INSERT INTO sales_item (sales_id, product_id, quantity, product_code, product_name, lot, unit_price, created_at, updated_at) VALUES (9065, 20, 1, 'MA0401', '마라 떡볶이 밀키트 아주매운맛 1,2인분', 'SE01-FA01-A1-MA0401-001306', 12000, '2025-12-26 22:22:19', '2025-12-26 22:22:19');
INSERT INTO sales_item (sales_id, product_id, quantity, product_code, product_name, lot, unit_price, created_at, updated_at) VALUES (9065, 20, 1, 'MA0401', '마라 떡볶이 밀키트 아주매운맛 1,2인분', 'SE01-FA01-A1-MA0401-001307', 12000, '2025-12-26 22:22:19', '2025-12-26 22:22:19');
INSERT INTO sales_item (sales_id, product_id, quantity, product_code, product_name, lot, unit_price, created_at, updated_at) VALUES (9065, 20, 1, 'MA0401', '마라 떡볶이 밀키트 아주매운맛 1,2인분', 'SE01-FA01-A1-MA0401-001308', 12000, '2025-12-26 22:22:19', '2025-12-26 22:22:19');
INSERT INTO sales_item (sales_id, product_id, quantity, product_code, product_name, lot, unit_price, created_at, updated_at) VALUES (9065, 20, 1, 'MA0401', '마라 떡볶이 밀키트 아주매운맛 1,2인분', 'SE01-FA01-A1-MA0401-001309', 12000, '2025-12-26 22:22:19', '2025-12-26 22:22:19');
INSERT INTO sales_item (sales_id, product_id, quantity, product_code, product_name, lot, unit_price, created_at, updated_at) VALUES (9065, 20, 1, 'MA0401', '마라 떡볶이 밀키트 아주매운맛 1,2인분', 'SE01-FA01-A1-MA0401-001310', 12000, '2025-12-26 22:22:19', '2025-12-26 22:22:19');
INSERT INTO sales_item (sales_id, product_id, quantity, product_code, product_name, lot, unit_price, created_at, updated_at) VALUES (9065, 20, 1, 'MA0401', '마라 떡볶이 밀키트 아주매운맛 1,2인분', 'SE01-FA01-A1-MA0401-001311', 12000, '2025-12-26 22:22:19', '2025-12-26 22:22:19');
INSERT INTO sales_item (sales_id, product_id, quantity, product_code, product_name, lot, unit_price, created_at, updated_at) VALUES (9065, 20, 1, 'MA0401', '마라 떡볶이 밀키트 아주매운맛 1,2인분', 'SE01-FA01-A1-MA0401-001312', 12000, '2025-12-26 22:22:19', '2025-12-26 22:22:19');
INSERT INTO sales_item (sales_id, product_id, quantity, product_code, product_name, lot, unit_price, created_at, updated_at) VALUES (9065, 20, 1, 'MA0401', '마라 떡볶이 밀키트 아주매운맛 1,2인분', 'SE01-FA01-A1-MA0401-001313', 12000, '2025-12-26 22:22:19', '2025-12-26 22:22:19');
INSERT INTO sales_item (sales_id, product_id, quantity, product_code, product_name, lot, unit_price, created_at, updated_at) VALUES (9065, 20, 1, 'MA0401', '마라 떡볶이 밀키트 아주매운맛 1,2인분', 'SE01-FA01-A1-MA0401-001314', 12000, '2025-12-26 22:22:19', '2025-12-26 22:22:19');
INSERT INTO sales_item (sales_id, product_id, quantity, product_code, product_name, lot, unit_price, created_at, updated_at) VALUES (9065, 20, 1, 'MA0401', '마라 떡볶이 밀키트 아주매운맛 1,2인분', 'SE01-FA01-A1-MA0401-001315', 12000, '2025-12-26 22:22:19', '2025-12-26 22:22:19');
INSERT INTO sales_item (sales_id, product_id, quantity, product_code, product_name, lot, unit_price, created_at, updated_at) VALUES (9065, 20, 1, 'MA0401', '마라 떡볶이 밀키트 아주매운맛 1,2인분', 'SE01-FA01-A1-MA0401-001316', 12000, '2025-12-26 22:22:19', '2025-12-26 22:22:19');
INSERT INTO sales_item (sales_id, product_id, quantity, product_code, product_name, lot, unit_price, created_at, updated_at) VALUES (9065, 20, 1, 'MA0401', '마라 떡볶이 밀키트 아주매운맛 1,2인분', 'SE01-FA01-A1-MA0401-001317', 12000, '2025-12-26 22:22:19', '2025-12-26 22:22:19');
INSERT INTO sales_item (sales_id, product_id, quantity, product_code, product_name, lot, unit_price, created_at, updated_at) VALUES (9065, 20, 1, 'MA0401', '마라 떡볶이 밀키트 아주매운맛 1,2인분', 'SE01-FA01-A1-MA0401-001318', 12000, '2025-12-26 22:22:19', '2025-12-26 22:22:19');
INSERT INTO sales_item (sales_id, product_id, quantity, product_code, product_name, lot, unit_price, created_at, updated_at) VALUES (9065, 20, 1, 'MA0401', '마라 떡볶이 밀키트 아주매운맛 1,2인분', 'SE01-FA01-A1-MA0401-001319', 12000, '2025-12-26 22:22:19', '2025-12-26 22:22:19');
INSERT INTO sales_item (sales_id, product_id, quantity, product_code, product_name, lot, unit_price, created_at, updated_at) VALUES (9065, 20, 1, 'MA0401', '마라 떡볶이 밀키트 아주매운맛 1,2인분', 'SE01-FA01-A1-MA0401-001320', 12000, '2025-12-26 22:22:19', '2025-12-26 22:22:19');

INSERT INTO franchise_order (franchise_order_id, franchise_id, order_code, user_id, address, requirement, order_status, total_quantity, total_amount, delivery_date, delivery_time, cancelled_reason, created_at, updated_at, version) VALUES (9066, 1, 'PO-20260111-067', 1001, '서울시 강남구 테스트로 1', '60~90일 과거 더미데이터', 'COMPLETED', 20, 360000, '2026-01-13 13:42:12', '09:00', NULL, '2026-01-11 09:42:12', '2026-01-13 13:42:12', 0);
INSERT INTO franchise_order_item (franchise_order_item_id, franchise_order_id, quantity, product_id, unit_price, total_price, created_at, updated_at) VALUES (9066, 9066, 20, 8, 18000, 360000, '2026-01-11 09:42:12', '2026-01-11 09:42:12');
INSERT INTO inventorylog (product_id, product_name, box_code, transaction_code, log_type, quantity, from_location_type, from_location_id, to_location_type, to_location_id, actor_type, actor_id, created_at, updated_at) VALUES (8, '오리지널 떡볶이 밀키트 아주매운맛 3,4인분', 'SE01-FA01-A1-OR0403-A03', 'PO-20260111-067', 'OUTBOUND', 20, 'FACTORY', 1, 'FRANCHISE', 1, 'FACTORY', 1, '2026-01-12 11:42:12', '2026-01-12 11:42:12');
INSERT INTO inventorylog (product_id, product_name, box_code, transaction_code, log_type, quantity, from_location_type, from_location_id, to_location_type, to_location_id, actor_type, actor_id, created_at, updated_at) VALUES (8, '오리지널 떡볶이 밀키트 아주매운맛 3,4인분', 'SE01-FA01-A1-OR0403-A03', 'PO-20260111-067', 'INBOUND', 20, 'FACTORY', 1, 'FRANCHISE', 1, 'FRANCHISE', 1, '2026-01-13 13:42:12', '2026-01-13 13:42:12');
INSERT INTO sales (sales_id, franchise_id, sales_code, quantity, total_amount, is_canceled, created_at, updated_at) VALUES (9066, 1, 'SL-20260114-067', 20, 360000, false, '2026-01-14 15:42:12', '2026-01-14 15:42:12');
INSERT INTO sales_item (sales_id, product_id, quantity, product_code, product_name, lot, unit_price, created_at, updated_at) VALUES (9066, 8, 1, 'OR0403', '오리지널 떡볶이 밀키트 아주매운맛 3,4인분', 'SE01-FA01-A1-OR0403-001321', 18000, '2026-01-14 15:42:12', '2026-01-14 15:42:12');
INSERT INTO sales_item (sales_id, product_id, quantity, product_code, product_name, lot, unit_price, created_at, updated_at) VALUES (9066, 8, 1, 'OR0403', '오리지널 떡볶이 밀키트 아주매운맛 3,4인분', 'SE01-FA01-A1-OR0403-001322', 18000, '2026-01-14 15:42:12', '2026-01-14 15:42:12');
INSERT INTO sales_item (sales_id, product_id, quantity, product_code, product_name, lot, unit_price, created_at, updated_at) VALUES (9066, 8, 1, 'OR0403', '오리지널 떡볶이 밀키트 아주매운맛 3,4인분', 'SE01-FA01-A1-OR0403-001323', 18000, '2026-01-14 15:42:12', '2026-01-14 15:42:12');
INSERT INTO sales_item (sales_id, product_id, quantity, product_code, product_name, lot, unit_price, created_at, updated_at) VALUES (9066, 8, 1, 'OR0403', '오리지널 떡볶이 밀키트 아주매운맛 3,4인분', 'SE01-FA01-A1-OR0403-001324', 18000, '2026-01-14 15:42:12', '2026-01-14 15:42:12');
INSERT INTO sales_item (sales_id, product_id, quantity, product_code, product_name, lot, unit_price, created_at, updated_at) VALUES (9066, 8, 1, 'OR0403', '오리지널 떡볶이 밀키트 아주매운맛 3,4인분', 'SE01-FA01-A1-OR0403-001325', 18000, '2026-01-14 15:42:12', '2026-01-14 15:42:12');
INSERT INTO sales_item (sales_id, product_id, quantity, product_code, product_name, lot, unit_price, created_at, updated_at) VALUES (9066, 8, 1, 'OR0403', '오리지널 떡볶이 밀키트 아주매운맛 3,4인분', 'SE01-FA01-A1-OR0403-001326', 18000, '2026-01-14 15:42:12', '2026-01-14 15:42:12');
INSERT INTO sales_item (sales_id, product_id, quantity, product_code, product_name, lot, unit_price, created_at, updated_at) VALUES (9066, 8, 1, 'OR0403', '오리지널 떡볶이 밀키트 아주매운맛 3,4인분', 'SE01-FA01-A1-OR0403-001327', 18000, '2026-01-14 15:42:12', '2026-01-14 15:42:12');
INSERT INTO sales_item (sales_id, product_id, quantity, product_code, product_name, lot, unit_price, created_at, updated_at) VALUES (9066, 8, 1, 'OR0403', '오리지널 떡볶이 밀키트 아주매운맛 3,4인분', 'SE01-FA01-A1-OR0403-001328', 18000, '2026-01-14 15:42:12', '2026-01-14 15:42:12');
INSERT INTO sales_item (sales_id, product_id, quantity, product_code, product_name, lot, unit_price, created_at, updated_at) VALUES (9066, 8, 1, 'OR0403', '오리지널 떡볶이 밀키트 아주매운맛 3,4인분', 'SE01-FA01-A1-OR0403-001329', 18000, '2026-01-14 15:42:12', '2026-01-14 15:42:12');
INSERT INTO sales_item (sales_id, product_id, quantity, product_code, product_name, lot, unit_price, created_at, updated_at) VALUES (9066, 8, 1, 'OR0403', '오리지널 떡볶이 밀키트 아주매운맛 3,4인분', 'SE01-FA01-A1-OR0403-001330', 18000, '2026-01-14 15:42:12', '2026-01-14 15:42:12');
INSERT INTO sales_item (sales_id, product_id, quantity, product_code, product_name, lot, unit_price, created_at, updated_at) VALUES (9066, 8, 1, 'OR0403', '오리지널 떡볶이 밀키트 아주매운맛 3,4인분', 'SE01-FA01-A1-OR0403-001331', 18000, '2026-01-14 15:42:12', '2026-01-14 15:42:12');
INSERT INTO sales_item (sales_id, product_id, quantity, product_code, product_name, lot, unit_price, created_at, updated_at) VALUES (9066, 8, 1, 'OR0403', '오리지널 떡볶이 밀키트 아주매운맛 3,4인분', 'SE01-FA01-A1-OR0403-001332', 18000, '2026-01-14 15:42:12', '2026-01-14 15:42:12');
INSERT INTO sales_item (sales_id, product_id, quantity, product_code, product_name, lot, unit_price, created_at, updated_at) VALUES (9066, 8, 1, 'OR0403', '오리지널 떡볶이 밀키트 아주매운맛 3,4인분', 'SE01-FA01-A1-OR0403-001333', 18000, '2026-01-14 15:42:12', '2026-01-14 15:42:12');
INSERT INTO sales_item (sales_id, product_id, quantity, product_code, product_name, lot, unit_price, created_at, updated_at) VALUES (9066, 8, 1, 'OR0403', '오리지널 떡볶이 밀키트 아주매운맛 3,4인분', 'SE01-FA01-A1-OR0403-001334', 18000, '2026-01-14 15:42:12', '2026-01-14 15:42:12');
INSERT INTO sales_item (sales_id, product_id, quantity, product_code, product_name, lot, unit_price, created_at, updated_at) VALUES (9066, 8, 1, 'OR0403', '오리지널 떡볶이 밀키트 아주매운맛 3,4인분', 'SE01-FA01-A1-OR0403-001335', 18000, '2026-01-14 15:42:12', '2026-01-14 15:42:12');
INSERT INTO sales_item (sales_id, product_id, quantity, product_code, product_name, lot, unit_price, created_at, updated_at) VALUES (9066, 8, 1, 'OR0403', '오리지널 떡볶이 밀키트 아주매운맛 3,4인분', 'SE01-FA01-A1-OR0403-001336', 18000, '2026-01-14 15:42:12', '2026-01-14 15:42:12');
INSERT INTO sales_item (sales_id, product_id, quantity, product_code, product_name, lot, unit_price, created_at, updated_at) VALUES (9066, 8, 1, 'OR0403', '오리지널 떡볶이 밀키트 아주매운맛 3,4인분', 'SE01-FA01-A1-OR0403-001337', 18000, '2026-01-14 15:42:12', '2026-01-14 15:42:12');
INSERT INTO sales_item (sales_id, product_id, quantity, product_code, product_name, lot, unit_price, created_at, updated_at) VALUES (9066, 8, 1, 'OR0403', '오리지널 떡볶이 밀키트 아주매운맛 3,4인분', 'SE01-FA01-A1-OR0403-001338', 18000, '2026-01-14 15:42:12', '2026-01-14 15:42:12');
INSERT INTO sales_item (sales_id, product_id, quantity, product_code, product_name, lot, unit_price, created_at, updated_at) VALUES (9066, 8, 1, 'OR0403', '오리지널 떡볶이 밀키트 아주매운맛 3,4인분', 'SE01-FA01-A1-OR0403-001339', 18000, '2026-01-14 15:42:12', '2026-01-14 15:42:12');
INSERT INTO sales_item (sales_id, product_id, quantity, product_code, product_name, lot, unit_price, created_at, updated_at) VALUES (9066, 8, 1, 'OR0403', '오리지널 떡볶이 밀키트 아주매운맛 3,4인분', 'SE01-FA01-A1-OR0403-001340', 18000, '2026-01-14 15:42:12', '2026-01-14 15:42:12');

INSERT INTO franchise_order (franchise_order_id, franchise_id, order_code, user_id, address, requirement, order_status, total_quantity, total_amount, delivery_date, delivery_time, cancelled_reason, created_at, updated_at, version) VALUES (9067, 1, 'PO-20260110-068', 1001, '서울시 강남구 테스트로 1', '60~90일 과거 더미데이터', 'COMPLETED', 20, 240000, '2026-01-12 14:49:17', '09:00', NULL, '2026-01-10 10:49:17', '2026-01-12 14:49:17', 0);
INSERT INTO franchise_order_item (franchise_order_item_id, franchise_order_id, quantity, product_id, unit_price, total_price, created_at, updated_at) VALUES (9067, 9067, 20, 20, 12000, 240000, '2026-01-10 10:49:17', '2026-01-10 10:49:17');
INSERT INTO inventorylog (product_id, product_name, box_code, transaction_code, log_type, quantity, from_location_type, from_location_id, to_location_type, to_location_id, actor_type, actor_id, created_at, updated_at) VALUES (20, '마라 떡볶이 밀키트 아주매운맛 1,2인분', 'SE01-FA01-A1-MA0401-A04', 'PO-20260110-068', 'OUTBOUND', 20, 'FACTORY', 1, 'FRANCHISE', 1, 'FACTORY', 1, '2026-01-11 12:49:17', '2026-01-11 12:49:17');
INSERT INTO inventorylog (product_id, product_name, box_code, transaction_code, log_type, quantity, from_location_type, from_location_id, to_location_type, to_location_id, actor_type, actor_id, created_at, updated_at) VALUES (20, '마라 떡볶이 밀키트 아주매운맛 1,2인분', 'SE01-FA01-A1-MA0401-A04', 'PO-20260110-068', 'INBOUND', 20, 'FACTORY', 1, 'FRANCHISE', 1, 'FRANCHISE', 1, '2026-01-12 14:49:17', '2026-01-12 14:49:17');
INSERT INTO sales (sales_id, franchise_id, sales_code, quantity, total_amount, is_canceled, created_at, updated_at) VALUES (9067, 1, 'SL-20260113-068', 20, 240000, false, '2026-01-13 16:49:17', '2026-01-13 16:49:17');
INSERT INTO sales_item (sales_id, product_id, quantity, product_code, product_name, lot, unit_price, created_at, updated_at) VALUES (9067, 20, 1, 'MA0401', '마라 떡볶이 밀키트 아주매운맛 1,2인분', 'SE01-FA01-A1-MA0401-001341', 12000, '2026-01-13 16:49:17', '2026-01-13 16:49:17');
INSERT INTO sales_item (sales_id, product_id, quantity, product_code, product_name, lot, unit_price, created_at, updated_at) VALUES (9067, 20, 1, 'MA0401', '마라 떡볶이 밀키트 아주매운맛 1,2인분', 'SE01-FA01-A1-MA0401-001342', 12000, '2026-01-13 16:49:17', '2026-01-13 16:49:17');
INSERT INTO sales_item (sales_id, product_id, quantity, product_code, product_name, lot, unit_price, created_at, updated_at) VALUES (9067, 20, 1, 'MA0401', '마라 떡볶이 밀키트 아주매운맛 1,2인분', 'SE01-FA01-A1-MA0401-001343', 12000, '2026-01-13 16:49:17', '2026-01-13 16:49:17');
INSERT INTO sales_item (sales_id, product_id, quantity, product_code, product_name, lot, unit_price, created_at, updated_at) VALUES (9067, 20, 1, 'MA0401', '마라 떡볶이 밀키트 아주매운맛 1,2인분', 'SE01-FA01-A1-MA0401-001344', 12000, '2026-01-13 16:49:17', '2026-01-13 16:49:17');
INSERT INTO sales_item (sales_id, product_id, quantity, product_code, product_name, lot, unit_price, created_at, updated_at) VALUES (9067, 20, 1, 'MA0401', '마라 떡볶이 밀키트 아주매운맛 1,2인분', 'SE01-FA01-A1-MA0401-001345', 12000, '2026-01-13 16:49:17', '2026-01-13 16:49:17');
INSERT INTO sales_item (sales_id, product_id, quantity, product_code, product_name, lot, unit_price, created_at, updated_at) VALUES (9067, 20, 1, 'MA0401', '마라 떡볶이 밀키트 아주매운맛 1,2인분', 'SE01-FA01-A1-MA0401-001346', 12000, '2026-01-13 16:49:17', '2026-01-13 16:49:17');
INSERT INTO sales_item (sales_id, product_id, quantity, product_code, product_name, lot, unit_price, created_at, updated_at) VALUES (9067, 20, 1, 'MA0401', '마라 떡볶이 밀키트 아주매운맛 1,2인분', 'SE01-FA01-A1-MA0401-001347', 12000, '2026-01-13 16:49:17', '2026-01-13 16:49:17');
INSERT INTO sales_item (sales_id, product_id, quantity, product_code, product_name, lot, unit_price, created_at, updated_at) VALUES (9067, 20, 1, 'MA0401', '마라 떡볶이 밀키트 아주매운맛 1,2인분', 'SE01-FA01-A1-MA0401-001348', 12000, '2026-01-13 16:49:17', '2026-01-13 16:49:17');
INSERT INTO sales_item (sales_id, product_id, quantity, product_code, product_name, lot, unit_price, created_at, updated_at) VALUES (9067, 20, 1, 'MA0401', '마라 떡볶이 밀키트 아주매운맛 1,2인분', 'SE01-FA01-A1-MA0401-001349', 12000, '2026-01-13 16:49:17', '2026-01-13 16:49:17');
INSERT INTO sales_item (sales_id, product_id, quantity, product_code, product_name, lot, unit_price, created_at, updated_at) VALUES (9067, 20, 1, 'MA0401', '마라 떡볶이 밀키트 아주매운맛 1,2인분', 'SE01-FA01-A1-MA0401-001350', 12000, '2026-01-13 16:49:17', '2026-01-13 16:49:17');
INSERT INTO sales_item (sales_id, product_id, quantity, product_code, product_name, lot, unit_price, created_at, updated_at) VALUES (9067, 20, 1, 'MA0401', '마라 떡볶이 밀키트 아주매운맛 1,2인분', 'SE01-FA01-A1-MA0401-001351', 12000, '2026-01-13 16:49:17', '2026-01-13 16:49:17');
INSERT INTO sales_item (sales_id, product_id, quantity, product_code, product_name, lot, unit_price, created_at, updated_at) VALUES (9067, 20, 1, 'MA0401', '마라 떡볶이 밀키트 아주매운맛 1,2인분', 'SE01-FA01-A1-MA0401-001352', 12000, '2026-01-13 16:49:17', '2026-01-13 16:49:17');
INSERT INTO sales_item (sales_id, product_id, quantity, product_code, product_name, lot, unit_price, created_at, updated_at) VALUES (9067, 20, 1, 'MA0401', '마라 떡볶이 밀키트 아주매운맛 1,2인분', 'SE01-FA01-A1-MA0401-001353', 12000, '2026-01-13 16:49:17', '2026-01-13 16:49:17');
INSERT INTO sales_item (sales_id, product_id, quantity, product_code, product_name, lot, unit_price, created_at, updated_at) VALUES (9067, 20, 1, 'MA0401', '마라 떡볶이 밀키트 아주매운맛 1,2인분', 'SE01-FA01-A1-MA0401-001354', 12000, '2026-01-13 16:49:17', '2026-01-13 16:49:17');
INSERT INTO sales_item (sales_id, product_id, quantity, product_code, product_name, lot, unit_price, created_at, updated_at) VALUES (9067, 20, 1, 'MA0401', '마라 떡볶이 밀키트 아주매운맛 1,2인분', 'SE01-FA01-A1-MA0401-001355', 12000, '2026-01-13 16:49:17', '2026-01-13 16:49:17');
INSERT INTO sales_item (sales_id, product_id, quantity, product_code, product_name, lot, unit_price, created_at, updated_at) VALUES (9067, 20, 1, 'MA0401', '마라 떡볶이 밀키트 아주매운맛 1,2인분', 'SE01-FA01-A1-MA0401-001356', 12000, '2026-01-13 16:49:17', '2026-01-13 16:49:17');
INSERT INTO sales_item (sales_id, product_id, quantity, product_code, product_name, lot, unit_price, created_at, updated_at) VALUES (9067, 20, 1, 'MA0401', '마라 떡볶이 밀키트 아주매운맛 1,2인분', 'SE01-FA01-A1-MA0401-001357', 12000, '2026-01-13 16:49:17', '2026-01-13 16:49:17');
INSERT INTO sales_item (sales_id, product_id, quantity, product_code, product_name, lot, unit_price, created_at, updated_at) VALUES (9067, 20, 1, 'MA0401', '마라 떡볶이 밀키트 아주매운맛 1,2인분', 'SE01-FA01-A1-MA0401-001358', 12000, '2026-01-13 16:49:17', '2026-01-13 16:49:17');
INSERT INTO sales_item (sales_id, product_id, quantity, product_code, product_name, lot, unit_price, created_at, updated_at) VALUES (9067, 20, 1, 'MA0401', '마라 떡볶이 밀키트 아주매운맛 1,2인분', 'SE01-FA01-A1-MA0401-001359', 12000, '2026-01-13 16:49:17', '2026-01-13 16:49:17');
INSERT INTO sales_item (sales_id, product_id, quantity, product_code, product_name, lot, unit_price, created_at, updated_at) VALUES (9067, 20, 1, 'MA0401', '마라 떡볶이 밀키트 아주매운맛 1,2인분', 'SE01-FA01-A1-MA0401-001360', 12000, '2026-01-13 16:49:17', '2026-01-13 16:49:17');

INSERT INTO franchise_order (franchise_order_id, franchise_id, order_code, user_id, address, requirement, order_status, total_quantity, total_amount, delivery_date, delivery_time, cancelled_reason, created_at, updated_at, version) VALUES (9068, 1, 'PO-20251228-069', 1001, '서울시 강남구 테스트로 1', '60~90일 과거 더미데이터', 'COMPLETED', 20, 240000, '2025-12-30 21:21:01', '09:00', NULL, '2025-12-28 17:21:01', '2025-12-30 21:21:01', 0);
INSERT INTO franchise_order_item (franchise_order_item_id, franchise_order_id, quantity, product_id, unit_price, total_price, created_at, updated_at) VALUES (9068, 9068, 20, 19, 12000, 240000, '2025-12-28 17:21:01', '2025-12-28 17:21:01');
INSERT INTO inventorylog (product_id, product_name, box_code, transaction_code, log_type, quantity, from_location_type, from_location_id, to_location_type, to_location_id, actor_type, actor_id, created_at, updated_at) VALUES (19, '마라 떡볶이 밀키트 매운맛 1,2인분', 'SE01-FA01-A1-MA0301-A04', 'PO-20251228-069', 'OUTBOUND', 20, 'FACTORY', 1, 'FRANCHISE', 1, 'FACTORY', 1, '2025-12-29 19:21:01', '2025-12-29 19:21:01');
INSERT INTO inventorylog (product_id, product_name, box_code, transaction_code, log_type, quantity, from_location_type, from_location_id, to_location_type, to_location_id, actor_type, actor_id, created_at, updated_at) VALUES (19, '마라 떡볶이 밀키트 매운맛 1,2인분', 'SE01-FA01-A1-MA0301-A04', 'PO-20251228-069', 'INBOUND', 20, 'FACTORY', 1, 'FRANCHISE', 1, 'FRANCHISE', 1, '2025-12-30 21:21:01', '2025-12-30 21:21:01');
INSERT INTO sales (sales_id, franchise_id, sales_code, quantity, total_amount, is_canceled, created_at, updated_at) VALUES (9068, 1, 'SL-20251231-069', 20, 240000, false, '2025-12-31 23:21:01', '2025-12-31 23:21:01');
INSERT INTO sales_item (sales_id, product_id, quantity, product_code, product_name, lot, unit_price, created_at, updated_at) VALUES (9068, 19, 1, 'MA0301', '마라 떡볶이 밀키트 매운맛 1,2인분', 'SE01-FA01-A1-MA0301-001361', 12000, '2025-12-31 23:21:01', '2025-12-31 23:21:01');
INSERT INTO sales_item (sales_id, product_id, quantity, product_code, product_name, lot, unit_price, created_at, updated_at) VALUES (9068, 19, 1, 'MA0301', '마라 떡볶이 밀키트 매운맛 1,2인분', 'SE01-FA01-A1-MA0301-001362', 12000, '2025-12-31 23:21:01', '2025-12-31 23:21:01');
INSERT INTO sales_item (sales_id, product_id, quantity, product_code, product_name, lot, unit_price, created_at, updated_at) VALUES (9068, 19, 1, 'MA0301', '마라 떡볶이 밀키트 매운맛 1,2인분', 'SE01-FA01-A1-MA0301-001363', 12000, '2025-12-31 23:21:01', '2025-12-31 23:21:01');
INSERT INTO sales_item (sales_id, product_id, quantity, product_code, product_name, lot, unit_price, created_at, updated_at) VALUES (9068, 19, 1, 'MA0301', '마라 떡볶이 밀키트 매운맛 1,2인분', 'SE01-FA01-A1-MA0301-001364', 12000, '2025-12-31 23:21:01', '2025-12-31 23:21:01');
INSERT INTO sales_item (sales_id, product_id, quantity, product_code, product_name, lot, unit_price, created_at, updated_at) VALUES (9068, 19, 1, 'MA0301', '마라 떡볶이 밀키트 매운맛 1,2인분', 'SE01-FA01-A1-MA0301-001365', 12000, '2025-12-31 23:21:01', '2025-12-31 23:21:01');
INSERT INTO sales_item (sales_id, product_id, quantity, product_code, product_name, lot, unit_price, created_at, updated_at) VALUES (9068, 19, 1, 'MA0301', '마라 떡볶이 밀키트 매운맛 1,2인분', 'SE01-FA01-A1-MA0301-001366', 12000, '2025-12-31 23:21:01', '2025-12-31 23:21:01');
INSERT INTO sales_item (sales_id, product_id, quantity, product_code, product_name, lot, unit_price, created_at, updated_at) VALUES (9068, 19, 1, 'MA0301', '마라 떡볶이 밀키트 매운맛 1,2인분', 'SE01-FA01-A1-MA0301-001367', 12000, '2025-12-31 23:21:01', '2025-12-31 23:21:01');
INSERT INTO sales_item (sales_id, product_id, quantity, product_code, product_name, lot, unit_price, created_at, updated_at) VALUES (9068, 19, 1, 'MA0301', '마라 떡볶이 밀키트 매운맛 1,2인분', 'SE01-FA01-A1-MA0301-001368', 12000, '2025-12-31 23:21:01', '2025-12-31 23:21:01');
INSERT INTO sales_item (sales_id, product_id, quantity, product_code, product_name, lot, unit_price, created_at, updated_at) VALUES (9068, 19, 1, 'MA0301', '마라 떡볶이 밀키트 매운맛 1,2인분', 'SE01-FA01-A1-MA0301-001369', 12000, '2025-12-31 23:21:01', '2025-12-31 23:21:01');
INSERT INTO sales_item (sales_id, product_id, quantity, product_code, product_name, lot, unit_price, created_at, updated_at) VALUES (9068, 19, 1, 'MA0301', '마라 떡볶이 밀키트 매운맛 1,2인분', 'SE01-FA01-A1-MA0301-001370', 12000, '2025-12-31 23:21:01', '2025-12-31 23:21:01');
INSERT INTO sales_item (sales_id, product_id, quantity, product_code, product_name, lot, unit_price, created_at, updated_at) VALUES (9068, 19, 1, 'MA0301', '마라 떡볶이 밀키트 매운맛 1,2인분', 'SE01-FA01-A1-MA0301-001371', 12000, '2025-12-31 23:21:01', '2025-12-31 23:21:01');
INSERT INTO sales_item (sales_id, product_id, quantity, product_code, product_name, lot, unit_price, created_at, updated_at) VALUES (9068, 19, 1, 'MA0301', '마라 떡볶이 밀키트 매운맛 1,2인분', 'SE01-FA01-A1-MA0301-001372', 12000, '2025-12-31 23:21:01', '2025-12-31 23:21:01');
INSERT INTO sales_item (sales_id, product_id, quantity, product_code, product_name, lot, unit_price, created_at, updated_at) VALUES (9068, 19, 1, 'MA0301', '마라 떡볶이 밀키트 매운맛 1,2인분', 'SE01-FA01-A1-MA0301-001373', 12000, '2025-12-31 23:21:01', '2025-12-31 23:21:01');
INSERT INTO sales_item (sales_id, product_id, quantity, product_code, product_name, lot, unit_price, created_at, updated_at) VALUES (9068, 19, 1, 'MA0301', '마라 떡볶이 밀키트 매운맛 1,2인분', 'SE01-FA01-A1-MA0301-001374', 12000, '2025-12-31 23:21:01', '2025-12-31 23:21:01');
INSERT INTO sales_item (sales_id, product_id, quantity, product_code, product_name, lot, unit_price, created_at, updated_at) VALUES (9068, 19, 1, 'MA0301', '마라 떡볶이 밀키트 매운맛 1,2인분', 'SE01-FA01-A1-MA0301-001375', 12000, '2025-12-31 23:21:01', '2025-12-31 23:21:01');
INSERT INTO sales_item (sales_id, product_id, quantity, product_code, product_name, lot, unit_price, created_at, updated_at) VALUES (9068, 19, 1, 'MA0301', '마라 떡볶이 밀키트 매운맛 1,2인분', 'SE01-FA01-A1-MA0301-001376', 12000, '2025-12-31 23:21:01', '2025-12-31 23:21:01');
INSERT INTO sales_item (sales_id, product_id, quantity, product_code, product_name, lot, unit_price, created_at, updated_at) VALUES (9068, 19, 1, 'MA0301', '마라 떡볶이 밀키트 매운맛 1,2인분', 'SE01-FA01-A1-MA0301-001377', 12000, '2025-12-31 23:21:01', '2025-12-31 23:21:01');
INSERT INTO sales_item (sales_id, product_id, quantity, product_code, product_name, lot, unit_price, created_at, updated_at) VALUES (9068, 19, 1, 'MA0301', '마라 떡볶이 밀키트 매운맛 1,2인분', 'SE01-FA01-A1-MA0301-001378', 12000, '2025-12-31 23:21:01', '2025-12-31 23:21:01');
INSERT INTO sales_item (sales_id, product_id, quantity, product_code, product_name, lot, unit_price, created_at, updated_at) VALUES (9068, 19, 1, 'MA0301', '마라 떡볶이 밀키트 매운맛 1,2인분', 'SE01-FA01-A1-MA0301-001379', 12000, '2025-12-31 23:21:01', '2025-12-31 23:21:01');
INSERT INTO sales_item (sales_id, product_id, quantity, product_code, product_name, lot, unit_price, created_at, updated_at) VALUES (9068, 19, 1, 'MA0301', '마라 떡볶이 밀키트 매운맛 1,2인분', 'SE01-FA01-A1-MA0301-001380', 12000, '2025-12-31 23:21:01', '2025-12-31 23:21:01');

INSERT INTO franchise_order (franchise_order_id, franchise_id, order_code, user_id, address, requirement, order_status, total_quantity, total_amount, delivery_date, delivery_time, cancelled_reason, created_at, updated_at, version) VALUES (9069, 1, 'PO-20260113-070', 1001, '서울시 강남구 테스트로 1', '60~90일 과거 더미데이터', 'COMPLETED', 20, 440000, '2026-01-15 17:02:06', '09:00', NULL, '2026-01-13 13:02:06', '2026-01-15 17:02:06', 0);
INSERT INTO franchise_order_item (franchise_order_item_id, franchise_order_id, quantity, product_id, unit_price, total_price, created_at, updated_at) VALUES (9069, 9069, 20, 21, 22000, 440000, '2026-01-13 13:02:06', '2026-01-13 13:02:06');
INSERT INTO inventorylog (product_id, product_name, box_code, transaction_code, log_type, quantity, from_location_type, from_location_id, to_location_type, to_location_id, actor_type, actor_id, created_at, updated_at) VALUES (21, '마라 떡볶이 밀키트 순한맛 3,4인분', 'SE01-FA01-A1-MA0103-A04', 'PO-20260113-070', 'OUTBOUND', 20, 'FACTORY', 1, 'FRANCHISE', 1, 'FACTORY', 1, '2026-01-14 15:02:06', '2026-01-14 15:02:06');
INSERT INTO inventorylog (product_id, product_name, box_code, transaction_code, log_type, quantity, from_location_type, from_location_id, to_location_type, to_location_id, actor_type, actor_id, created_at, updated_at) VALUES (21, '마라 떡볶이 밀키트 순한맛 3,4인분', 'SE01-FA01-A1-MA0103-A04', 'PO-20260113-070', 'INBOUND', 20, 'FACTORY', 1, 'FRANCHISE', 1, 'FRANCHISE', 1, '2026-01-15 17:02:06', '2026-01-15 17:02:06');
INSERT INTO sales (sales_id, franchise_id, sales_code, quantity, total_amount, is_canceled, created_at, updated_at) VALUES (9069, 1, 'SL-20260116-070', 20, 440000, false, '2026-01-16 19:02:06', '2026-01-16 19:02:06');
INSERT INTO sales_item (sales_id, product_id, quantity, product_code, product_name, lot, unit_price, created_at, updated_at) VALUES (9069, 21, 1, 'MA0103', '마라 떡볶이 밀키트 순한맛 3,4인분', 'SE01-FA01-A1-MA0103-001381', 22000, '2026-01-16 19:02:06', '2026-01-16 19:02:06');
INSERT INTO sales_item (sales_id, product_id, quantity, product_code, product_name, lot, unit_price, created_at, updated_at) VALUES (9069, 21, 1, 'MA0103', '마라 떡볶이 밀키트 순한맛 3,4인분', 'SE01-FA01-A1-MA0103-001382', 22000, '2026-01-16 19:02:06', '2026-01-16 19:02:06');
INSERT INTO sales_item (sales_id, product_id, quantity, product_code, product_name, lot, unit_price, created_at, updated_at) VALUES (9069, 21, 1, 'MA0103', '마라 떡볶이 밀키트 순한맛 3,4인분', 'SE01-FA01-A1-MA0103-001383', 22000, '2026-01-16 19:02:06', '2026-01-16 19:02:06');
INSERT INTO sales_item (sales_id, product_id, quantity, product_code, product_name, lot, unit_price, created_at, updated_at) VALUES (9069, 21, 1, 'MA0103', '마라 떡볶이 밀키트 순한맛 3,4인분', 'SE01-FA01-A1-MA0103-001384', 22000, '2026-01-16 19:02:06', '2026-01-16 19:02:06');
INSERT INTO sales_item (sales_id, product_id, quantity, product_code, product_name, lot, unit_price, created_at, updated_at) VALUES (9069, 21, 1, 'MA0103', '마라 떡볶이 밀키트 순한맛 3,4인분', 'SE01-FA01-A1-MA0103-001385', 22000, '2026-01-16 19:02:06', '2026-01-16 19:02:06');
INSERT INTO sales_item (sales_id, product_id, quantity, product_code, product_name, lot, unit_price, created_at, updated_at) VALUES (9069, 21, 1, 'MA0103', '마라 떡볶이 밀키트 순한맛 3,4인분', 'SE01-FA01-A1-MA0103-001386', 22000, '2026-01-16 19:02:06', '2026-01-16 19:02:06');
INSERT INTO sales_item (sales_id, product_id, quantity, product_code, product_name, lot, unit_price, created_at, updated_at) VALUES (9069, 21, 1, 'MA0103', '마라 떡볶이 밀키트 순한맛 3,4인분', 'SE01-FA01-A1-MA0103-001387', 22000, '2026-01-16 19:02:06', '2026-01-16 19:02:06');
INSERT INTO sales_item (sales_id, product_id, quantity, product_code, product_name, lot, unit_price, created_at, updated_at) VALUES (9069, 21, 1, 'MA0103', '마라 떡볶이 밀키트 순한맛 3,4인분', 'SE01-FA01-A1-MA0103-001388', 22000, '2026-01-16 19:02:06', '2026-01-16 19:02:06');
INSERT INTO sales_item (sales_id, product_id, quantity, product_code, product_name, lot, unit_price, created_at, updated_at) VALUES (9069, 21, 1, 'MA0103', '마라 떡볶이 밀키트 순한맛 3,4인분', 'SE01-FA01-A1-MA0103-001389', 22000, '2026-01-16 19:02:06', '2026-01-16 19:02:06');
INSERT INTO sales_item (sales_id, product_id, quantity, product_code, product_name, lot, unit_price, created_at, updated_at) VALUES (9069, 21, 1, 'MA0103', '마라 떡볶이 밀키트 순한맛 3,4인분', 'SE01-FA01-A1-MA0103-001390', 22000, '2026-01-16 19:02:06', '2026-01-16 19:02:06');
INSERT INTO sales_item (sales_id, product_id, quantity, product_code, product_name, lot, unit_price, created_at, updated_at) VALUES (9069, 21, 1, 'MA0103', '마라 떡볶이 밀키트 순한맛 3,4인분', 'SE01-FA01-A1-MA0103-001391', 22000, '2026-01-16 19:02:06', '2026-01-16 19:02:06');
INSERT INTO sales_item (sales_id, product_id, quantity, product_code, product_name, lot, unit_price, created_at, updated_at) VALUES (9069, 21, 1, 'MA0103', '마라 떡볶이 밀키트 순한맛 3,4인분', 'SE01-FA01-A1-MA0103-001392', 22000, '2026-01-16 19:02:06', '2026-01-16 19:02:06');
INSERT INTO sales_item (sales_id, product_id, quantity, product_code, product_name, lot, unit_price, created_at, updated_at) VALUES (9069, 21, 1, 'MA0103', '마라 떡볶이 밀키트 순한맛 3,4인분', 'SE01-FA01-A1-MA0103-001393', 22000, '2026-01-16 19:02:06', '2026-01-16 19:02:06');
INSERT INTO sales_item (sales_id, product_id, quantity, product_code, product_name, lot, unit_price, created_at, updated_at) VALUES (9069, 21, 1, 'MA0103', '마라 떡볶이 밀키트 순한맛 3,4인분', 'SE01-FA01-A1-MA0103-001394', 22000, '2026-01-16 19:02:06', '2026-01-16 19:02:06');
INSERT INTO sales_item (sales_id, product_id, quantity, product_code, product_name, lot, unit_price, created_at, updated_at) VALUES (9069, 21, 1, 'MA0103', '마라 떡볶이 밀키트 순한맛 3,4인분', 'SE01-FA01-A1-MA0103-001395', 22000, '2026-01-16 19:02:06', '2026-01-16 19:02:06');
INSERT INTO sales_item (sales_id, product_id, quantity, product_code, product_name, lot, unit_price, created_at, updated_at) VALUES (9069, 21, 1, 'MA0103', '마라 떡볶이 밀키트 순한맛 3,4인분', 'SE01-FA01-A1-MA0103-001396', 22000, '2026-01-16 19:02:06', '2026-01-16 19:02:06');
INSERT INTO sales_item (sales_id, product_id, quantity, product_code, product_name, lot, unit_price, created_at, updated_at) VALUES (9069, 21, 1, 'MA0103', '마라 떡볶이 밀키트 순한맛 3,4인분', 'SE01-FA01-A1-MA0103-001397', 22000, '2026-01-16 19:02:06', '2026-01-16 19:02:06');
INSERT INTO sales_item (sales_id, product_id, quantity, product_code, product_name, lot, unit_price, created_at, updated_at) VALUES (9069, 21, 1, 'MA0103', '마라 떡볶이 밀키트 순한맛 3,4인분', 'SE01-FA01-A1-MA0103-001398', 22000, '2026-01-16 19:02:06', '2026-01-16 19:02:06');
INSERT INTO sales_item (sales_id, product_id, quantity, product_code, product_name, lot, unit_price, created_at, updated_at) VALUES (9069, 21, 1, 'MA0103', '마라 떡볶이 밀키트 순한맛 3,4인분', 'SE01-FA01-A1-MA0103-001399', 22000, '2026-01-16 19:02:06', '2026-01-16 19:02:06');
INSERT INTO sales_item (sales_id, product_id, quantity, product_code, product_name, lot, unit_price, created_at, updated_at) VALUES (9069, 21, 1, 'MA0103', '마라 떡볶이 밀키트 순한맛 3,4인분', 'SE01-FA01-A1-MA0103-001400', 22000, '2026-01-16 19:02:06', '2026-01-16 19:02:06');

INSERT INTO franchise_order (franchise_order_id, franchise_id, order_code, user_id, address, requirement, order_status, total_quantity, total_amount, delivery_date, delivery_time, cancelled_reason, created_at, updated_at, version) VALUES (9070, 1, 'PO-20260107-071', 1001, '서울시 강남구 테스트로 1', '60~90일 과거 더미데이터', 'COMPLETED', 20, 200000, '2026-01-09 18:27:38', '09:00', NULL, '2026-01-07 14:27:38', '2026-01-09 18:27:38', 0);
INSERT INTO franchise_order_item (franchise_order_item_id, franchise_order_id, quantity, product_id, unit_price, total_price, created_at, updated_at) VALUES (9070, 9070, 20, 1, 10000, 200000, '2026-01-07 14:27:38', '2026-01-07 14:27:38');
INSERT INTO inventorylog (product_id, product_name, box_code, transaction_code, log_type, quantity, from_location_type, from_location_id, to_location_type, to_location_id, actor_type, actor_id, created_at, updated_at) VALUES (1, '오리지널 떡볶이 밀키트 순한맛 1,2인분', 'SE01-FA01-A1-OR0101-A05', 'PO-20260107-071', 'OUTBOUND', 20, 'FACTORY', 1, 'FRANCHISE', 1, 'FACTORY', 1, '2026-01-08 16:27:38', '2026-01-08 16:27:38');
INSERT INTO inventorylog (product_id, product_name, box_code, transaction_code, log_type, quantity, from_location_type, from_location_id, to_location_type, to_location_id, actor_type, actor_id, created_at, updated_at) VALUES (1, '오리지널 떡볶이 밀키트 순한맛 1,2인분', 'SE01-FA01-A1-OR0101-A05', 'PO-20260107-071', 'INBOUND', 20, 'FACTORY', 1, 'FRANCHISE', 1, 'FRANCHISE', 1, '2026-01-09 18:27:38', '2026-01-09 18:27:38');
INSERT INTO sales (sales_id, franchise_id, sales_code, quantity, total_amount, is_canceled, created_at, updated_at) VALUES (9070, 1, 'SL-20260110-071', 20, 200000, false, '2026-01-10 20:27:38', '2026-01-10 20:27:38');
INSERT INTO sales_item (sales_id, product_id, quantity, product_code, product_name, lot, unit_price, created_at, updated_at) VALUES (9070, 1, 1, 'OR0101', '오리지널 떡볶이 밀키트 순한맛 1,2인분', 'SE01-FA01-A1-OR0101-001401', 10000, '2026-01-10 20:27:38', '2026-01-10 20:27:38');
INSERT INTO sales_item (sales_id, product_id, quantity, product_code, product_name, lot, unit_price, created_at, updated_at) VALUES (9070, 1, 1, 'OR0101', '오리지널 떡볶이 밀키트 순한맛 1,2인분', 'SE01-FA01-A1-OR0101-001402', 10000, '2026-01-10 20:27:38', '2026-01-10 20:27:38');
INSERT INTO sales_item (sales_id, product_id, quantity, product_code, product_name, lot, unit_price, created_at, updated_at) VALUES (9070, 1, 1, 'OR0101', '오리지널 떡볶이 밀키트 순한맛 1,2인분', 'SE01-FA01-A1-OR0101-001403', 10000, '2026-01-10 20:27:38', '2026-01-10 20:27:38');
INSERT INTO sales_item (sales_id, product_id, quantity, product_code, product_name, lot, unit_price, created_at, updated_at) VALUES (9070, 1, 1, 'OR0101', '오리지널 떡볶이 밀키트 순한맛 1,2인분', 'SE01-FA01-A1-OR0101-001404', 10000, '2026-01-10 20:27:38', '2026-01-10 20:27:38');
INSERT INTO sales_item (sales_id, product_id, quantity, product_code, product_name, lot, unit_price, created_at, updated_at) VALUES (9070, 1, 1, 'OR0101', '오리지널 떡볶이 밀키트 순한맛 1,2인분', 'SE01-FA01-A1-OR0101-001405', 10000, '2026-01-10 20:27:38', '2026-01-10 20:27:38');
INSERT INTO sales_item (sales_id, product_id, quantity, product_code, product_name, lot, unit_price, created_at, updated_at) VALUES (9070, 1, 1, 'OR0101', '오리지널 떡볶이 밀키트 순한맛 1,2인분', 'SE01-FA01-A1-OR0101-001406', 10000, '2026-01-10 20:27:38', '2026-01-10 20:27:38');
INSERT INTO sales_item (sales_id, product_id, quantity, product_code, product_name, lot, unit_price, created_at, updated_at) VALUES (9070, 1, 1, 'OR0101', '오리지널 떡볶이 밀키트 순한맛 1,2인분', 'SE01-FA01-A1-OR0101-001407', 10000, '2026-01-10 20:27:38', '2026-01-10 20:27:38');
INSERT INTO sales_item (sales_id, product_id, quantity, product_code, product_name, lot, unit_price, created_at, updated_at) VALUES (9070, 1, 1, 'OR0101', '오리지널 떡볶이 밀키트 순한맛 1,2인분', 'SE01-FA01-A1-OR0101-001408', 10000, '2026-01-10 20:27:38', '2026-01-10 20:27:38');
INSERT INTO sales_item (sales_id, product_id, quantity, product_code, product_name, lot, unit_price, created_at, updated_at) VALUES (9070, 1, 1, 'OR0101', '오리지널 떡볶이 밀키트 순한맛 1,2인분', 'SE01-FA01-A1-OR0101-001409', 10000, '2026-01-10 20:27:38', '2026-01-10 20:27:38');
INSERT INTO sales_item (sales_id, product_id, quantity, product_code, product_name, lot, unit_price, created_at, updated_at) VALUES (9070, 1, 1, 'OR0101', '오리지널 떡볶이 밀키트 순한맛 1,2인분', 'SE01-FA01-A1-OR0101-001410', 10000, '2026-01-10 20:27:38', '2026-01-10 20:27:38');
INSERT INTO sales_item (sales_id, product_id, quantity, product_code, product_name, lot, unit_price, created_at, updated_at) VALUES (9070, 1, 1, 'OR0101', '오리지널 떡볶이 밀키트 순한맛 1,2인분', 'SE01-FA01-A1-OR0101-001411', 10000, '2026-01-10 20:27:38', '2026-01-10 20:27:38');
INSERT INTO sales_item (sales_id, product_id, quantity, product_code, product_name, lot, unit_price, created_at, updated_at) VALUES (9070, 1, 1, 'OR0101', '오리지널 떡볶이 밀키트 순한맛 1,2인분', 'SE01-FA01-A1-OR0101-001412', 10000, '2026-01-10 20:27:38', '2026-01-10 20:27:38');
INSERT INTO sales_item (sales_id, product_id, quantity, product_code, product_name, lot, unit_price, created_at, updated_at) VALUES (9070, 1, 1, 'OR0101', '오리지널 떡볶이 밀키트 순한맛 1,2인분', 'SE01-FA01-A1-OR0101-001413', 10000, '2026-01-10 20:27:38', '2026-01-10 20:27:38');
INSERT INTO sales_item (sales_id, product_id, quantity, product_code, product_name, lot, unit_price, created_at, updated_at) VALUES (9070, 1, 1, 'OR0101', '오리지널 떡볶이 밀키트 순한맛 1,2인분', 'SE01-FA01-A1-OR0101-001414', 10000, '2026-01-10 20:27:38', '2026-01-10 20:27:38');
INSERT INTO sales_item (sales_id, product_id, quantity, product_code, product_name, lot, unit_price, created_at, updated_at) VALUES (9070, 1, 1, 'OR0101', '오리지널 떡볶이 밀키트 순한맛 1,2인분', 'SE01-FA01-A1-OR0101-001415', 10000, '2026-01-10 20:27:38', '2026-01-10 20:27:38');
INSERT INTO sales_item (sales_id, product_id, quantity, product_code, product_name, lot, unit_price, created_at, updated_at) VALUES (9070, 1, 1, 'OR0101', '오리지널 떡볶이 밀키트 순한맛 1,2인분', 'SE01-FA01-A1-OR0101-001416', 10000, '2026-01-10 20:27:38', '2026-01-10 20:27:38');
INSERT INTO sales_item (sales_id, product_id, quantity, product_code, product_name, lot, unit_price, created_at, updated_at) VALUES (9070, 1, 1, 'OR0101', '오리지널 떡볶이 밀키트 순한맛 1,2인분', 'SE01-FA01-A1-OR0101-001417', 10000, '2026-01-10 20:27:38', '2026-01-10 20:27:38');
INSERT INTO sales_item (sales_id, product_id, quantity, product_code, product_name, lot, unit_price, created_at, updated_at) VALUES (9070, 1, 1, 'OR0101', '오리지널 떡볶이 밀키트 순한맛 1,2인분', 'SE01-FA01-A1-OR0101-001418', 10000, '2026-01-10 20:27:38', '2026-01-10 20:27:38');
INSERT INTO sales_item (sales_id, product_id, quantity, product_code, product_name, lot, unit_price, created_at, updated_at) VALUES (9070, 1, 1, 'OR0101', '오리지널 떡볶이 밀키트 순한맛 1,2인분', 'SE01-FA01-A1-OR0101-001419', 10000, '2026-01-10 20:27:38', '2026-01-10 20:27:38');
INSERT INTO sales_item (sales_id, product_id, quantity, product_code, product_name, lot, unit_price, created_at, updated_at) VALUES (9070, 1, 1, 'OR0101', '오리지널 떡볶이 밀키트 순한맛 1,2인분', 'SE01-FA01-A1-OR0101-001420', 10000, '2026-01-10 20:27:38', '2026-01-10 20:27:38');

INSERT INTO franchise_order (franchise_order_id, franchise_id, order_code, user_id, address, requirement, order_status, total_quantity, total_amount, delivery_date, delivery_time, cancelled_reason, created_at, updated_at, version) VALUES (9071, 1, 'PO-20260106-072', 1001, '서울시 강남구 테스트로 1', '60~90일 과거 더미데이터', 'COMPLETED', 20, 440000, '2026-01-08 16:16:02', '09:00', NULL, '2026-01-06 12:16:02', '2026-01-08 16:16:02', 0);
INSERT INTO franchise_order_item (franchise_order_item_id, franchise_order_id, quantity, product_id, unit_price, total_price, created_at, updated_at) VALUES (9071, 9071, 20, 24, 22000, 440000, '2026-01-06 12:16:02', '2026-01-06 12:16:02');
INSERT INTO inventorylog (product_id, product_name, box_code, transaction_code, log_type, quantity, from_location_type, from_location_id, to_location_type, to_location_id, actor_type, actor_id, created_at, updated_at) VALUES (24, '마라 떡볶이 밀키트 아주매운맛 3,4인분', 'SE01-FA01-A1-MA0403-A03', 'PO-20260106-072', 'OUTBOUND', 20, 'FACTORY', 1, 'FRANCHISE', 1, 'FACTORY', 1, '2026-01-07 14:16:02', '2026-01-07 14:16:02');
INSERT INTO inventorylog (product_id, product_name, box_code, transaction_code, log_type, quantity, from_location_type, from_location_id, to_location_type, to_location_id, actor_type, actor_id, created_at, updated_at) VALUES (24, '마라 떡볶이 밀키트 아주매운맛 3,4인분', 'SE01-FA01-A1-MA0403-A03', 'PO-20260106-072', 'INBOUND', 20, 'FACTORY', 1, 'FRANCHISE', 1, 'FRANCHISE', 1, '2026-01-08 16:16:02', '2026-01-08 16:16:02');
INSERT INTO sales (sales_id, franchise_id, sales_code, quantity, total_amount, is_canceled, created_at, updated_at) VALUES (9071, 1, 'SL-20260109-072', 20, 440000, false, '2026-01-09 18:16:02', '2026-01-09 18:16:02');
INSERT INTO sales_item (sales_id, product_id, quantity, product_code, product_name, lot, unit_price, created_at, updated_at) VALUES (9071, 24, 1, 'MA0403', '마라 떡볶이 밀키트 아주매운맛 3,4인분', 'SE01-FA01-A1-MA0403-001421', 22000, '2026-01-09 18:16:02', '2026-01-09 18:16:02');
INSERT INTO sales_item (sales_id, product_id, quantity, product_code, product_name, lot, unit_price, created_at, updated_at) VALUES (9071, 24, 1, 'MA0403', '마라 떡볶이 밀키트 아주매운맛 3,4인분', 'SE01-FA01-A1-MA0403-001422', 22000, '2026-01-09 18:16:02', '2026-01-09 18:16:02');
INSERT INTO sales_item (sales_id, product_id, quantity, product_code, product_name, lot, unit_price, created_at, updated_at) VALUES (9071, 24, 1, 'MA0403', '마라 떡볶이 밀키트 아주매운맛 3,4인분', 'SE01-FA01-A1-MA0403-001423', 22000, '2026-01-09 18:16:02', '2026-01-09 18:16:02');
INSERT INTO sales_item (sales_id, product_id, quantity, product_code, product_name, lot, unit_price, created_at, updated_at) VALUES (9071, 24, 1, 'MA0403', '마라 떡볶이 밀키트 아주매운맛 3,4인분', 'SE01-FA01-A1-MA0403-001424', 22000, '2026-01-09 18:16:02', '2026-01-09 18:16:02');
INSERT INTO sales_item (sales_id, product_id, quantity, product_code, product_name, lot, unit_price, created_at, updated_at) VALUES (9071, 24, 1, 'MA0403', '마라 떡볶이 밀키트 아주매운맛 3,4인분', 'SE01-FA01-A1-MA0403-001425', 22000, '2026-01-09 18:16:02', '2026-01-09 18:16:02');
INSERT INTO sales_item (sales_id, product_id, quantity, product_code, product_name, lot, unit_price, created_at, updated_at) VALUES (9071, 24, 1, 'MA0403', '마라 떡볶이 밀키트 아주매운맛 3,4인분', 'SE01-FA01-A1-MA0403-001426', 22000, '2026-01-09 18:16:02', '2026-01-09 18:16:02');
INSERT INTO sales_item (sales_id, product_id, quantity, product_code, product_name, lot, unit_price, created_at, updated_at) VALUES (9071, 24, 1, 'MA0403', '마라 떡볶이 밀키트 아주매운맛 3,4인분', 'SE01-FA01-A1-MA0403-001427', 22000, '2026-01-09 18:16:02', '2026-01-09 18:16:02');
INSERT INTO sales_item (sales_id, product_id, quantity, product_code, product_name, lot, unit_price, created_at, updated_at) VALUES (9071, 24, 1, 'MA0403', '마라 떡볶이 밀키트 아주매운맛 3,4인분', 'SE01-FA01-A1-MA0403-001428', 22000, '2026-01-09 18:16:02', '2026-01-09 18:16:02');
INSERT INTO sales_item (sales_id, product_id, quantity, product_code, product_name, lot, unit_price, created_at, updated_at) VALUES (9071, 24, 1, 'MA0403', '마라 떡볶이 밀키트 아주매운맛 3,4인분', 'SE01-FA01-A1-MA0403-001429', 22000, '2026-01-09 18:16:02', '2026-01-09 18:16:02');
INSERT INTO sales_item (sales_id, product_id, quantity, product_code, product_name, lot, unit_price, created_at, updated_at) VALUES (9071, 24, 1, 'MA0403', '마라 떡볶이 밀키트 아주매운맛 3,4인분', 'SE01-FA01-A1-MA0403-001430', 22000, '2026-01-09 18:16:02', '2026-01-09 18:16:02');
INSERT INTO sales_item (sales_id, product_id, quantity, product_code, product_name, lot, unit_price, created_at, updated_at) VALUES (9071, 24, 1, 'MA0403', '마라 떡볶이 밀키트 아주매운맛 3,4인분', 'SE01-FA01-A1-MA0403-001431', 22000, '2026-01-09 18:16:02', '2026-01-09 18:16:02');
INSERT INTO sales_item (sales_id, product_id, quantity, product_code, product_name, lot, unit_price, created_at, updated_at) VALUES (9071, 24, 1, 'MA0403', '마라 떡볶이 밀키트 아주매운맛 3,4인분', 'SE01-FA01-A1-MA0403-001432', 22000, '2026-01-09 18:16:02', '2026-01-09 18:16:02');
INSERT INTO sales_item (sales_id, product_id, quantity, product_code, product_name, lot, unit_price, created_at, updated_at) VALUES (9071, 24, 1, 'MA0403', '마라 떡볶이 밀키트 아주매운맛 3,4인분', 'SE01-FA01-A1-MA0403-001433', 22000, '2026-01-09 18:16:02', '2026-01-09 18:16:02');
INSERT INTO sales_item (sales_id, product_id, quantity, product_code, product_name, lot, unit_price, created_at, updated_at) VALUES (9071, 24, 1, 'MA0403', '마라 떡볶이 밀키트 아주매운맛 3,4인분', 'SE01-FA01-A1-MA0403-001434', 22000, '2026-01-09 18:16:02', '2026-01-09 18:16:02');
INSERT INTO sales_item (sales_id, product_id, quantity, product_code, product_name, lot, unit_price, created_at, updated_at) VALUES (9071, 24, 1, 'MA0403', '마라 떡볶이 밀키트 아주매운맛 3,4인분', 'SE01-FA01-A1-MA0403-001435', 22000, '2026-01-09 18:16:02', '2026-01-09 18:16:02');
INSERT INTO sales_item (sales_id, product_id, quantity, product_code, product_name, lot, unit_price, created_at, updated_at) VALUES (9071, 24, 1, 'MA0403', '마라 떡볶이 밀키트 아주매운맛 3,4인분', 'SE01-FA01-A1-MA0403-001436', 22000, '2026-01-09 18:16:02', '2026-01-09 18:16:02');
INSERT INTO sales_item (sales_id, product_id, quantity, product_code, product_name, lot, unit_price, created_at, updated_at) VALUES (9071, 24, 1, 'MA0403', '마라 떡볶이 밀키트 아주매운맛 3,4인분', 'SE01-FA01-A1-MA0403-001437', 22000, '2026-01-09 18:16:02', '2026-01-09 18:16:02');
INSERT INTO sales_item (sales_id, product_id, quantity, product_code, product_name, lot, unit_price, created_at, updated_at) VALUES (9071, 24, 1, 'MA0403', '마라 떡볶이 밀키트 아주매운맛 3,4인분', 'SE01-FA01-A1-MA0403-001438', 22000, '2026-01-09 18:16:02', '2026-01-09 18:16:02');
INSERT INTO sales_item (sales_id, product_id, quantity, product_code, product_name, lot, unit_price, created_at, updated_at) VALUES (9071, 24, 1, 'MA0403', '마라 떡볶이 밀키트 아주매운맛 3,4인분', 'SE01-FA01-A1-MA0403-001439', 22000, '2026-01-09 18:16:02', '2026-01-09 18:16:02');
INSERT INTO sales_item (sales_id, product_id, quantity, product_code, product_name, lot, unit_price, created_at, updated_at) VALUES (9071, 24, 1, 'MA0403', '마라 떡볶이 밀키트 아주매운맛 3,4인분', 'SE01-FA01-A1-MA0403-001440', 22000, '2026-01-09 18:16:02', '2026-01-09 18:16:02');

INSERT INTO franchise_order (franchise_order_id, franchise_id, order_code, user_id, address, requirement, order_status, total_quantity, total_amount, delivery_date, delivery_time, cancelled_reason, created_at, updated_at, version) VALUES (9072, 1, 'PO-20260118-073', 1001, '서울시 강남구 테스트로 1', '60~90일 과거 더미데이터', 'COMPLETED', 20, 240000, '2026-01-20 21:59:51', '09:00', NULL, '2026-01-18 17:59:51', '2026-01-20 21:59:51', 0);
INSERT INTO franchise_order_item (franchise_order_item_id, franchise_order_id, quantity, product_id, unit_price, total_price, created_at, updated_at) VALUES (9072, 9072, 20, 10, 12000, 240000, '2026-01-18 17:59:51', '2026-01-18 17:59:51');
INSERT INTO inventorylog (product_id, product_name, box_code, transaction_code, log_type, quantity, from_location_type, from_location_id, to_location_type, to_location_id, actor_type, actor_id, created_at, updated_at) VALUES (10, '로제 떡볶이 밀키트 기본맛 1,2인분', 'SE01-FA01-A1-RO0201-A03', 'PO-20260118-073', 'OUTBOUND', 20, 'FACTORY', 1, 'FRANCHISE', 1, 'FACTORY', 1, '2026-01-19 19:59:51', '2026-01-19 19:59:51');
INSERT INTO inventorylog (product_id, product_name, box_code, transaction_code, log_type, quantity, from_location_type, from_location_id, to_location_type, to_location_id, actor_type, actor_id, created_at, updated_at) VALUES (10, '로제 떡볶이 밀키트 기본맛 1,2인분', 'SE01-FA01-A1-RO0201-A03', 'PO-20260118-073', 'INBOUND', 20, 'FACTORY', 1, 'FRANCHISE', 1, 'FRANCHISE', 1, '2026-01-20 21:59:51', '2026-01-20 21:59:51');
INSERT INTO sales (sales_id, franchise_id, sales_code, quantity, total_amount, is_canceled, created_at, updated_at) VALUES (9072, 1, 'SL-20260121-073', 20, 240000, false, '2026-01-21 23:59:51', '2026-01-21 23:59:51');
INSERT INTO sales_item (sales_id, product_id, quantity, product_code, product_name, lot, unit_price, created_at, updated_at) VALUES (9072, 10, 1, 'RO0201', '로제 떡볶이 밀키트 기본맛 1,2인분', 'SE01-FA01-A1-RO0201-001441', 12000, '2026-01-21 23:59:51', '2026-01-21 23:59:51');
INSERT INTO sales_item (sales_id, product_id, quantity, product_code, product_name, lot, unit_price, created_at, updated_at) VALUES (9072, 10, 1, 'RO0201', '로제 떡볶이 밀키트 기본맛 1,2인분', 'SE01-FA01-A1-RO0201-001442', 12000, '2026-01-21 23:59:51', '2026-01-21 23:59:51');
INSERT INTO sales_item (sales_id, product_id, quantity, product_code, product_name, lot, unit_price, created_at, updated_at) VALUES (9072, 10, 1, 'RO0201', '로제 떡볶이 밀키트 기본맛 1,2인분', 'SE01-FA01-A1-RO0201-001443', 12000, '2026-01-21 23:59:51', '2026-01-21 23:59:51');
INSERT INTO sales_item (sales_id, product_id, quantity, product_code, product_name, lot, unit_price, created_at, updated_at) VALUES (9072, 10, 1, 'RO0201', '로제 떡볶이 밀키트 기본맛 1,2인분', 'SE01-FA01-A1-RO0201-001444', 12000, '2026-01-21 23:59:51', '2026-01-21 23:59:51');
INSERT INTO sales_item (sales_id, product_id, quantity, product_code, product_name, lot, unit_price, created_at, updated_at) VALUES (9072, 10, 1, 'RO0201', '로제 떡볶이 밀키트 기본맛 1,2인분', 'SE01-FA01-A1-RO0201-001445', 12000, '2026-01-21 23:59:51', '2026-01-21 23:59:51');
INSERT INTO sales_item (sales_id, product_id, quantity, product_code, product_name, lot, unit_price, created_at, updated_at) VALUES (9072, 10, 1, 'RO0201', '로제 떡볶이 밀키트 기본맛 1,2인분', 'SE01-FA01-A1-RO0201-001446', 12000, '2026-01-21 23:59:51', '2026-01-21 23:59:51');
INSERT INTO sales_item (sales_id, product_id, quantity, product_code, product_name, lot, unit_price, created_at, updated_at) VALUES (9072, 10, 1, 'RO0201', '로제 떡볶이 밀키트 기본맛 1,2인분', 'SE01-FA01-A1-RO0201-001447', 12000, '2026-01-21 23:59:51', '2026-01-21 23:59:51');
INSERT INTO sales_item (sales_id, product_id, quantity, product_code, product_name, lot, unit_price, created_at, updated_at) VALUES (9072, 10, 1, 'RO0201', '로제 떡볶이 밀키트 기본맛 1,2인분', 'SE01-FA01-A1-RO0201-001448', 12000, '2026-01-21 23:59:51', '2026-01-21 23:59:51');
INSERT INTO sales_item (sales_id, product_id, quantity, product_code, product_name, lot, unit_price, created_at, updated_at) VALUES (9072, 10, 1, 'RO0201', '로제 떡볶이 밀키트 기본맛 1,2인분', 'SE01-FA01-A1-RO0201-001449', 12000, '2026-01-21 23:59:51', '2026-01-21 23:59:51');
INSERT INTO sales_item (sales_id, product_id, quantity, product_code, product_name, lot, unit_price, created_at, updated_at) VALUES (9072, 10, 1, 'RO0201', '로제 떡볶이 밀키트 기본맛 1,2인분', 'SE01-FA01-A1-RO0201-001450', 12000, '2026-01-21 23:59:51', '2026-01-21 23:59:51');
INSERT INTO sales_item (sales_id, product_id, quantity, product_code, product_name, lot, unit_price, created_at, updated_at) VALUES (9072, 10, 1, 'RO0201', '로제 떡볶이 밀키트 기본맛 1,2인분', 'SE01-FA01-A1-RO0201-001451', 12000, '2026-01-21 23:59:51', '2026-01-21 23:59:51');
INSERT INTO sales_item (sales_id, product_id, quantity, product_code, product_name, lot, unit_price, created_at, updated_at) VALUES (9072, 10, 1, 'RO0201', '로제 떡볶이 밀키트 기본맛 1,2인분', 'SE01-FA01-A1-RO0201-001452', 12000, '2026-01-21 23:59:51', '2026-01-21 23:59:51');
INSERT INTO sales_item (sales_id, product_id, quantity, product_code, product_name, lot, unit_price, created_at, updated_at) VALUES (9072, 10, 1, 'RO0201', '로제 떡볶이 밀키트 기본맛 1,2인분', 'SE01-FA01-A1-RO0201-001453', 12000, '2026-01-21 23:59:51', '2026-01-21 23:59:51');
INSERT INTO sales_item (sales_id, product_id, quantity, product_code, product_name, lot, unit_price, created_at, updated_at) VALUES (9072, 10, 1, 'RO0201', '로제 떡볶이 밀키트 기본맛 1,2인분', 'SE01-FA01-A1-RO0201-001454', 12000, '2026-01-21 23:59:51', '2026-01-21 23:59:51');
INSERT INTO sales_item (sales_id, product_id, quantity, product_code, product_name, lot, unit_price, created_at, updated_at) VALUES (9072, 10, 1, 'RO0201', '로제 떡볶이 밀키트 기본맛 1,2인분', 'SE01-FA01-A1-RO0201-001455', 12000, '2026-01-21 23:59:51', '2026-01-21 23:59:51');
INSERT INTO sales_item (sales_id, product_id, quantity, product_code, product_name, lot, unit_price, created_at, updated_at) VALUES (9072, 10, 1, 'RO0201', '로제 떡볶이 밀키트 기본맛 1,2인분', 'SE01-FA01-A1-RO0201-001456', 12000, '2026-01-21 23:59:51', '2026-01-21 23:59:51');
INSERT INTO sales_item (sales_id, product_id, quantity, product_code, product_name, lot, unit_price, created_at, updated_at) VALUES (9072, 10, 1, 'RO0201', '로제 떡볶이 밀키트 기본맛 1,2인분', 'SE01-FA01-A1-RO0201-001457', 12000, '2026-01-21 23:59:51', '2026-01-21 23:59:51');
INSERT INTO sales_item (sales_id, product_id, quantity, product_code, product_name, lot, unit_price, created_at, updated_at) VALUES (9072, 10, 1, 'RO0201', '로제 떡볶이 밀키트 기본맛 1,2인분', 'SE01-FA01-A1-RO0201-001458', 12000, '2026-01-21 23:59:51', '2026-01-21 23:59:51');
INSERT INTO sales_item (sales_id, product_id, quantity, product_code, product_name, lot, unit_price, created_at, updated_at) VALUES (9072, 10, 1, 'RO0201', '로제 떡볶이 밀키트 기본맛 1,2인분', 'SE01-FA01-A1-RO0201-001459', 12000, '2026-01-21 23:59:51', '2026-01-21 23:59:51');
INSERT INTO sales_item (sales_id, product_id, quantity, product_code, product_name, lot, unit_price, created_at, updated_at) VALUES (9072, 10, 1, 'RO0201', '로제 떡볶이 밀키트 기본맛 1,2인분', 'SE01-FA01-A1-RO0201-001460', 12000, '2026-01-21 23:59:51', '2026-01-21 23:59:51');

INSERT INTO franchise_order (franchise_order_id, franchise_id, order_code, user_id, address, requirement, order_status, total_quantity, total_amount, delivery_date, delivery_time, cancelled_reason, created_at, updated_at, version) VALUES (9073, 1, 'PO-20260107-074', 1001, '서울시 강남구 테스트로 1', '60~90일 과거 더미데이터', 'COMPLETED', 20, 440000, '2026-01-09 19:04:42', '09:00', NULL, '2026-01-07 15:04:42', '2026-01-09 19:04:42', 0);
INSERT INTO franchise_order_item (franchise_order_item_id, franchise_order_id, quantity, product_id, unit_price, total_price, created_at, updated_at) VALUES (9073, 9073, 20, 22, 22000, 440000, '2026-01-07 15:04:42', '2026-01-07 15:04:42');
INSERT INTO inventorylog (product_id, product_name, box_code, transaction_code, log_type, quantity, from_location_type, from_location_id, to_location_type, to_location_id, actor_type, actor_id, created_at, updated_at) VALUES (22, '마라 떡볶이 밀키트 기본맛 3,4인분', 'SE01-FA01-A1-MA0203-A03', 'PO-20260107-074', 'OUTBOUND', 20, 'FACTORY', 1, 'FRANCHISE', 1, 'FACTORY', 1, '2026-01-08 17:04:42', '2026-01-08 17:04:42');
INSERT INTO inventorylog (product_id, product_name, box_code, transaction_code, log_type, quantity, from_location_type, from_location_id, to_location_type, to_location_id, actor_type, actor_id, created_at, updated_at) VALUES (22, '마라 떡볶이 밀키트 기본맛 3,4인분', 'SE01-FA01-A1-MA0203-A03', 'PO-20260107-074', 'INBOUND', 20, 'FACTORY', 1, 'FRANCHISE', 1, 'FRANCHISE', 1, '2026-01-09 19:04:42', '2026-01-09 19:04:42');
INSERT INTO sales (sales_id, franchise_id, sales_code, quantity, total_amount, is_canceled, created_at, updated_at) VALUES (9073, 1, 'SL-20260110-074', 20, 440000, false, '2026-01-10 21:04:42', '2026-01-10 21:04:42');
INSERT INTO sales_item (sales_id, product_id, quantity, product_code, product_name, lot, unit_price, created_at, updated_at) VALUES (9073, 22, 1, 'MA0203', '마라 떡볶이 밀키트 기본맛 3,4인분', 'SE01-FA01-A1-MA0203-001461', 22000, '2026-01-10 21:04:42', '2026-01-10 21:04:42');
INSERT INTO sales_item (sales_id, product_id, quantity, product_code, product_name, lot, unit_price, created_at, updated_at) VALUES (9073, 22, 1, 'MA0203', '마라 떡볶이 밀키트 기본맛 3,4인분', 'SE01-FA01-A1-MA0203-001462', 22000, '2026-01-10 21:04:42', '2026-01-10 21:04:42');
INSERT INTO sales_item (sales_id, product_id, quantity, product_code, product_name, lot, unit_price, created_at, updated_at) VALUES (9073, 22, 1, 'MA0203', '마라 떡볶이 밀키트 기본맛 3,4인분', 'SE01-FA01-A1-MA0203-001463', 22000, '2026-01-10 21:04:42', '2026-01-10 21:04:42');
INSERT INTO sales_item (sales_id, product_id, quantity, product_code, product_name, lot, unit_price, created_at, updated_at) VALUES (9073, 22, 1, 'MA0203', '마라 떡볶이 밀키트 기본맛 3,4인분', 'SE01-FA01-A1-MA0203-001464', 22000, '2026-01-10 21:04:42', '2026-01-10 21:04:42');
INSERT INTO sales_item (sales_id, product_id, quantity, product_code, product_name, lot, unit_price, created_at, updated_at) VALUES (9073, 22, 1, 'MA0203', '마라 떡볶이 밀키트 기본맛 3,4인분', 'SE01-FA01-A1-MA0203-001465', 22000, '2026-01-10 21:04:42', '2026-01-10 21:04:42');
INSERT INTO sales_item (sales_id, product_id, quantity, product_code, product_name, lot, unit_price, created_at, updated_at) VALUES (9073, 22, 1, 'MA0203', '마라 떡볶이 밀키트 기본맛 3,4인분', 'SE01-FA01-A1-MA0203-001466', 22000, '2026-01-10 21:04:42', '2026-01-10 21:04:42');
INSERT INTO sales_item (sales_id, product_id, quantity, product_code, product_name, lot, unit_price, created_at, updated_at) VALUES (9073, 22, 1, 'MA0203', '마라 떡볶이 밀키트 기본맛 3,4인분', 'SE01-FA01-A1-MA0203-001467', 22000, '2026-01-10 21:04:42', '2026-01-10 21:04:42');
INSERT INTO sales_item (sales_id, product_id, quantity, product_code, product_name, lot, unit_price, created_at, updated_at) VALUES (9073, 22, 1, 'MA0203', '마라 떡볶이 밀키트 기본맛 3,4인분', 'SE01-FA01-A1-MA0203-001468', 22000, '2026-01-10 21:04:42', '2026-01-10 21:04:42');
INSERT INTO sales_item (sales_id, product_id, quantity, product_code, product_name, lot, unit_price, created_at, updated_at) VALUES (9073, 22, 1, 'MA0203', '마라 떡볶이 밀키트 기본맛 3,4인분', 'SE01-FA01-A1-MA0203-001469', 22000, '2026-01-10 21:04:42', '2026-01-10 21:04:42');
INSERT INTO sales_item (sales_id, product_id, quantity, product_code, product_name, lot, unit_price, created_at, updated_at) VALUES (9073, 22, 1, 'MA0203', '마라 떡볶이 밀키트 기본맛 3,4인분', 'SE01-FA01-A1-MA0203-001470', 22000, '2026-01-10 21:04:42', '2026-01-10 21:04:42');
INSERT INTO sales_item (sales_id, product_id, quantity, product_code, product_name, lot, unit_price, created_at, updated_at) VALUES (9073, 22, 1, 'MA0203', '마라 떡볶이 밀키트 기본맛 3,4인분', 'SE01-FA01-A1-MA0203-001471', 22000, '2026-01-10 21:04:42', '2026-01-10 21:04:42');
INSERT INTO sales_item (sales_id, product_id, quantity, product_code, product_name, lot, unit_price, created_at, updated_at) VALUES (9073, 22, 1, 'MA0203', '마라 떡볶이 밀키트 기본맛 3,4인분', 'SE01-FA01-A1-MA0203-001472', 22000, '2026-01-10 21:04:42', '2026-01-10 21:04:42');
INSERT INTO sales_item (sales_id, product_id, quantity, product_code, product_name, lot, unit_price, created_at, updated_at) VALUES (9073, 22, 1, 'MA0203', '마라 떡볶이 밀키트 기본맛 3,4인분', 'SE01-FA01-A1-MA0203-001473', 22000, '2026-01-10 21:04:42', '2026-01-10 21:04:42');
INSERT INTO sales_item (sales_id, product_id, quantity, product_code, product_name, lot, unit_price, created_at, updated_at) VALUES (9073, 22, 1, 'MA0203', '마라 떡볶이 밀키트 기본맛 3,4인분', 'SE01-FA01-A1-MA0203-001474', 22000, '2026-01-10 21:04:42', '2026-01-10 21:04:42');
INSERT INTO sales_item (sales_id, product_id, quantity, product_code, product_name, lot, unit_price, created_at, updated_at) VALUES (9073, 22, 1, 'MA0203', '마라 떡볶이 밀키트 기본맛 3,4인분', 'SE01-FA01-A1-MA0203-001475', 22000, '2026-01-10 21:04:42', '2026-01-10 21:04:42');
INSERT INTO sales_item (sales_id, product_id, quantity, product_code, product_name, lot, unit_price, created_at, updated_at) VALUES (9073, 22, 1, 'MA0203', '마라 떡볶이 밀키트 기본맛 3,4인분', 'SE01-FA01-A1-MA0203-001476', 22000, '2026-01-10 21:04:42', '2026-01-10 21:04:42');
INSERT INTO sales_item (sales_id, product_id, quantity, product_code, product_name, lot, unit_price, created_at, updated_at) VALUES (9073, 22, 1, 'MA0203', '마라 떡볶이 밀키트 기본맛 3,4인분', 'SE01-FA01-A1-MA0203-001477', 22000, '2026-01-10 21:04:42', '2026-01-10 21:04:42');
INSERT INTO sales_item (sales_id, product_id, quantity, product_code, product_name, lot, unit_price, created_at, updated_at) VALUES (9073, 22, 1, 'MA0203', '마라 떡볶이 밀키트 기본맛 3,4인분', 'SE01-FA01-A1-MA0203-001478', 22000, '2026-01-10 21:04:42', '2026-01-10 21:04:42');
INSERT INTO sales_item (sales_id, product_id, quantity, product_code, product_name, lot, unit_price, created_at, updated_at) VALUES (9073, 22, 1, 'MA0203', '마라 떡볶이 밀키트 기본맛 3,4인분', 'SE01-FA01-A1-MA0203-001479', 22000, '2026-01-10 21:04:42', '2026-01-10 21:04:42');
INSERT INTO sales_item (sales_id, product_id, quantity, product_code, product_name, lot, unit_price, created_at, updated_at) VALUES (9073, 22, 1, 'MA0203', '마라 떡볶이 밀키트 기본맛 3,4인분', 'SE01-FA01-A1-MA0203-001480', 22000, '2026-01-10 21:04:42', '2026-01-10 21:04:42');

INSERT INTO franchise_order (franchise_order_id, franchise_id, order_code, user_id, address, requirement, order_status, total_quantity, total_amount, delivery_date, delivery_time, cancelled_reason, created_at, updated_at, version) VALUES (9074, 1, 'PO-20251228-075', 1001, '서울시 강남구 테스트로 1', '60~90일 과거 더미데이터', 'COMPLETED', 20, 360000, '2025-12-30 14:46:57', '09:00', NULL, '2025-12-28 10:46:57', '2025-12-30 14:46:57', 0);
INSERT INTO franchise_order_item (franchise_order_item_id, franchise_order_id, quantity, product_id, unit_price, total_price, created_at, updated_at) VALUES (9074, 9074, 20, 6, 18000, 360000, '2025-12-28 10:46:57', '2025-12-28 10:46:57');
INSERT INTO inventorylog (product_id, product_name, box_code, transaction_code, log_type, quantity, from_location_type, from_location_id, to_location_type, to_location_id, actor_type, actor_id, created_at, updated_at) VALUES (6, '오리지널 떡볶이 밀키트 기본맛 3,4인분', 'SE01-FA01-A1-OR0203-A02', 'PO-20251228-075', 'OUTBOUND', 20, 'FACTORY', 1, 'FRANCHISE', 1, 'FACTORY', 1, '2025-12-29 12:46:57', '2025-12-29 12:46:57');
INSERT INTO inventorylog (product_id, product_name, box_code, transaction_code, log_type, quantity, from_location_type, from_location_id, to_location_type, to_location_id, actor_type, actor_id, created_at, updated_at) VALUES (6, '오리지널 떡볶이 밀키트 기본맛 3,4인분', 'SE01-FA01-A1-OR0203-A02', 'PO-20251228-075', 'INBOUND', 20, 'FACTORY', 1, 'FRANCHISE', 1, 'FRANCHISE', 1, '2025-12-30 14:46:57', '2025-12-30 14:46:57');
INSERT INTO sales (sales_id, franchise_id, sales_code, quantity, total_amount, is_canceled, created_at, updated_at) VALUES (9074, 1, 'SL-20251231-075', 20, 360000, false, '2025-12-31 16:46:57', '2025-12-31 16:46:57');
INSERT INTO sales_item (sales_id, product_id, quantity, product_code, product_name, lot, unit_price, created_at, updated_at) VALUES (9074, 6, 1, 'OR0203', '오리지널 떡볶이 밀키트 기본맛 3,4인분', 'SE01-FA01-A1-OR0203-001481', 18000, '2025-12-31 16:46:57', '2025-12-31 16:46:57');
INSERT INTO sales_item (sales_id, product_id, quantity, product_code, product_name, lot, unit_price, created_at, updated_at) VALUES (9074, 6, 1, 'OR0203', '오리지널 떡볶이 밀키트 기본맛 3,4인분', 'SE01-FA01-A1-OR0203-001482', 18000, '2025-12-31 16:46:57', '2025-12-31 16:46:57');
INSERT INTO sales_item (sales_id, product_id, quantity, product_code, product_name, lot, unit_price, created_at, updated_at) VALUES (9074, 6, 1, 'OR0203', '오리지널 떡볶이 밀키트 기본맛 3,4인분', 'SE01-FA01-A1-OR0203-001483', 18000, '2025-12-31 16:46:57', '2025-12-31 16:46:57');
INSERT INTO sales_item (sales_id, product_id, quantity, product_code, product_name, lot, unit_price, created_at, updated_at) VALUES (9074, 6, 1, 'OR0203', '오리지널 떡볶이 밀키트 기본맛 3,4인분', 'SE01-FA01-A1-OR0203-001484', 18000, '2025-12-31 16:46:57', '2025-12-31 16:46:57');
INSERT INTO sales_item (sales_id, product_id, quantity, product_code, product_name, lot, unit_price, created_at, updated_at) VALUES (9074, 6, 1, 'OR0203', '오리지널 떡볶이 밀키트 기본맛 3,4인분', 'SE01-FA01-A1-OR0203-001485', 18000, '2025-12-31 16:46:57', '2025-12-31 16:46:57');
INSERT INTO sales_item (sales_id, product_id, quantity, product_code, product_name, lot, unit_price, created_at, updated_at) VALUES (9074, 6, 1, 'OR0203', '오리지널 떡볶이 밀키트 기본맛 3,4인분', 'SE01-FA01-A1-OR0203-001486', 18000, '2025-12-31 16:46:57', '2025-12-31 16:46:57');
INSERT INTO sales_item (sales_id, product_id, quantity, product_code, product_name, lot, unit_price, created_at, updated_at) VALUES (9074, 6, 1, 'OR0203', '오리지널 떡볶이 밀키트 기본맛 3,4인분', 'SE01-FA01-A1-OR0203-001487', 18000, '2025-12-31 16:46:57', '2025-12-31 16:46:57');
INSERT INTO sales_item (sales_id, product_id, quantity, product_code, product_name, lot, unit_price, created_at, updated_at) VALUES (9074, 6, 1, 'OR0203', '오리지널 떡볶이 밀키트 기본맛 3,4인분', 'SE01-FA01-A1-OR0203-001488', 18000, '2025-12-31 16:46:57', '2025-12-31 16:46:57');
INSERT INTO sales_item (sales_id, product_id, quantity, product_code, product_name, lot, unit_price, created_at, updated_at) VALUES (9074, 6, 1, 'OR0203', '오리지널 떡볶이 밀키트 기본맛 3,4인분', 'SE01-FA01-A1-OR0203-001489', 18000, '2025-12-31 16:46:57', '2025-12-31 16:46:57');
INSERT INTO sales_item (sales_id, product_id, quantity, product_code, product_name, lot, unit_price, created_at, updated_at) VALUES (9074, 6, 1, 'OR0203', '오리지널 떡볶이 밀키트 기본맛 3,4인분', 'SE01-FA01-A1-OR0203-001490', 18000, '2025-12-31 16:46:57', '2025-12-31 16:46:57');
INSERT INTO sales_item (sales_id, product_id, quantity, product_code, product_name, lot, unit_price, created_at, updated_at) VALUES (9074, 6, 1, 'OR0203', '오리지널 떡볶이 밀키트 기본맛 3,4인분', 'SE01-FA01-A1-OR0203-001491', 18000, '2025-12-31 16:46:57', '2025-12-31 16:46:57');
INSERT INTO sales_item (sales_id, product_id, quantity, product_code, product_name, lot, unit_price, created_at, updated_at) VALUES (9074, 6, 1, 'OR0203', '오리지널 떡볶이 밀키트 기본맛 3,4인분', 'SE01-FA01-A1-OR0203-001492', 18000, '2025-12-31 16:46:57', '2025-12-31 16:46:57');
INSERT INTO sales_item (sales_id, product_id, quantity, product_code, product_name, lot, unit_price, created_at, updated_at) VALUES (9074, 6, 1, 'OR0203', '오리지널 떡볶이 밀키트 기본맛 3,4인분', 'SE01-FA01-A1-OR0203-001493', 18000, '2025-12-31 16:46:57', '2025-12-31 16:46:57');
INSERT INTO sales_item (sales_id, product_id, quantity, product_code, product_name, lot, unit_price, created_at, updated_at) VALUES (9074, 6, 1, 'OR0203', '오리지널 떡볶이 밀키트 기본맛 3,4인분', 'SE01-FA01-A1-OR0203-001494', 18000, '2025-12-31 16:46:57', '2025-12-31 16:46:57');
INSERT INTO sales_item (sales_id, product_id, quantity, product_code, product_name, lot, unit_price, created_at, updated_at) VALUES (9074, 6, 1, 'OR0203', '오리지널 떡볶이 밀키트 기본맛 3,4인분', 'SE01-FA01-A1-OR0203-001495', 18000, '2025-12-31 16:46:57', '2025-12-31 16:46:57');
INSERT INTO sales_item (sales_id, product_id, quantity, product_code, product_name, lot, unit_price, created_at, updated_at) VALUES (9074, 6, 1, 'OR0203', '오리지널 떡볶이 밀키트 기본맛 3,4인분', 'SE01-FA01-A1-OR0203-001496', 18000, '2025-12-31 16:46:57', '2025-12-31 16:46:57');
INSERT INTO sales_item (sales_id, product_id, quantity, product_code, product_name, lot, unit_price, created_at, updated_at) VALUES (9074, 6, 1, 'OR0203', '오리지널 떡볶이 밀키트 기본맛 3,4인분', 'SE01-FA01-A1-OR0203-001497', 18000, '2025-12-31 16:46:57', '2025-12-31 16:46:57');
INSERT INTO sales_item (sales_id, product_id, quantity, product_code, product_name, lot, unit_price, created_at, updated_at) VALUES (9074, 6, 1, 'OR0203', '오리지널 떡볶이 밀키트 기본맛 3,4인분', 'SE01-FA01-A1-OR0203-001498', 18000, '2025-12-31 16:46:57', '2025-12-31 16:46:57');
INSERT INTO sales_item (sales_id, product_id, quantity, product_code, product_name, lot, unit_price, created_at, updated_at) VALUES (9074, 6, 1, 'OR0203', '오리지널 떡볶이 밀키트 기본맛 3,4인분', 'SE01-FA01-A1-OR0203-001499', 18000, '2025-12-31 16:46:57', '2025-12-31 16:46:57');
INSERT INTO sales_item (sales_id, product_id, quantity, product_code, product_name, lot, unit_price, created_at, updated_at) VALUES (9074, 6, 1, 'OR0203', '오리지널 떡볶이 밀키트 기본맛 3,4인분', 'SE01-FA01-A1-OR0203-001500', 18000, '2025-12-31 16:46:57', '2025-12-31 16:46:57');

INSERT INTO franchise_order (franchise_order_id, franchise_id, order_code, user_id, address, requirement, order_status, total_quantity, total_amount, delivery_date, delivery_time, cancelled_reason, created_at, updated_at, version) VALUES (9075, 1, 'PO-20251228-076', 1001, '서울시 강남구 테스트로 1', '60~90일 과거 더미데이터', 'COMPLETED', 20, 240000, '2025-12-30 19:20:25', '09:00', NULL, '2025-12-28 15:20:25', '2025-12-30 19:20:25', 0);
INSERT INTO franchise_order_item (franchise_order_item_id, franchise_order_id, quantity, product_id, unit_price, total_price, created_at, updated_at) VALUES (9075, 9075, 20, 18, 12000, 240000, '2025-12-28 15:20:25', '2025-12-28 15:20:25');
INSERT INTO inventorylog (product_id, product_name, box_code, transaction_code, log_type, quantity, from_location_type, from_location_id, to_location_type, to_location_id, actor_type, actor_id, created_at, updated_at) VALUES (18, '마라 떡볶이 밀키트 기본맛 1,2인분', 'SE01-FA01-A1-MA0201-A03', 'PO-20251228-076', 'OUTBOUND', 20, 'FACTORY', 1, 'FRANCHISE', 1, 'FACTORY', 1, '2025-12-29 17:20:25', '2025-12-29 17:20:25');
INSERT INTO inventorylog (product_id, product_name, box_code, transaction_code, log_type, quantity, from_location_type, from_location_id, to_location_type, to_location_id, actor_type, actor_id, created_at, updated_at) VALUES (18, '마라 떡볶이 밀키트 기본맛 1,2인분', 'SE01-FA01-A1-MA0201-A03', 'PO-20251228-076', 'INBOUND', 20, 'FACTORY', 1, 'FRANCHISE', 1, 'FRANCHISE', 1, '2025-12-30 19:20:25', '2025-12-30 19:20:25');
INSERT INTO sales (sales_id, franchise_id, sales_code, quantity, total_amount, is_canceled, created_at, updated_at) VALUES (9075, 1, 'SL-20251231-076', 20, 240000, false, '2025-12-31 21:20:25', '2025-12-31 21:20:25');
INSERT INTO sales_item (sales_id, product_id, quantity, product_code, product_name, lot, unit_price, created_at, updated_at) VALUES (9075, 18, 1, 'MA0201', '마라 떡볶이 밀키트 기본맛 1,2인분', 'SE01-FA01-A1-MA0201-001501', 12000, '2025-12-31 21:20:25', '2025-12-31 21:20:25');
INSERT INTO sales_item (sales_id, product_id, quantity, product_code, product_name, lot, unit_price, created_at, updated_at) VALUES (9075, 18, 1, 'MA0201', '마라 떡볶이 밀키트 기본맛 1,2인분', 'SE01-FA01-A1-MA0201-001502', 12000, '2025-12-31 21:20:25', '2025-12-31 21:20:25');
INSERT INTO sales_item (sales_id, product_id, quantity, product_code, product_name, lot, unit_price, created_at, updated_at) VALUES (9075, 18, 1, 'MA0201', '마라 떡볶이 밀키트 기본맛 1,2인분', 'SE01-FA01-A1-MA0201-001503', 12000, '2025-12-31 21:20:25', '2025-12-31 21:20:25');
INSERT INTO sales_item (sales_id, product_id, quantity, product_code, product_name, lot, unit_price, created_at, updated_at) VALUES (9075, 18, 1, 'MA0201', '마라 떡볶이 밀키트 기본맛 1,2인분', 'SE01-FA01-A1-MA0201-001504', 12000, '2025-12-31 21:20:25', '2025-12-31 21:20:25');
INSERT INTO sales_item (sales_id, product_id, quantity, product_code, product_name, lot, unit_price, created_at, updated_at) VALUES (9075, 18, 1, 'MA0201', '마라 떡볶이 밀키트 기본맛 1,2인분', 'SE01-FA01-A1-MA0201-001505', 12000, '2025-12-31 21:20:25', '2025-12-31 21:20:25');
INSERT INTO sales_item (sales_id, product_id, quantity, product_code, product_name, lot, unit_price, created_at, updated_at) VALUES (9075, 18, 1, 'MA0201', '마라 떡볶이 밀키트 기본맛 1,2인분', 'SE01-FA01-A1-MA0201-001506', 12000, '2025-12-31 21:20:25', '2025-12-31 21:20:25');
INSERT INTO sales_item (sales_id, product_id, quantity, product_code, product_name, lot, unit_price, created_at, updated_at) VALUES (9075, 18, 1, 'MA0201', '마라 떡볶이 밀키트 기본맛 1,2인분', 'SE01-FA01-A1-MA0201-001507', 12000, '2025-12-31 21:20:25', '2025-12-31 21:20:25');
INSERT INTO sales_item (sales_id, product_id, quantity, product_code, product_name, lot, unit_price, created_at, updated_at) VALUES (9075, 18, 1, 'MA0201', '마라 떡볶이 밀키트 기본맛 1,2인분', 'SE01-FA01-A1-MA0201-001508', 12000, '2025-12-31 21:20:25', '2025-12-31 21:20:25');
INSERT INTO sales_item (sales_id, product_id, quantity, product_code, product_name, lot, unit_price, created_at, updated_at) VALUES (9075, 18, 1, 'MA0201', '마라 떡볶이 밀키트 기본맛 1,2인분', 'SE01-FA01-A1-MA0201-001509', 12000, '2025-12-31 21:20:25', '2025-12-31 21:20:25');
INSERT INTO sales_item (sales_id, product_id, quantity, product_code, product_name, lot, unit_price, created_at, updated_at) VALUES (9075, 18, 1, 'MA0201', '마라 떡볶이 밀키트 기본맛 1,2인분', 'SE01-FA01-A1-MA0201-001510', 12000, '2025-12-31 21:20:25', '2025-12-31 21:20:25');
INSERT INTO sales_item (sales_id, product_id, quantity, product_code, product_name, lot, unit_price, created_at, updated_at) VALUES (9075, 18, 1, 'MA0201', '마라 떡볶이 밀키트 기본맛 1,2인분', 'SE01-FA01-A1-MA0201-001511', 12000, '2025-12-31 21:20:25', '2025-12-31 21:20:25');
INSERT INTO sales_item (sales_id, product_id, quantity, product_code, product_name, lot, unit_price, created_at, updated_at) VALUES (9075, 18, 1, 'MA0201', '마라 떡볶이 밀키트 기본맛 1,2인분', 'SE01-FA01-A1-MA0201-001512', 12000, '2025-12-31 21:20:25', '2025-12-31 21:20:25');
INSERT INTO sales_item (sales_id, product_id, quantity, product_code, product_name, lot, unit_price, created_at, updated_at) VALUES (9075, 18, 1, 'MA0201', '마라 떡볶이 밀키트 기본맛 1,2인분', 'SE01-FA01-A1-MA0201-001513', 12000, '2025-12-31 21:20:25', '2025-12-31 21:20:25');
INSERT INTO sales_item (sales_id, product_id, quantity, product_code, product_name, lot, unit_price, created_at, updated_at) VALUES (9075, 18, 1, 'MA0201', '마라 떡볶이 밀키트 기본맛 1,2인분', 'SE01-FA01-A1-MA0201-001514', 12000, '2025-12-31 21:20:25', '2025-12-31 21:20:25');
INSERT INTO sales_item (sales_id, product_id, quantity, product_code, product_name, lot, unit_price, created_at, updated_at) VALUES (9075, 18, 1, 'MA0201', '마라 떡볶이 밀키트 기본맛 1,2인분', 'SE01-FA01-A1-MA0201-001515', 12000, '2025-12-31 21:20:25', '2025-12-31 21:20:25');
INSERT INTO sales_item (sales_id, product_id, quantity, product_code, product_name, lot, unit_price, created_at, updated_at) VALUES (9075, 18, 1, 'MA0201', '마라 떡볶이 밀키트 기본맛 1,2인분', 'SE01-FA01-A1-MA0201-001516', 12000, '2025-12-31 21:20:25', '2025-12-31 21:20:25');
INSERT INTO sales_item (sales_id, product_id, quantity, product_code, product_name, lot, unit_price, created_at, updated_at) VALUES (9075, 18, 1, 'MA0201', '마라 떡볶이 밀키트 기본맛 1,2인분', 'SE01-FA01-A1-MA0201-001517', 12000, '2025-12-31 21:20:25', '2025-12-31 21:20:25');
INSERT INTO sales_item (sales_id, product_id, quantity, product_code, product_name, lot, unit_price, created_at, updated_at) VALUES (9075, 18, 1, 'MA0201', '마라 떡볶이 밀키트 기본맛 1,2인분', 'SE01-FA01-A1-MA0201-001518', 12000, '2025-12-31 21:20:25', '2025-12-31 21:20:25');
INSERT INTO sales_item (sales_id, product_id, quantity, product_code, product_name, lot, unit_price, created_at, updated_at) VALUES (9075, 18, 1, 'MA0201', '마라 떡볶이 밀키트 기본맛 1,2인분', 'SE01-FA01-A1-MA0201-001519', 12000, '2025-12-31 21:20:25', '2025-12-31 21:20:25');
INSERT INTO sales_item (sales_id, product_id, quantity, product_code, product_name, lot, unit_price, created_at, updated_at) VALUES (9075, 18, 1, 'MA0201', '마라 떡볶이 밀키트 기본맛 1,2인분', 'SE01-FA01-A1-MA0201-001520', 12000, '2025-12-31 21:20:25', '2025-12-31 21:20:25');

INSERT INTO franchise_order (franchise_order_id, franchise_id, order_code, user_id, address, requirement, order_status, total_quantity, total_amount, delivery_date, delivery_time, cancelled_reason, created_at, updated_at, version) VALUES (9076, 1, 'PO-20260101-077', 1001, '서울시 강남구 테스트로 1', '60~90일 과거 더미데이터', 'COMPLETED', 20, 200000, '2026-01-03 15:12:26', '09:00', NULL, '2026-01-01 11:12:26', '2026-01-03 15:12:26', 0);
INSERT INTO franchise_order_item (franchise_order_item_id, franchise_order_id, quantity, product_id, unit_price, total_price, created_at, updated_at) VALUES (9076, 9076, 20, 2, 10000, 200000, '2026-01-01 11:12:26', '2026-01-01 11:12:26');
INSERT INTO inventorylog (product_id, product_name, box_code, transaction_code, log_type, quantity, from_location_type, from_location_id, to_location_type, to_location_id, actor_type, actor_id, created_at, updated_at) VALUES (2, '오리지널 떡볶이 밀키트 기본맛 1,2인분', 'SE01-FA01-A1-OR0201-A04', 'PO-20260101-077', 'OUTBOUND', 20, 'FACTORY', 1, 'FRANCHISE', 1, 'FACTORY', 1, '2026-01-02 13:12:26', '2026-01-02 13:12:26');
INSERT INTO inventorylog (product_id, product_name, box_code, transaction_code, log_type, quantity, from_location_type, from_location_id, to_location_type, to_location_id, actor_type, actor_id, created_at, updated_at) VALUES (2, '오리지널 떡볶이 밀키트 기본맛 1,2인분', 'SE01-FA01-A1-OR0201-A04', 'PO-20260101-077', 'INBOUND', 20, 'FACTORY', 1, 'FRANCHISE', 1, 'FRANCHISE', 1, '2026-01-03 15:12:26', '2026-01-03 15:12:26');
INSERT INTO sales (sales_id, franchise_id, sales_code, quantity, total_amount, is_canceled, created_at, updated_at) VALUES (9076, 1, 'SL-20260104-077', 20, 200000, false, '2026-01-04 17:12:26', '2026-01-04 17:12:26');
INSERT INTO sales_item (sales_id, product_id, quantity, product_code, product_name, lot, unit_price, created_at, updated_at) VALUES (9076, 2, 1, 'OR0201', '오리지널 떡볶이 밀키트 기본맛 1,2인분', 'SE01-FA01-A1-OR0201-001521', 10000, '2026-01-04 17:12:26', '2026-01-04 17:12:26');
INSERT INTO sales_item (sales_id, product_id, quantity, product_code, product_name, lot, unit_price, created_at, updated_at) VALUES (9076, 2, 1, 'OR0201', '오리지널 떡볶이 밀키트 기본맛 1,2인분', 'SE01-FA01-A1-OR0201-001522', 10000, '2026-01-04 17:12:26', '2026-01-04 17:12:26');
INSERT INTO sales_item (sales_id, product_id, quantity, product_code, product_name, lot, unit_price, created_at, updated_at) VALUES (9076, 2, 1, 'OR0201', '오리지널 떡볶이 밀키트 기본맛 1,2인분', 'SE01-FA01-A1-OR0201-001523', 10000, '2026-01-04 17:12:26', '2026-01-04 17:12:26');
INSERT INTO sales_item (sales_id, product_id, quantity, product_code, product_name, lot, unit_price, created_at, updated_at) VALUES (9076, 2, 1, 'OR0201', '오리지널 떡볶이 밀키트 기본맛 1,2인분', 'SE01-FA01-A1-OR0201-001524', 10000, '2026-01-04 17:12:26', '2026-01-04 17:12:26');
INSERT INTO sales_item (sales_id, product_id, quantity, product_code, product_name, lot, unit_price, created_at, updated_at) VALUES (9076, 2, 1, 'OR0201', '오리지널 떡볶이 밀키트 기본맛 1,2인분', 'SE01-FA01-A1-OR0201-001525', 10000, '2026-01-04 17:12:26', '2026-01-04 17:12:26');
INSERT INTO sales_item (sales_id, product_id, quantity, product_code, product_name, lot, unit_price, created_at, updated_at) VALUES (9076, 2, 1, 'OR0201', '오리지널 떡볶이 밀키트 기본맛 1,2인분', 'SE01-FA01-A1-OR0201-001526', 10000, '2026-01-04 17:12:26', '2026-01-04 17:12:26');
INSERT INTO sales_item (sales_id, product_id, quantity, product_code, product_name, lot, unit_price, created_at, updated_at) VALUES (9076, 2, 1, 'OR0201', '오리지널 떡볶이 밀키트 기본맛 1,2인분', 'SE01-FA01-A1-OR0201-001527', 10000, '2026-01-04 17:12:26', '2026-01-04 17:12:26');
INSERT INTO sales_item (sales_id, product_id, quantity, product_code, product_name, lot, unit_price, created_at, updated_at) VALUES (9076, 2, 1, 'OR0201', '오리지널 떡볶이 밀키트 기본맛 1,2인분', 'SE01-FA01-A1-OR0201-001528', 10000, '2026-01-04 17:12:26', '2026-01-04 17:12:26');
INSERT INTO sales_item (sales_id, product_id, quantity, product_code, product_name, lot, unit_price, created_at, updated_at) VALUES (9076, 2, 1, 'OR0201', '오리지널 떡볶이 밀키트 기본맛 1,2인분', 'SE01-FA01-A1-OR0201-001529', 10000, '2026-01-04 17:12:26', '2026-01-04 17:12:26');
INSERT INTO sales_item (sales_id, product_id, quantity, product_code, product_name, lot, unit_price, created_at, updated_at) VALUES (9076, 2, 1, 'OR0201', '오리지널 떡볶이 밀키트 기본맛 1,2인분', 'SE01-FA01-A1-OR0201-001530', 10000, '2026-01-04 17:12:26', '2026-01-04 17:12:26');
INSERT INTO sales_item (sales_id, product_id, quantity, product_code, product_name, lot, unit_price, created_at, updated_at) VALUES (9076, 2, 1, 'OR0201', '오리지널 떡볶이 밀키트 기본맛 1,2인분', 'SE01-FA01-A1-OR0201-001531', 10000, '2026-01-04 17:12:26', '2026-01-04 17:12:26');
INSERT INTO sales_item (sales_id, product_id, quantity, product_code, product_name, lot, unit_price, created_at, updated_at) VALUES (9076, 2, 1, 'OR0201', '오리지널 떡볶이 밀키트 기본맛 1,2인분', 'SE01-FA01-A1-OR0201-001532', 10000, '2026-01-04 17:12:26', '2026-01-04 17:12:26');
INSERT INTO sales_item (sales_id, product_id, quantity, product_code, product_name, lot, unit_price, created_at, updated_at) VALUES (9076, 2, 1, 'OR0201', '오리지널 떡볶이 밀키트 기본맛 1,2인분', 'SE01-FA01-A1-OR0201-001533', 10000, '2026-01-04 17:12:26', '2026-01-04 17:12:26');
INSERT INTO sales_item (sales_id, product_id, quantity, product_code, product_name, lot, unit_price, created_at, updated_at) VALUES (9076, 2, 1, 'OR0201', '오리지널 떡볶이 밀키트 기본맛 1,2인분', 'SE01-FA01-A1-OR0201-001534', 10000, '2026-01-04 17:12:26', '2026-01-04 17:12:26');
INSERT INTO sales_item (sales_id, product_id, quantity, product_code, product_name, lot, unit_price, created_at, updated_at) VALUES (9076, 2, 1, 'OR0201', '오리지널 떡볶이 밀키트 기본맛 1,2인분', 'SE01-FA01-A1-OR0201-001535', 10000, '2026-01-04 17:12:26', '2026-01-04 17:12:26');
INSERT INTO sales_item (sales_id, product_id, quantity, product_code, product_name, lot, unit_price, created_at, updated_at) VALUES (9076, 2, 1, 'OR0201', '오리지널 떡볶이 밀키트 기본맛 1,2인분', 'SE01-FA01-A1-OR0201-001536', 10000, '2026-01-04 17:12:26', '2026-01-04 17:12:26');
INSERT INTO sales_item (sales_id, product_id, quantity, product_code, product_name, lot, unit_price, created_at, updated_at) VALUES (9076, 2, 1, 'OR0201', '오리지널 떡볶이 밀키트 기본맛 1,2인분', 'SE01-FA01-A1-OR0201-001537', 10000, '2026-01-04 17:12:26', '2026-01-04 17:12:26');
INSERT INTO sales_item (sales_id, product_id, quantity, product_code, product_name, lot, unit_price, created_at, updated_at) VALUES (9076, 2, 1, 'OR0201', '오리지널 떡볶이 밀키트 기본맛 1,2인분', 'SE01-FA01-A1-OR0201-001538', 10000, '2026-01-04 17:12:26', '2026-01-04 17:12:26');
INSERT INTO sales_item (sales_id, product_id, quantity, product_code, product_name, lot, unit_price, created_at, updated_at) VALUES (9076, 2, 1, 'OR0201', '오리지널 떡볶이 밀키트 기본맛 1,2인분', 'SE01-FA01-A1-OR0201-001539', 10000, '2026-01-04 17:12:26', '2026-01-04 17:12:26');
INSERT INTO sales_item (sales_id, product_id, quantity, product_code, product_name, lot, unit_price, created_at, updated_at) VALUES (9076, 2, 1, 'OR0201', '오리지널 떡볶이 밀키트 기본맛 1,2인분', 'SE01-FA01-A1-OR0201-001540', 10000, '2026-01-04 17:12:26', '2026-01-04 17:12:26');

INSERT INTO franchise_order (franchise_order_id, franchise_id, order_code, user_id, address, requirement, order_status, total_quantity, total_amount, delivery_date, delivery_time, cancelled_reason, created_at, updated_at, version) VALUES (9077, 1, 'PO-20251228-078', 1001, '서울시 강남구 테스트로 1', '60~90일 과거 더미데이터', 'COMPLETED', 20, 440000, '2025-12-30 15:39:36', '09:00', NULL, '2025-12-28 11:39:36', '2025-12-30 15:39:36', 0);
INSERT INTO franchise_order_item (franchise_order_item_id, franchise_order_id, quantity, product_id, unit_price, total_price, created_at, updated_at) VALUES (9077, 9077, 20, 24, 22000, 440000, '2025-12-28 11:39:36', '2025-12-28 11:39:36');
INSERT INTO inventorylog (product_id, product_name, box_code, transaction_code, log_type, quantity, from_location_type, from_location_id, to_location_type, to_location_id, actor_type, actor_id, created_at, updated_at) VALUES (24, '마라 떡볶이 밀키트 아주매운맛 3,4인분', 'SE01-FA01-A1-MA0403-A04', 'PO-20251228-078', 'OUTBOUND', 20, 'FACTORY', 1, 'FRANCHISE', 1, 'FACTORY', 1, '2025-12-29 13:39:36', '2025-12-29 13:39:36');
INSERT INTO inventorylog (product_id, product_name, box_code, transaction_code, log_type, quantity, from_location_type, from_location_id, to_location_type, to_location_id, actor_type, actor_id, created_at, updated_at) VALUES (24, '마라 떡볶이 밀키트 아주매운맛 3,4인분', 'SE01-FA01-A1-MA0403-A04', 'PO-20251228-078', 'INBOUND', 20, 'FACTORY', 1, 'FRANCHISE', 1, 'FRANCHISE', 1, '2025-12-30 15:39:36', '2025-12-30 15:39:36');
INSERT INTO sales (sales_id, franchise_id, sales_code, quantity, total_amount, is_canceled, created_at, updated_at) VALUES (9077, 1, 'SL-20251231-078', 20, 440000, false, '2025-12-31 17:39:36', '2025-12-31 17:39:36');
INSERT INTO sales_item (sales_id, product_id, quantity, product_code, product_name, lot, unit_price, created_at, updated_at) VALUES (9077, 24, 1, 'MA0403', '마라 떡볶이 밀키트 아주매운맛 3,4인분', 'SE01-FA01-A1-MA0403-001541', 22000, '2025-12-31 17:39:36', '2025-12-31 17:39:36');
INSERT INTO sales_item (sales_id, product_id, quantity, product_code, product_name, lot, unit_price, created_at, updated_at) VALUES (9077, 24, 1, 'MA0403', '마라 떡볶이 밀키트 아주매운맛 3,4인분', 'SE01-FA01-A1-MA0403-001542', 22000, '2025-12-31 17:39:36', '2025-12-31 17:39:36');
INSERT INTO sales_item (sales_id, product_id, quantity, product_code, product_name, lot, unit_price, created_at, updated_at) VALUES (9077, 24, 1, 'MA0403', '마라 떡볶이 밀키트 아주매운맛 3,4인분', 'SE01-FA01-A1-MA0403-001543', 22000, '2025-12-31 17:39:36', '2025-12-31 17:39:36');
INSERT INTO sales_item (sales_id, product_id, quantity, product_code, product_name, lot, unit_price, created_at, updated_at) VALUES (9077, 24, 1, 'MA0403', '마라 떡볶이 밀키트 아주매운맛 3,4인분', 'SE01-FA01-A1-MA0403-001544', 22000, '2025-12-31 17:39:36', '2025-12-31 17:39:36');
INSERT INTO sales_item (sales_id, product_id, quantity, product_code, product_name, lot, unit_price, created_at, updated_at) VALUES (9077, 24, 1, 'MA0403', '마라 떡볶이 밀키트 아주매운맛 3,4인분', 'SE01-FA01-A1-MA0403-001545', 22000, '2025-12-31 17:39:36', '2025-12-31 17:39:36');
INSERT INTO sales_item (sales_id, product_id, quantity, product_code, product_name, lot, unit_price, created_at, updated_at) VALUES (9077, 24, 1, 'MA0403', '마라 떡볶이 밀키트 아주매운맛 3,4인분', 'SE01-FA01-A1-MA0403-001546', 22000, '2025-12-31 17:39:36', '2025-12-31 17:39:36');
INSERT INTO sales_item (sales_id, product_id, quantity, product_code, product_name, lot, unit_price, created_at, updated_at) VALUES (9077, 24, 1, 'MA0403', '마라 떡볶이 밀키트 아주매운맛 3,4인분', 'SE01-FA01-A1-MA0403-001547', 22000, '2025-12-31 17:39:36', '2025-12-31 17:39:36');
INSERT INTO sales_item (sales_id, product_id, quantity, product_code, product_name, lot, unit_price, created_at, updated_at) VALUES (9077, 24, 1, 'MA0403', '마라 떡볶이 밀키트 아주매운맛 3,4인분', 'SE01-FA01-A1-MA0403-001548', 22000, '2025-12-31 17:39:36', '2025-12-31 17:39:36');
INSERT INTO sales_item (sales_id, product_id, quantity, product_code, product_name, lot, unit_price, created_at, updated_at) VALUES (9077, 24, 1, 'MA0403', '마라 떡볶이 밀키트 아주매운맛 3,4인분', 'SE01-FA01-A1-MA0403-001549', 22000, '2025-12-31 17:39:36', '2025-12-31 17:39:36');
INSERT INTO sales_item (sales_id, product_id, quantity, product_code, product_name, lot, unit_price, created_at, updated_at) VALUES (9077, 24, 1, 'MA0403', '마라 떡볶이 밀키트 아주매운맛 3,4인분', 'SE01-FA01-A1-MA0403-001550', 22000, '2025-12-31 17:39:36', '2025-12-31 17:39:36');
INSERT INTO sales_item (sales_id, product_id, quantity, product_code, product_name, lot, unit_price, created_at, updated_at) VALUES (9077, 24, 1, 'MA0403', '마라 떡볶이 밀키트 아주매운맛 3,4인분', 'SE01-FA01-A1-MA0403-001551', 22000, '2025-12-31 17:39:36', '2025-12-31 17:39:36');
INSERT INTO sales_item (sales_id, product_id, quantity, product_code, product_name, lot, unit_price, created_at, updated_at) VALUES (9077, 24, 1, 'MA0403', '마라 떡볶이 밀키트 아주매운맛 3,4인분', 'SE01-FA01-A1-MA0403-001552', 22000, '2025-12-31 17:39:36', '2025-12-31 17:39:36');
INSERT INTO sales_item (sales_id, product_id, quantity, product_code, product_name, lot, unit_price, created_at, updated_at) VALUES (9077, 24, 1, 'MA0403', '마라 떡볶이 밀키트 아주매운맛 3,4인분', 'SE01-FA01-A1-MA0403-001553', 22000, '2025-12-31 17:39:36', '2025-12-31 17:39:36');
INSERT INTO sales_item (sales_id, product_id, quantity, product_code, product_name, lot, unit_price, created_at, updated_at) VALUES (9077, 24, 1, 'MA0403', '마라 떡볶이 밀키트 아주매운맛 3,4인분', 'SE01-FA01-A1-MA0403-001554', 22000, '2025-12-31 17:39:36', '2025-12-31 17:39:36');
INSERT INTO sales_item (sales_id, product_id, quantity, product_code, product_name, lot, unit_price, created_at, updated_at) VALUES (9077, 24, 1, 'MA0403', '마라 떡볶이 밀키트 아주매운맛 3,4인분', 'SE01-FA01-A1-MA0403-001555', 22000, '2025-12-31 17:39:36', '2025-12-31 17:39:36');
INSERT INTO sales_item (sales_id, product_id, quantity, product_code, product_name, lot, unit_price, created_at, updated_at) VALUES (9077, 24, 1, 'MA0403', '마라 떡볶이 밀키트 아주매운맛 3,4인분', 'SE01-FA01-A1-MA0403-001556', 22000, '2025-12-31 17:39:36', '2025-12-31 17:39:36');
INSERT INTO sales_item (sales_id, product_id, quantity, product_code, product_name, lot, unit_price, created_at, updated_at) VALUES (9077, 24, 1, 'MA0403', '마라 떡볶이 밀키트 아주매운맛 3,4인분', 'SE01-FA01-A1-MA0403-001557', 22000, '2025-12-31 17:39:36', '2025-12-31 17:39:36');
INSERT INTO sales_item (sales_id, product_id, quantity, product_code, product_name, lot, unit_price, created_at, updated_at) VALUES (9077, 24, 1, 'MA0403', '마라 떡볶이 밀키트 아주매운맛 3,4인분', 'SE01-FA01-A1-MA0403-001558', 22000, '2025-12-31 17:39:36', '2025-12-31 17:39:36');
INSERT INTO sales_item (sales_id, product_id, quantity, product_code, product_name, lot, unit_price, created_at, updated_at) VALUES (9077, 24, 1, 'MA0403', '마라 떡볶이 밀키트 아주매운맛 3,4인분', 'SE01-FA01-A1-MA0403-001559', 22000, '2025-12-31 17:39:36', '2025-12-31 17:39:36');
INSERT INTO sales_item (sales_id, product_id, quantity, product_code, product_name, lot, unit_price, created_at, updated_at) VALUES (9077, 24, 1, 'MA0403', '마라 떡볶이 밀키트 아주매운맛 3,4인분', 'SE01-FA01-A1-MA0403-001560', 22000, '2025-12-31 17:39:36', '2025-12-31 17:39:36');

INSERT INTO franchise_order (franchise_order_id, franchise_id, order_code, user_id, address, requirement, order_status, total_quantity, total_amount, delivery_date, delivery_time, cancelled_reason, created_at, updated_at, version) VALUES (9078, 1, 'PO-20260101-079', 1001, '서울시 강남구 테스트로 1', '60~90일 과거 더미데이터', 'COMPLETED', 20, 440000, '2026-01-03 13:19:18', '09:00', NULL, '2026-01-01 09:19:18', '2026-01-03 13:19:18', 0);
INSERT INTO franchise_order_item (franchise_order_item_id, franchise_order_id, quantity, product_id, unit_price, total_price, created_at, updated_at) VALUES (9078, 9078, 20, 13, 22000, 440000, '2026-01-01 09:19:18', '2026-01-01 09:19:18');
INSERT INTO inventorylog (product_id, product_name, box_code, transaction_code, log_type, quantity, from_location_type, from_location_id, to_location_type, to_location_id, actor_type, actor_id, created_at, updated_at) VALUES (13, '로제 떡볶이 밀키트 순한맛 3,4인분', 'SE01-FA01-A1-RO0103-A04', 'PO-20260101-079', 'OUTBOUND', 20, 'FACTORY', 1, 'FRANCHISE', 1, 'FACTORY', 1, '2026-01-02 11:19:18', '2026-01-02 11:19:18');
INSERT INTO inventorylog (product_id, product_name, box_code, transaction_code, log_type, quantity, from_location_type, from_location_id, to_location_type, to_location_id, actor_type, actor_id, created_at, updated_at) VALUES (13, '로제 떡볶이 밀키트 순한맛 3,4인분', 'SE01-FA01-A1-RO0103-A04', 'PO-20260101-079', 'INBOUND', 20, 'FACTORY', 1, 'FRANCHISE', 1, 'FRANCHISE', 1, '2026-01-03 13:19:18', '2026-01-03 13:19:18');
INSERT INTO sales (sales_id, franchise_id, sales_code, quantity, total_amount, is_canceled, created_at, updated_at) VALUES (9078, 1, 'SL-20260104-079', 20, 440000, false, '2026-01-04 15:19:18', '2026-01-04 15:19:18');
INSERT INTO sales_item (sales_id, product_id, quantity, product_code, product_name, lot, unit_price, created_at, updated_at) VALUES (9078, 13, 1, 'RO0103', '로제 떡볶이 밀키트 순한맛 3,4인분', 'SE01-FA01-A1-RO0103-001561', 22000, '2026-01-04 15:19:18', '2026-01-04 15:19:18');
INSERT INTO sales_item (sales_id, product_id, quantity, product_code, product_name, lot, unit_price, created_at, updated_at) VALUES (9078, 13, 1, 'RO0103', '로제 떡볶이 밀키트 순한맛 3,4인분', 'SE01-FA01-A1-RO0103-001562', 22000, '2026-01-04 15:19:18', '2026-01-04 15:19:18');
INSERT INTO sales_item (sales_id, product_id, quantity, product_code, product_name, lot, unit_price, created_at, updated_at) VALUES (9078, 13, 1, 'RO0103', '로제 떡볶이 밀키트 순한맛 3,4인분', 'SE01-FA01-A1-RO0103-001563', 22000, '2026-01-04 15:19:18', '2026-01-04 15:19:18');
INSERT INTO sales_item (sales_id, product_id, quantity, product_code, product_name, lot, unit_price, created_at, updated_at) VALUES (9078, 13, 1, 'RO0103', '로제 떡볶이 밀키트 순한맛 3,4인분', 'SE01-FA01-A1-RO0103-001564', 22000, '2026-01-04 15:19:18', '2026-01-04 15:19:18');
INSERT INTO sales_item (sales_id, product_id, quantity, product_code, product_name, lot, unit_price, created_at, updated_at) VALUES (9078, 13, 1, 'RO0103', '로제 떡볶이 밀키트 순한맛 3,4인분', 'SE01-FA01-A1-RO0103-001565', 22000, '2026-01-04 15:19:18', '2026-01-04 15:19:18');
INSERT INTO sales_item (sales_id, product_id, quantity, product_code, product_name, lot, unit_price, created_at, updated_at) VALUES (9078, 13, 1, 'RO0103', '로제 떡볶이 밀키트 순한맛 3,4인분', 'SE01-FA01-A1-RO0103-001566', 22000, '2026-01-04 15:19:18', '2026-01-04 15:19:18');
INSERT INTO sales_item (sales_id, product_id, quantity, product_code, product_name, lot, unit_price, created_at, updated_at) VALUES (9078, 13, 1, 'RO0103', '로제 떡볶이 밀키트 순한맛 3,4인분', 'SE01-FA01-A1-RO0103-001567', 22000, '2026-01-04 15:19:18', '2026-01-04 15:19:18');
INSERT INTO sales_item (sales_id, product_id, quantity, product_code, product_name, lot, unit_price, created_at, updated_at) VALUES (9078, 13, 1, 'RO0103', '로제 떡볶이 밀키트 순한맛 3,4인분', 'SE01-FA01-A1-RO0103-001568', 22000, '2026-01-04 15:19:18', '2026-01-04 15:19:18');
INSERT INTO sales_item (sales_id, product_id, quantity, product_code, product_name, lot, unit_price, created_at, updated_at) VALUES (9078, 13, 1, 'RO0103', '로제 떡볶이 밀키트 순한맛 3,4인분', 'SE01-FA01-A1-RO0103-001569', 22000, '2026-01-04 15:19:18', '2026-01-04 15:19:18');
INSERT INTO sales_item (sales_id, product_id, quantity, product_code, product_name, lot, unit_price, created_at, updated_at) VALUES (9078, 13, 1, 'RO0103', '로제 떡볶이 밀키트 순한맛 3,4인분', 'SE01-FA01-A1-RO0103-001570', 22000, '2026-01-04 15:19:18', '2026-01-04 15:19:18');
INSERT INTO sales_item (sales_id, product_id, quantity, product_code, product_name, lot, unit_price, created_at, updated_at) VALUES (9078, 13, 1, 'RO0103', '로제 떡볶이 밀키트 순한맛 3,4인분', 'SE01-FA01-A1-RO0103-001571', 22000, '2026-01-04 15:19:18', '2026-01-04 15:19:18');
INSERT INTO sales_item (sales_id, product_id, quantity, product_code, product_name, lot, unit_price, created_at, updated_at) VALUES (9078, 13, 1, 'RO0103', '로제 떡볶이 밀키트 순한맛 3,4인분', 'SE01-FA01-A1-RO0103-001572', 22000, '2026-01-04 15:19:18', '2026-01-04 15:19:18');
INSERT INTO sales_item (sales_id, product_id, quantity, product_code, product_name, lot, unit_price, created_at, updated_at) VALUES (9078, 13, 1, 'RO0103', '로제 떡볶이 밀키트 순한맛 3,4인분', 'SE01-FA01-A1-RO0103-001573', 22000, '2026-01-04 15:19:18', '2026-01-04 15:19:18');
INSERT INTO sales_item (sales_id, product_id, quantity, product_code, product_name, lot, unit_price, created_at, updated_at) VALUES (9078, 13, 1, 'RO0103', '로제 떡볶이 밀키트 순한맛 3,4인분', 'SE01-FA01-A1-RO0103-001574', 22000, '2026-01-04 15:19:18', '2026-01-04 15:19:18');
INSERT INTO sales_item (sales_id, product_id, quantity, product_code, product_name, lot, unit_price, created_at, updated_at) VALUES (9078, 13, 1, 'RO0103', '로제 떡볶이 밀키트 순한맛 3,4인분', 'SE01-FA01-A1-RO0103-001575', 22000, '2026-01-04 15:19:18', '2026-01-04 15:19:18');
INSERT INTO sales_item (sales_id, product_id, quantity, product_code, product_name, lot, unit_price, created_at, updated_at) VALUES (9078, 13, 1, 'RO0103', '로제 떡볶이 밀키트 순한맛 3,4인분', 'SE01-FA01-A1-RO0103-001576', 22000, '2026-01-04 15:19:18', '2026-01-04 15:19:18');
INSERT INTO sales_item (sales_id, product_id, quantity, product_code, product_name, lot, unit_price, created_at, updated_at) VALUES (9078, 13, 1, 'RO0103', '로제 떡볶이 밀키트 순한맛 3,4인분', 'SE01-FA01-A1-RO0103-001577', 22000, '2026-01-04 15:19:18', '2026-01-04 15:19:18');
INSERT INTO sales_item (sales_id, product_id, quantity, product_code, product_name, lot, unit_price, created_at, updated_at) VALUES (9078, 13, 1, 'RO0103', '로제 떡볶이 밀키트 순한맛 3,4인분', 'SE01-FA01-A1-RO0103-001578', 22000, '2026-01-04 15:19:18', '2026-01-04 15:19:18');
INSERT INTO sales_item (sales_id, product_id, quantity, product_code, product_name, lot, unit_price, created_at, updated_at) VALUES (9078, 13, 1, 'RO0103', '로제 떡볶이 밀키트 순한맛 3,4인분', 'SE01-FA01-A1-RO0103-001579', 22000, '2026-01-04 15:19:18', '2026-01-04 15:19:18');
INSERT INTO sales_item (sales_id, product_id, quantity, product_code, product_name, lot, unit_price, created_at, updated_at) VALUES (9078, 13, 1, 'RO0103', '로제 떡볶이 밀키트 순한맛 3,4인분', 'SE01-FA01-A1-RO0103-001580', 22000, '2026-01-04 15:19:18', '2026-01-04 15:19:18');

INSERT INTO franchise_order (franchise_order_id, franchise_id, order_code, user_id, address, requirement, order_status, total_quantity, total_amount, delivery_date, delivery_time, cancelled_reason, created_at, updated_at, version) VALUES (9079, 1, 'PO-20251224-080', 1001, '서울시 강남구 테스트로 1', '60~90일 과거 더미데이터', 'COMPLETED', 20, 360000, '2025-12-26 18:29:28', '09:00', NULL, '2025-12-24 14:29:28', '2025-12-26 18:29:28', 0);
INSERT INTO franchise_order_item (franchise_order_item_id, franchise_order_id, quantity, product_id, unit_price, total_price, created_at, updated_at) VALUES (9079, 9079, 20, 6, 18000, 360000, '2025-12-24 14:29:28', '2025-12-24 14:29:28');
INSERT INTO inventorylog (product_id, product_name, box_code, transaction_code, log_type, quantity, from_location_type, from_location_id, to_location_type, to_location_id, actor_type, actor_id, created_at, updated_at) VALUES (6, '오리지널 떡볶이 밀키트 기본맛 3,4인분', 'SE01-FA01-A1-OR0203-A03', 'PO-20251224-080', 'OUTBOUND', 20, 'FACTORY', 1, 'FRANCHISE', 1, 'FACTORY', 1, '2025-12-25 16:29:28', '2025-12-25 16:29:28');
INSERT INTO inventorylog (product_id, product_name, box_code, transaction_code, log_type, quantity, from_location_type, from_location_id, to_location_type, to_location_id, actor_type, actor_id, created_at, updated_at) VALUES (6, '오리지널 떡볶이 밀키트 기본맛 3,4인분', 'SE01-FA01-A1-OR0203-A03', 'PO-20251224-080', 'INBOUND', 20, 'FACTORY', 1, 'FRANCHISE', 1, 'FRANCHISE', 1, '2025-12-26 18:29:28', '2025-12-26 18:29:28');
INSERT INTO sales (sales_id, franchise_id, sales_code, quantity, total_amount, is_canceled, created_at, updated_at) VALUES (9079, 1, 'SL-20251227-080', 20, 360000, false, '2025-12-27 20:29:28', '2025-12-27 20:29:28');
INSERT INTO sales_item (sales_id, product_id, quantity, product_code, product_name, lot, unit_price, created_at, updated_at) VALUES (9079, 6, 1, 'OR0203', '오리지널 떡볶이 밀키트 기본맛 3,4인분', 'SE01-FA01-A1-OR0203-001581', 18000, '2025-12-27 20:29:28', '2025-12-27 20:29:28');
INSERT INTO sales_item (sales_id, product_id, quantity, product_code, product_name, lot, unit_price, created_at, updated_at) VALUES (9079, 6, 1, 'OR0203', '오리지널 떡볶이 밀키트 기본맛 3,4인분', 'SE01-FA01-A1-OR0203-001582', 18000, '2025-12-27 20:29:28', '2025-12-27 20:29:28');
INSERT INTO sales_item (sales_id, product_id, quantity, product_code, product_name, lot, unit_price, created_at, updated_at) VALUES (9079, 6, 1, 'OR0203', '오리지널 떡볶이 밀키트 기본맛 3,4인분', 'SE01-FA01-A1-OR0203-001583', 18000, '2025-12-27 20:29:28', '2025-12-27 20:29:28');
INSERT INTO sales_item (sales_id, product_id, quantity, product_code, product_name, lot, unit_price, created_at, updated_at) VALUES (9079, 6, 1, 'OR0203', '오리지널 떡볶이 밀키트 기본맛 3,4인분', 'SE01-FA01-A1-OR0203-001584', 18000, '2025-12-27 20:29:28', '2025-12-27 20:29:28');
INSERT INTO sales_item (sales_id, product_id, quantity, product_code, product_name, lot, unit_price, created_at, updated_at) VALUES (9079, 6, 1, 'OR0203', '오리지널 떡볶이 밀키트 기본맛 3,4인분', 'SE01-FA01-A1-OR0203-001585', 18000, '2025-12-27 20:29:28', '2025-12-27 20:29:28');
INSERT INTO sales_item (sales_id, product_id, quantity, product_code, product_name, lot, unit_price, created_at, updated_at) VALUES (9079, 6, 1, 'OR0203', '오리지널 떡볶이 밀키트 기본맛 3,4인분', 'SE01-FA01-A1-OR0203-001586', 18000, '2025-12-27 20:29:28', '2025-12-27 20:29:28');
INSERT INTO sales_item (sales_id, product_id, quantity, product_code, product_name, lot, unit_price, created_at, updated_at) VALUES (9079, 6, 1, 'OR0203', '오리지널 떡볶이 밀키트 기본맛 3,4인분', 'SE01-FA01-A1-OR0203-001587', 18000, '2025-12-27 20:29:28', '2025-12-27 20:29:28');
INSERT INTO sales_item (sales_id, product_id, quantity, product_code, product_name, lot, unit_price, created_at, updated_at) VALUES (9079, 6, 1, 'OR0203', '오리지널 떡볶이 밀키트 기본맛 3,4인분', 'SE01-FA01-A1-OR0203-001588', 18000, '2025-12-27 20:29:28', '2025-12-27 20:29:28');
INSERT INTO sales_item (sales_id, product_id, quantity, product_code, product_name, lot, unit_price, created_at, updated_at) VALUES (9079, 6, 1, 'OR0203', '오리지널 떡볶이 밀키트 기본맛 3,4인분', 'SE01-FA01-A1-OR0203-001589', 18000, '2025-12-27 20:29:28', '2025-12-27 20:29:28');
INSERT INTO sales_item (sales_id, product_id, quantity, product_code, product_name, lot, unit_price, created_at, updated_at) VALUES (9079, 6, 1, 'OR0203', '오리지널 떡볶이 밀키트 기본맛 3,4인분', 'SE01-FA01-A1-OR0203-001590', 18000, '2025-12-27 20:29:28', '2025-12-27 20:29:28');
INSERT INTO sales_item (sales_id, product_id, quantity, product_code, product_name, lot, unit_price, created_at, updated_at) VALUES (9079, 6, 1, 'OR0203', '오리지널 떡볶이 밀키트 기본맛 3,4인분', 'SE01-FA01-A1-OR0203-001591', 18000, '2025-12-27 20:29:28', '2025-12-27 20:29:28');
INSERT INTO sales_item (sales_id, product_id, quantity, product_code, product_name, lot, unit_price, created_at, updated_at) VALUES (9079, 6, 1, 'OR0203', '오리지널 떡볶이 밀키트 기본맛 3,4인분', 'SE01-FA01-A1-OR0203-001592', 18000, '2025-12-27 20:29:28', '2025-12-27 20:29:28');
INSERT INTO sales_item (sales_id, product_id, quantity, product_code, product_name, lot, unit_price, created_at, updated_at) VALUES (9079, 6, 1, 'OR0203', '오리지널 떡볶이 밀키트 기본맛 3,4인분', 'SE01-FA01-A1-OR0203-001593', 18000, '2025-12-27 20:29:28', '2025-12-27 20:29:28');
INSERT INTO sales_item (sales_id, product_id, quantity, product_code, product_name, lot, unit_price, created_at, updated_at) VALUES (9079, 6, 1, 'OR0203', '오리지널 떡볶이 밀키트 기본맛 3,4인분', 'SE01-FA01-A1-OR0203-001594', 18000, '2025-12-27 20:29:28', '2025-12-27 20:29:28');
INSERT INTO sales_item (sales_id, product_id, quantity, product_code, product_name, lot, unit_price, created_at, updated_at) VALUES (9079, 6, 1, 'OR0203', '오리지널 떡볶이 밀키트 기본맛 3,4인분', 'SE01-FA01-A1-OR0203-001595', 18000, '2025-12-27 20:29:28', '2025-12-27 20:29:28');
INSERT INTO sales_item (sales_id, product_id, quantity, product_code, product_name, lot, unit_price, created_at, updated_at) VALUES (9079, 6, 1, 'OR0203', '오리지널 떡볶이 밀키트 기본맛 3,4인분', 'SE01-FA01-A1-OR0203-001596', 18000, '2025-12-27 20:29:28', '2025-12-27 20:29:28');
INSERT INTO sales_item (sales_id, product_id, quantity, product_code, product_name, lot, unit_price, created_at, updated_at) VALUES (9079, 6, 1, 'OR0203', '오리지널 떡볶이 밀키트 기본맛 3,4인분', 'SE01-FA01-A1-OR0203-001597', 18000, '2025-12-27 20:29:28', '2025-12-27 20:29:28');
INSERT INTO sales_item (sales_id, product_id, quantity, product_code, product_name, lot, unit_price, created_at, updated_at) VALUES (9079, 6, 1, 'OR0203', '오리지널 떡볶이 밀키트 기본맛 3,4인분', 'SE01-FA01-A1-OR0203-001598', 18000, '2025-12-27 20:29:28', '2025-12-27 20:29:28');
INSERT INTO sales_item (sales_id, product_id, quantity, product_code, product_name, lot, unit_price, created_at, updated_at) VALUES (9079, 6, 1, 'OR0203', '오리지널 떡볶이 밀키트 기본맛 3,4인분', 'SE01-FA01-A1-OR0203-001599', 18000, '2025-12-27 20:29:28', '2025-12-27 20:29:28');
INSERT INTO sales_item (sales_id, product_id, quantity, product_code, product_name, lot, unit_price, created_at, updated_at) VALUES (9079, 6, 1, 'OR0203', '오리지널 떡볶이 밀키트 기본맛 3,4인분', 'SE01-FA01-A1-OR0203-001600', 18000, '2025-12-27 20:29:28', '2025-12-27 20:29:28');

INSERT INTO franchise_order (franchise_order_id, franchise_id, order_code, user_id, address, requirement, order_status, total_quantity, total_amount, delivery_date, delivery_time, cancelled_reason, created_at, updated_at, version) VALUES (9080, 1, 'PO-20260102-081', 1001, '서울시 강남구 테스트로 1', '60~90일 과거 더미데이터', 'COMPLETED', 20, 240000, '2026-01-04 20:50:57', '09:00', NULL, '2026-01-02 16:50:57', '2026-01-04 20:50:57', 0);
INSERT INTO franchise_order_item (franchise_order_item_id, franchise_order_id, quantity, product_id, unit_price, total_price, created_at, updated_at) VALUES (9080, 9080, 20, 17, 12000, 240000, '2026-01-02 16:50:57', '2026-01-02 16:50:57');
INSERT INTO inventorylog (product_id, product_name, box_code, transaction_code, log_type, quantity, from_location_type, from_location_id, to_location_type, to_location_id, actor_type, actor_id, created_at, updated_at) VALUES (17, '마라 떡볶이 밀키트 순한맛 1,2인분', 'SE01-FA01-A1-MA0101-A03', 'PO-20260102-081', 'OUTBOUND', 20, 'FACTORY', 1, 'FRANCHISE', 1, 'FACTORY', 1, '2026-01-03 18:50:57', '2026-01-03 18:50:57');
INSERT INTO inventorylog (product_id, product_name, box_code, transaction_code, log_type, quantity, from_location_type, from_location_id, to_location_type, to_location_id, actor_type, actor_id, created_at, updated_at) VALUES (17, '마라 떡볶이 밀키트 순한맛 1,2인분', 'SE01-FA01-A1-MA0101-A03', 'PO-20260102-081', 'INBOUND', 20, 'FACTORY', 1, 'FRANCHISE', 1, 'FRANCHISE', 1, '2026-01-04 20:50:57', '2026-01-04 20:50:57');
INSERT INTO sales (sales_id, franchise_id, sales_code, quantity, total_amount, is_canceled, created_at, updated_at) VALUES (9080, 1, 'SL-20260105-081', 20, 240000, false, '2026-01-05 22:50:57', '2026-01-05 22:50:57');
INSERT INTO sales_item (sales_id, product_id, quantity, product_code, product_name, lot, unit_price, created_at, updated_at) VALUES (9080, 17, 1, 'MA0101', '마라 떡볶이 밀키트 순한맛 1,2인분', 'SE01-FA01-A1-MA0101-001601', 12000, '2026-01-05 22:50:57', '2026-01-05 22:50:57');
INSERT INTO sales_item (sales_id, product_id, quantity, product_code, product_name, lot, unit_price, created_at, updated_at) VALUES (9080, 17, 1, 'MA0101', '마라 떡볶이 밀키트 순한맛 1,2인분', 'SE01-FA01-A1-MA0101-001602', 12000, '2026-01-05 22:50:57', '2026-01-05 22:50:57');
INSERT INTO sales_item (sales_id, product_id, quantity, product_code, product_name, lot, unit_price, created_at, updated_at) VALUES (9080, 17, 1, 'MA0101', '마라 떡볶이 밀키트 순한맛 1,2인분', 'SE01-FA01-A1-MA0101-001603', 12000, '2026-01-05 22:50:57', '2026-01-05 22:50:57');
INSERT INTO sales_item (sales_id, product_id, quantity, product_code, product_name, lot, unit_price, created_at, updated_at) VALUES (9080, 17, 1, 'MA0101', '마라 떡볶이 밀키트 순한맛 1,2인분', 'SE01-FA01-A1-MA0101-001604', 12000, '2026-01-05 22:50:57', '2026-01-05 22:50:57');
INSERT INTO sales_item (sales_id, product_id, quantity, product_code, product_name, lot, unit_price, created_at, updated_at) VALUES (9080, 17, 1, 'MA0101', '마라 떡볶이 밀키트 순한맛 1,2인분', 'SE01-FA01-A1-MA0101-001605', 12000, '2026-01-05 22:50:57', '2026-01-05 22:50:57');
INSERT INTO sales_item (sales_id, product_id, quantity, product_code, product_name, lot, unit_price, created_at, updated_at) VALUES (9080, 17, 1, 'MA0101', '마라 떡볶이 밀키트 순한맛 1,2인분', 'SE01-FA01-A1-MA0101-001606', 12000, '2026-01-05 22:50:57', '2026-01-05 22:50:57');
INSERT INTO sales_item (sales_id, product_id, quantity, product_code, product_name, lot, unit_price, created_at, updated_at) VALUES (9080, 17, 1, 'MA0101', '마라 떡볶이 밀키트 순한맛 1,2인분', 'SE01-FA01-A1-MA0101-001607', 12000, '2026-01-05 22:50:57', '2026-01-05 22:50:57');
INSERT INTO sales_item (sales_id, product_id, quantity, product_code, product_name, lot, unit_price, created_at, updated_at) VALUES (9080, 17, 1, 'MA0101', '마라 떡볶이 밀키트 순한맛 1,2인분', 'SE01-FA01-A1-MA0101-001608', 12000, '2026-01-05 22:50:57', '2026-01-05 22:50:57');
INSERT INTO sales_item (sales_id, product_id, quantity, product_code, product_name, lot, unit_price, created_at, updated_at) VALUES (9080, 17, 1, 'MA0101', '마라 떡볶이 밀키트 순한맛 1,2인분', 'SE01-FA01-A1-MA0101-001609', 12000, '2026-01-05 22:50:57', '2026-01-05 22:50:57');
INSERT INTO sales_item (sales_id, product_id, quantity, product_code, product_name, lot, unit_price, created_at, updated_at) VALUES (9080, 17, 1, 'MA0101', '마라 떡볶이 밀키트 순한맛 1,2인분', 'SE01-FA01-A1-MA0101-001610', 12000, '2026-01-05 22:50:57', '2026-01-05 22:50:57');
INSERT INTO sales_item (sales_id, product_id, quantity, product_code, product_name, lot, unit_price, created_at, updated_at) VALUES (9080, 17, 1, 'MA0101', '마라 떡볶이 밀키트 순한맛 1,2인분', 'SE01-FA01-A1-MA0101-001611', 12000, '2026-01-05 22:50:57', '2026-01-05 22:50:57');
INSERT INTO sales_item (sales_id, product_id, quantity, product_code, product_name, lot, unit_price, created_at, updated_at) VALUES (9080, 17, 1, 'MA0101', '마라 떡볶이 밀키트 순한맛 1,2인분', 'SE01-FA01-A1-MA0101-001612', 12000, '2026-01-05 22:50:57', '2026-01-05 22:50:57');
INSERT INTO sales_item (sales_id, product_id, quantity, product_code, product_name, lot, unit_price, created_at, updated_at) VALUES (9080, 17, 1, 'MA0101', '마라 떡볶이 밀키트 순한맛 1,2인분', 'SE01-FA01-A1-MA0101-001613', 12000, '2026-01-05 22:50:57', '2026-01-05 22:50:57');
INSERT INTO sales_item (sales_id, product_id, quantity, product_code, product_name, lot, unit_price, created_at, updated_at) VALUES (9080, 17, 1, 'MA0101', '마라 떡볶이 밀키트 순한맛 1,2인분', 'SE01-FA01-A1-MA0101-001614', 12000, '2026-01-05 22:50:57', '2026-01-05 22:50:57');
INSERT INTO sales_item (sales_id, product_id, quantity, product_code, product_name, lot, unit_price, created_at, updated_at) VALUES (9080, 17, 1, 'MA0101', '마라 떡볶이 밀키트 순한맛 1,2인분', 'SE01-FA01-A1-MA0101-001615', 12000, '2026-01-05 22:50:57', '2026-01-05 22:50:57');
INSERT INTO sales_item (sales_id, product_id, quantity, product_code, product_name, lot, unit_price, created_at, updated_at) VALUES (9080, 17, 1, 'MA0101', '마라 떡볶이 밀키트 순한맛 1,2인분', 'SE01-FA01-A1-MA0101-001616', 12000, '2026-01-05 22:50:57', '2026-01-05 22:50:57');
INSERT INTO sales_item (sales_id, product_id, quantity, product_code, product_name, lot, unit_price, created_at, updated_at) VALUES (9080, 17, 1, 'MA0101', '마라 떡볶이 밀키트 순한맛 1,2인분', 'SE01-FA01-A1-MA0101-001617', 12000, '2026-01-05 22:50:57', '2026-01-05 22:50:57');
INSERT INTO sales_item (sales_id, product_id, quantity, product_code, product_name, lot, unit_price, created_at, updated_at) VALUES (9080, 17, 1, 'MA0101', '마라 떡볶이 밀키트 순한맛 1,2인분', 'SE01-FA01-A1-MA0101-001618', 12000, '2026-01-05 22:50:57', '2026-01-05 22:50:57');
INSERT INTO sales_item (sales_id, product_id, quantity, product_code, product_name, lot, unit_price, created_at, updated_at) VALUES (9080, 17, 1, 'MA0101', '마라 떡볶이 밀키트 순한맛 1,2인분', 'SE01-FA01-A1-MA0101-001619', 12000, '2026-01-05 22:50:57', '2026-01-05 22:50:57');
INSERT INTO sales_item (sales_id, product_id, quantity, product_code, product_name, lot, unit_price, created_at, updated_at) VALUES (9080, 17, 1, 'MA0101', '마라 떡볶이 밀키트 순한맛 1,2인분', 'SE01-FA01-A1-MA0101-001620', 12000, '2026-01-05 22:50:57', '2026-01-05 22:50:57');

INSERT INTO franchise_order (franchise_order_id, franchise_id, order_code, user_id, address, requirement, order_status, total_quantity, total_amount, delivery_date, delivery_time, cancelled_reason, created_at, updated_at, version) VALUES (9081, 1, 'PO-20251228-082', 1001, '서울시 강남구 테스트로 1', '60~90일 과거 더미데이터', 'COMPLETED', 20, 360000, '2025-12-30 14:18:32', '09:00', NULL, '2025-12-28 10:18:32', '2025-12-30 14:18:32', 0);
INSERT INTO franchise_order_item (franchise_order_item_id, franchise_order_id, quantity, product_id, unit_price, total_price, created_at, updated_at) VALUES (9081, 9081, 20, 6, 18000, 360000, '2025-12-28 10:18:32', '2025-12-28 10:18:32');
INSERT INTO inventorylog (product_id, product_name, box_code, transaction_code, log_type, quantity, from_location_type, from_location_id, to_location_type, to_location_id, actor_type, actor_id, created_at, updated_at) VALUES (6, '오리지널 떡볶이 밀키트 기본맛 3,4인분', 'SE01-FA01-A1-OR0203-A04', 'PO-20251228-082', 'OUTBOUND', 20, 'FACTORY', 1, 'FRANCHISE', 1, 'FACTORY', 1, '2025-12-29 12:18:32', '2025-12-29 12:18:32');
INSERT INTO inventorylog (product_id, product_name, box_code, transaction_code, log_type, quantity, from_location_type, from_location_id, to_location_type, to_location_id, actor_type, actor_id, created_at, updated_at) VALUES (6, '오리지널 떡볶이 밀키트 기본맛 3,4인분', 'SE01-FA01-A1-OR0203-A04', 'PO-20251228-082', 'INBOUND', 20, 'FACTORY', 1, 'FRANCHISE', 1, 'FRANCHISE', 1, '2025-12-30 14:18:32', '2025-12-30 14:18:32');
INSERT INTO sales (sales_id, franchise_id, sales_code, quantity, total_amount, is_canceled, created_at, updated_at) VALUES (9081, 1, 'SL-20251231-082', 20, 360000, false, '2025-12-31 16:18:32', '2025-12-31 16:18:32');
INSERT INTO sales_item (sales_id, product_id, quantity, product_code, product_name, lot, unit_price, created_at, updated_at) VALUES (9081, 6, 1, 'OR0203', '오리지널 떡볶이 밀키트 기본맛 3,4인분', 'SE01-FA01-A1-OR0203-001621', 18000, '2025-12-31 16:18:32', '2025-12-31 16:18:32');
INSERT INTO sales_item (sales_id, product_id, quantity, product_code, product_name, lot, unit_price, created_at, updated_at) VALUES (9081, 6, 1, 'OR0203', '오리지널 떡볶이 밀키트 기본맛 3,4인분', 'SE01-FA01-A1-OR0203-001622', 18000, '2025-12-31 16:18:32', '2025-12-31 16:18:32');
INSERT INTO sales_item (sales_id, product_id, quantity, product_code, product_name, lot, unit_price, created_at, updated_at) VALUES (9081, 6, 1, 'OR0203', '오리지널 떡볶이 밀키트 기본맛 3,4인분', 'SE01-FA01-A1-OR0203-001623', 18000, '2025-12-31 16:18:32', '2025-12-31 16:18:32');
INSERT INTO sales_item (sales_id, product_id, quantity, product_code, product_name, lot, unit_price, created_at, updated_at) VALUES (9081, 6, 1, 'OR0203', '오리지널 떡볶이 밀키트 기본맛 3,4인분', 'SE01-FA01-A1-OR0203-001624', 18000, '2025-12-31 16:18:32', '2025-12-31 16:18:32');
INSERT INTO sales_item (sales_id, product_id, quantity, product_code, product_name, lot, unit_price, created_at, updated_at) VALUES (9081, 6, 1, 'OR0203', '오리지널 떡볶이 밀키트 기본맛 3,4인분', 'SE01-FA01-A1-OR0203-001625', 18000, '2025-12-31 16:18:32', '2025-12-31 16:18:32');
INSERT INTO sales_item (sales_id, product_id, quantity, product_code, product_name, lot, unit_price, created_at, updated_at) VALUES (9081, 6, 1, 'OR0203', '오리지널 떡볶이 밀키트 기본맛 3,4인분', 'SE01-FA01-A1-OR0203-001626', 18000, '2025-12-31 16:18:32', '2025-12-31 16:18:32');
INSERT INTO sales_item (sales_id, product_id, quantity, product_code, product_name, lot, unit_price, created_at, updated_at) VALUES (9081, 6, 1, 'OR0203', '오리지널 떡볶이 밀키트 기본맛 3,4인분', 'SE01-FA01-A1-OR0203-001627', 18000, '2025-12-31 16:18:32', '2025-12-31 16:18:32');
INSERT INTO sales_item (sales_id, product_id, quantity, product_code, product_name, lot, unit_price, created_at, updated_at) VALUES (9081, 6, 1, 'OR0203', '오리지널 떡볶이 밀키트 기본맛 3,4인분', 'SE01-FA01-A1-OR0203-001628', 18000, '2025-12-31 16:18:32', '2025-12-31 16:18:32');
INSERT INTO sales_item (sales_id, product_id, quantity, product_code, product_name, lot, unit_price, created_at, updated_at) VALUES (9081, 6, 1, 'OR0203', '오리지널 떡볶이 밀키트 기본맛 3,4인분', 'SE01-FA01-A1-OR0203-001629', 18000, '2025-12-31 16:18:32', '2025-12-31 16:18:32');
INSERT INTO sales_item (sales_id, product_id, quantity, product_code, product_name, lot, unit_price, created_at, updated_at) VALUES (9081, 6, 1, 'OR0203', '오리지널 떡볶이 밀키트 기본맛 3,4인분', 'SE01-FA01-A1-OR0203-001630', 18000, '2025-12-31 16:18:32', '2025-12-31 16:18:32');
INSERT INTO sales_item (sales_id, product_id, quantity, product_code, product_name, lot, unit_price, created_at, updated_at) VALUES (9081, 6, 1, 'OR0203', '오리지널 떡볶이 밀키트 기본맛 3,4인분', 'SE01-FA01-A1-OR0203-001631', 18000, '2025-12-31 16:18:32', '2025-12-31 16:18:32');
INSERT INTO sales_item (sales_id, product_id, quantity, product_code, product_name, lot, unit_price, created_at, updated_at) VALUES (9081, 6, 1, 'OR0203', '오리지널 떡볶이 밀키트 기본맛 3,4인분', 'SE01-FA01-A1-OR0203-001632', 18000, '2025-12-31 16:18:32', '2025-12-31 16:18:32');
INSERT INTO sales_item (sales_id, product_id, quantity, product_code, product_name, lot, unit_price, created_at, updated_at) VALUES (9081, 6, 1, 'OR0203', '오리지널 떡볶이 밀키트 기본맛 3,4인분', 'SE01-FA01-A1-OR0203-001633', 18000, '2025-12-31 16:18:32', '2025-12-31 16:18:32');
INSERT INTO sales_item (sales_id, product_id, quantity, product_code, product_name, lot, unit_price, created_at, updated_at) VALUES (9081, 6, 1, 'OR0203', '오리지널 떡볶이 밀키트 기본맛 3,4인분', 'SE01-FA01-A1-OR0203-001634', 18000, '2025-12-31 16:18:32', '2025-12-31 16:18:32');
INSERT INTO sales_item (sales_id, product_id, quantity, product_code, product_name, lot, unit_price, created_at, updated_at) VALUES (9081, 6, 1, 'OR0203', '오리지널 떡볶이 밀키트 기본맛 3,4인분', 'SE01-FA01-A1-OR0203-001635', 18000, '2025-12-31 16:18:32', '2025-12-31 16:18:32');
INSERT INTO sales_item (sales_id, product_id, quantity, product_code, product_name, lot, unit_price, created_at, updated_at) VALUES (9081, 6, 1, 'OR0203', '오리지널 떡볶이 밀키트 기본맛 3,4인분', 'SE01-FA01-A1-OR0203-001636', 18000, '2025-12-31 16:18:32', '2025-12-31 16:18:32');
INSERT INTO sales_item (sales_id, product_id, quantity, product_code, product_name, lot, unit_price, created_at, updated_at) VALUES (9081, 6, 1, 'OR0203', '오리지널 떡볶이 밀키트 기본맛 3,4인분', 'SE01-FA01-A1-OR0203-001637', 18000, '2025-12-31 16:18:32', '2025-12-31 16:18:32');
INSERT INTO sales_item (sales_id, product_id, quantity, product_code, product_name, lot, unit_price, created_at, updated_at) VALUES (9081, 6, 1, 'OR0203', '오리지널 떡볶이 밀키트 기본맛 3,4인분', 'SE01-FA01-A1-OR0203-001638', 18000, '2025-12-31 16:18:32', '2025-12-31 16:18:32');
INSERT INTO sales_item (sales_id, product_id, quantity, product_code, product_name, lot, unit_price, created_at, updated_at) VALUES (9081, 6, 1, 'OR0203', '오리지널 떡볶이 밀키트 기본맛 3,4인분', 'SE01-FA01-A1-OR0203-001639', 18000, '2025-12-31 16:18:32', '2025-12-31 16:18:32');
INSERT INTO sales_item (sales_id, product_id, quantity, product_code, product_name, lot, unit_price, created_at, updated_at) VALUES (9081, 6, 1, 'OR0203', '오리지널 떡볶이 밀키트 기본맛 3,4인분', 'SE01-FA01-A1-OR0203-001640', 18000, '2025-12-31 16:18:32', '2025-12-31 16:18:32');

INSERT INTO franchise_order (franchise_order_id, franchise_id, order_code, user_id, address, requirement, order_status, total_quantity, total_amount, delivery_date, delivery_time, cancelled_reason, created_at, updated_at, version) VALUES (9082, 1, 'PO-20260116-083', 1001, '서울시 강남구 테스트로 1', '60~90일 과거 더미데이터', 'COMPLETED', 20, 200000, '2026-01-18 16:43:19', '09:00', NULL, '2026-01-16 12:43:19', '2026-01-18 16:43:19', 0);
INSERT INTO franchise_order_item (franchise_order_item_id, franchise_order_id, quantity, product_id, unit_price, total_price, created_at, updated_at) VALUES (9082, 9082, 20, 4, 10000, 200000, '2026-01-16 12:43:19', '2026-01-16 12:43:19');
INSERT INTO inventorylog (product_id, product_name, box_code, transaction_code, log_type, quantity, from_location_type, from_location_id, to_location_type, to_location_id, actor_type, actor_id, created_at, updated_at) VALUES (4, '오리지널 떡볶이 밀키트 아주매운맛 1,2인분', 'SE01-FA01-A1-OR0401-A03', 'PO-20260116-083', 'OUTBOUND', 20, 'FACTORY', 1, 'FRANCHISE', 1, 'FACTORY', 1, '2026-01-17 14:43:19', '2026-01-17 14:43:19');
INSERT INTO inventorylog (product_id, product_name, box_code, transaction_code, log_type, quantity, from_location_type, from_location_id, to_location_type, to_location_id, actor_type, actor_id, created_at, updated_at) VALUES (4, '오리지널 떡볶이 밀키트 아주매운맛 1,2인분', 'SE01-FA01-A1-OR0401-A03', 'PO-20260116-083', 'INBOUND', 20, 'FACTORY', 1, 'FRANCHISE', 1, 'FRANCHISE', 1, '2026-01-18 16:43:19', '2026-01-18 16:43:19');
INSERT INTO sales (sales_id, franchise_id, sales_code, quantity, total_amount, is_canceled, created_at, updated_at) VALUES (9082, 1, 'SL-20260119-083', 20, 200000, false, '2026-01-19 18:43:19', '2026-01-19 18:43:19');
INSERT INTO sales_item (sales_id, product_id, quantity, product_code, product_name, lot, unit_price, created_at, updated_at) VALUES (9082, 4, 1, 'OR0401', '오리지널 떡볶이 밀키트 아주매운맛 1,2인분', 'SE01-FA01-A1-OR0401-001641', 10000, '2026-01-19 18:43:19', '2026-01-19 18:43:19');
INSERT INTO sales_item (sales_id, product_id, quantity, product_code, product_name, lot, unit_price, created_at, updated_at) VALUES (9082, 4, 1, 'OR0401', '오리지널 떡볶이 밀키트 아주매운맛 1,2인분', 'SE01-FA01-A1-OR0401-001642', 10000, '2026-01-19 18:43:19', '2026-01-19 18:43:19');
INSERT INTO sales_item (sales_id, product_id, quantity, product_code, product_name, lot, unit_price, created_at, updated_at) VALUES (9082, 4, 1, 'OR0401', '오리지널 떡볶이 밀키트 아주매운맛 1,2인분', 'SE01-FA01-A1-OR0401-001643', 10000, '2026-01-19 18:43:19', '2026-01-19 18:43:19');
INSERT INTO sales_item (sales_id, product_id, quantity, product_code, product_name, lot, unit_price, created_at, updated_at) VALUES (9082, 4, 1, 'OR0401', '오리지널 떡볶이 밀키트 아주매운맛 1,2인분', 'SE01-FA01-A1-OR0401-001644', 10000, '2026-01-19 18:43:19', '2026-01-19 18:43:19');
INSERT INTO sales_item (sales_id, product_id, quantity, product_code, product_name, lot, unit_price, created_at, updated_at) VALUES (9082, 4, 1, 'OR0401', '오리지널 떡볶이 밀키트 아주매운맛 1,2인분', 'SE01-FA01-A1-OR0401-001645', 10000, '2026-01-19 18:43:19', '2026-01-19 18:43:19');
INSERT INTO sales_item (sales_id, product_id, quantity, product_code, product_name, lot, unit_price, created_at, updated_at) VALUES (9082, 4, 1, 'OR0401', '오리지널 떡볶이 밀키트 아주매운맛 1,2인분', 'SE01-FA01-A1-OR0401-001646', 10000, '2026-01-19 18:43:19', '2026-01-19 18:43:19');
INSERT INTO sales_item (sales_id, product_id, quantity, product_code, product_name, lot, unit_price, created_at, updated_at) VALUES (9082, 4, 1, 'OR0401', '오리지널 떡볶이 밀키트 아주매운맛 1,2인분', 'SE01-FA01-A1-OR0401-001647', 10000, '2026-01-19 18:43:19', '2026-01-19 18:43:19');
INSERT INTO sales_item (sales_id, product_id, quantity, product_code, product_name, lot, unit_price, created_at, updated_at) VALUES (9082, 4, 1, 'OR0401', '오리지널 떡볶이 밀키트 아주매운맛 1,2인분', 'SE01-FA01-A1-OR0401-001648', 10000, '2026-01-19 18:43:19', '2026-01-19 18:43:19');
INSERT INTO sales_item (sales_id, product_id, quantity, product_code, product_name, lot, unit_price, created_at, updated_at) VALUES (9082, 4, 1, 'OR0401', '오리지널 떡볶이 밀키트 아주매운맛 1,2인분', 'SE01-FA01-A1-OR0401-001649', 10000, '2026-01-19 18:43:19', '2026-01-19 18:43:19');
INSERT INTO sales_item (sales_id, product_id, quantity, product_code, product_name, lot, unit_price, created_at, updated_at) VALUES (9082, 4, 1, 'OR0401', '오리지널 떡볶이 밀키트 아주매운맛 1,2인분', 'SE01-FA01-A1-OR0401-001650', 10000, '2026-01-19 18:43:19', '2026-01-19 18:43:19');
INSERT INTO sales_item (sales_id, product_id, quantity, product_code, product_name, lot, unit_price, created_at, updated_at) VALUES (9082, 4, 1, 'OR0401', '오리지널 떡볶이 밀키트 아주매운맛 1,2인분', 'SE01-FA01-A1-OR0401-001651', 10000, '2026-01-19 18:43:19', '2026-01-19 18:43:19');
INSERT INTO sales_item (sales_id, product_id, quantity, product_code, product_name, lot, unit_price, created_at, updated_at) VALUES (9082, 4, 1, 'OR0401', '오리지널 떡볶이 밀키트 아주매운맛 1,2인분', 'SE01-FA01-A1-OR0401-001652', 10000, '2026-01-19 18:43:19', '2026-01-19 18:43:19');
INSERT INTO sales_item (sales_id, product_id, quantity, product_code, product_name, lot, unit_price, created_at, updated_at) VALUES (9082, 4, 1, 'OR0401', '오리지널 떡볶이 밀키트 아주매운맛 1,2인분', 'SE01-FA01-A1-OR0401-001653', 10000, '2026-01-19 18:43:19', '2026-01-19 18:43:19');
INSERT INTO sales_item (sales_id, product_id, quantity, product_code, product_name, lot, unit_price, created_at, updated_at) VALUES (9082, 4, 1, 'OR0401', '오리지널 떡볶이 밀키트 아주매운맛 1,2인분', 'SE01-FA01-A1-OR0401-001654', 10000, '2026-01-19 18:43:19', '2026-01-19 18:43:19');
INSERT INTO sales_item (sales_id, product_id, quantity, product_code, product_name, lot, unit_price, created_at, updated_at) VALUES (9082, 4, 1, 'OR0401', '오리지널 떡볶이 밀키트 아주매운맛 1,2인분', 'SE01-FA01-A1-OR0401-001655', 10000, '2026-01-19 18:43:19', '2026-01-19 18:43:19');
INSERT INTO sales_item (sales_id, product_id, quantity, product_code, product_name, lot, unit_price, created_at, updated_at) VALUES (9082, 4, 1, 'OR0401', '오리지널 떡볶이 밀키트 아주매운맛 1,2인분', 'SE01-FA01-A1-OR0401-001656', 10000, '2026-01-19 18:43:19', '2026-01-19 18:43:19');
INSERT INTO sales_item (sales_id, product_id, quantity, product_code, product_name, lot, unit_price, created_at, updated_at) VALUES (9082, 4, 1, 'OR0401', '오리지널 떡볶이 밀키트 아주매운맛 1,2인분', 'SE01-FA01-A1-OR0401-001657', 10000, '2026-01-19 18:43:19', '2026-01-19 18:43:19');
INSERT INTO sales_item (sales_id, product_id, quantity, product_code, product_name, lot, unit_price, created_at, updated_at) VALUES (9082, 4, 1, 'OR0401', '오리지널 떡볶이 밀키트 아주매운맛 1,2인분', 'SE01-FA01-A1-OR0401-001658', 10000, '2026-01-19 18:43:19', '2026-01-19 18:43:19');
INSERT INTO sales_item (sales_id, product_id, quantity, product_code, product_name, lot, unit_price, created_at, updated_at) VALUES (9082, 4, 1, 'OR0401', '오리지널 떡볶이 밀키트 아주매운맛 1,2인분', 'SE01-FA01-A1-OR0401-001659', 10000, '2026-01-19 18:43:19', '2026-01-19 18:43:19');
INSERT INTO sales_item (sales_id, product_id, quantity, product_code, product_name, lot, unit_price, created_at, updated_at) VALUES (9082, 4, 1, 'OR0401', '오리지널 떡볶이 밀키트 아주매운맛 1,2인분', 'SE01-FA01-A1-OR0401-001660', 10000, '2026-01-19 18:43:19', '2026-01-19 18:43:19');

INSERT INTO franchise_order (franchise_order_id, franchise_id, order_code, user_id, address, requirement, order_status, total_quantity, total_amount, delivery_date, delivery_time, cancelled_reason, created_at, updated_at, version) VALUES (9083, 1, 'PO-20260114-084', 1001, '서울시 강남구 테스트로 1', '60~90일 과거 더미데이터', 'COMPLETED', 20, 240000, '2026-01-16 13:02:15', '09:00', NULL, '2026-01-14 09:02:15', '2026-01-16 13:02:15', 0);
INSERT INTO franchise_order_item (franchise_order_item_id, franchise_order_id, quantity, product_id, unit_price, total_price, created_at, updated_at) VALUES (9083, 9083, 20, 17, 12000, 240000, '2026-01-14 09:02:15', '2026-01-14 09:02:15');
INSERT INTO inventorylog (product_id, product_name, box_code, transaction_code, log_type, quantity, from_location_type, from_location_id, to_location_type, to_location_id, actor_type, actor_id, created_at, updated_at) VALUES (17, '마라 떡볶이 밀키트 순한맛 1,2인분', 'SE01-FA01-A1-MA0101-A04', 'PO-20260114-084', 'OUTBOUND', 20, 'FACTORY', 1, 'FRANCHISE', 1, 'FACTORY', 1, '2026-01-15 11:02:15', '2026-01-15 11:02:15');
INSERT INTO inventorylog (product_id, product_name, box_code, transaction_code, log_type, quantity, from_location_type, from_location_id, to_location_type, to_location_id, actor_type, actor_id, created_at, updated_at) VALUES (17, '마라 떡볶이 밀키트 순한맛 1,2인분', 'SE01-FA01-A1-MA0101-A04', 'PO-20260114-084', 'INBOUND', 20, 'FACTORY', 1, 'FRANCHISE', 1, 'FRANCHISE', 1, '2026-01-16 13:02:15', '2026-01-16 13:02:15');
INSERT INTO sales (sales_id, franchise_id, sales_code, quantity, total_amount, is_canceled, created_at, updated_at) VALUES (9083, 1, 'SL-20260117-084', 20, 240000, false, '2026-01-17 15:02:15', '2026-01-17 15:02:15');
INSERT INTO sales_item (sales_id, product_id, quantity, product_code, product_name, lot, unit_price, created_at, updated_at) VALUES (9083, 17, 1, 'MA0101', '마라 떡볶이 밀키트 순한맛 1,2인분', 'SE01-FA01-A1-MA0101-001661', 12000, '2026-01-17 15:02:15', '2026-01-17 15:02:15');
INSERT INTO sales_item (sales_id, product_id, quantity, product_code, product_name, lot, unit_price, created_at, updated_at) VALUES (9083, 17, 1, 'MA0101', '마라 떡볶이 밀키트 순한맛 1,2인분', 'SE01-FA01-A1-MA0101-001662', 12000, '2026-01-17 15:02:15', '2026-01-17 15:02:15');
INSERT INTO sales_item (sales_id, product_id, quantity, product_code, product_name, lot, unit_price, created_at, updated_at) VALUES (9083, 17, 1, 'MA0101', '마라 떡볶이 밀키트 순한맛 1,2인분', 'SE01-FA01-A1-MA0101-001663', 12000, '2026-01-17 15:02:15', '2026-01-17 15:02:15');
INSERT INTO sales_item (sales_id, product_id, quantity, product_code, product_name, lot, unit_price, created_at, updated_at) VALUES (9083, 17, 1, 'MA0101', '마라 떡볶이 밀키트 순한맛 1,2인분', 'SE01-FA01-A1-MA0101-001664', 12000, '2026-01-17 15:02:15', '2026-01-17 15:02:15');
INSERT INTO sales_item (sales_id, product_id, quantity, product_code, product_name, lot, unit_price, created_at, updated_at) VALUES (9083, 17, 1, 'MA0101', '마라 떡볶이 밀키트 순한맛 1,2인분', 'SE01-FA01-A1-MA0101-001665', 12000, '2026-01-17 15:02:15', '2026-01-17 15:02:15');
INSERT INTO sales_item (sales_id, product_id, quantity, product_code, product_name, lot, unit_price, created_at, updated_at) VALUES (9083, 17, 1, 'MA0101', '마라 떡볶이 밀키트 순한맛 1,2인분', 'SE01-FA01-A1-MA0101-001666', 12000, '2026-01-17 15:02:15', '2026-01-17 15:02:15');
INSERT INTO sales_item (sales_id, product_id, quantity, product_code, product_name, lot, unit_price, created_at, updated_at) VALUES (9083, 17, 1, 'MA0101', '마라 떡볶이 밀키트 순한맛 1,2인분', 'SE01-FA01-A1-MA0101-001667', 12000, '2026-01-17 15:02:15', '2026-01-17 15:02:15');
INSERT INTO sales_item (sales_id, product_id, quantity, product_code, product_name, lot, unit_price, created_at, updated_at) VALUES (9083, 17, 1, 'MA0101', '마라 떡볶이 밀키트 순한맛 1,2인분', 'SE01-FA01-A1-MA0101-001668', 12000, '2026-01-17 15:02:15', '2026-01-17 15:02:15');
INSERT INTO sales_item (sales_id, product_id, quantity, product_code, product_name, lot, unit_price, created_at, updated_at) VALUES (9083, 17, 1, 'MA0101', '마라 떡볶이 밀키트 순한맛 1,2인분', 'SE01-FA01-A1-MA0101-001669', 12000, '2026-01-17 15:02:15', '2026-01-17 15:02:15');
INSERT INTO sales_item (sales_id, product_id, quantity, product_code, product_name, lot, unit_price, created_at, updated_at) VALUES (9083, 17, 1, 'MA0101', '마라 떡볶이 밀키트 순한맛 1,2인분', 'SE01-FA01-A1-MA0101-001670', 12000, '2026-01-17 15:02:15', '2026-01-17 15:02:15');
INSERT INTO sales_item (sales_id, product_id, quantity, product_code, product_name, lot, unit_price, created_at, updated_at) VALUES (9083, 17, 1, 'MA0101', '마라 떡볶이 밀키트 순한맛 1,2인분', 'SE01-FA01-A1-MA0101-001671', 12000, '2026-01-17 15:02:15', '2026-01-17 15:02:15');
INSERT INTO sales_item (sales_id, product_id, quantity, product_code, product_name, lot, unit_price, created_at, updated_at) VALUES (9083, 17, 1, 'MA0101', '마라 떡볶이 밀키트 순한맛 1,2인분', 'SE01-FA01-A1-MA0101-001672', 12000, '2026-01-17 15:02:15', '2026-01-17 15:02:15');
INSERT INTO sales_item (sales_id, product_id, quantity, product_code, product_name, lot, unit_price, created_at, updated_at) VALUES (9083, 17, 1, 'MA0101', '마라 떡볶이 밀키트 순한맛 1,2인분', 'SE01-FA01-A1-MA0101-001673', 12000, '2026-01-17 15:02:15', '2026-01-17 15:02:15');
INSERT INTO sales_item (sales_id, product_id, quantity, product_code, product_name, lot, unit_price, created_at, updated_at) VALUES (9083, 17, 1, 'MA0101', '마라 떡볶이 밀키트 순한맛 1,2인분', 'SE01-FA01-A1-MA0101-001674', 12000, '2026-01-17 15:02:15', '2026-01-17 15:02:15');
INSERT INTO sales_item (sales_id, product_id, quantity, product_code, product_name, lot, unit_price, created_at, updated_at) VALUES (9083, 17, 1, 'MA0101', '마라 떡볶이 밀키트 순한맛 1,2인분', 'SE01-FA01-A1-MA0101-001675', 12000, '2026-01-17 15:02:15', '2026-01-17 15:02:15');
INSERT INTO sales_item (sales_id, product_id, quantity, product_code, product_name, lot, unit_price, created_at, updated_at) VALUES (9083, 17, 1, 'MA0101', '마라 떡볶이 밀키트 순한맛 1,2인분', 'SE01-FA01-A1-MA0101-001676', 12000, '2026-01-17 15:02:15', '2026-01-17 15:02:15');
INSERT INTO sales_item (sales_id, product_id, quantity, product_code, product_name, lot, unit_price, created_at, updated_at) VALUES (9083, 17, 1, 'MA0101', '마라 떡볶이 밀키트 순한맛 1,2인분', 'SE01-FA01-A1-MA0101-001677', 12000, '2026-01-17 15:02:15', '2026-01-17 15:02:15');
INSERT INTO sales_item (sales_id, product_id, quantity, product_code, product_name, lot, unit_price, created_at, updated_at) VALUES (9083, 17, 1, 'MA0101', '마라 떡볶이 밀키트 순한맛 1,2인분', 'SE01-FA01-A1-MA0101-001678', 12000, '2026-01-17 15:02:15', '2026-01-17 15:02:15');
INSERT INTO sales_item (sales_id, product_id, quantity, product_code, product_name, lot, unit_price, created_at, updated_at) VALUES (9083, 17, 1, 'MA0101', '마라 떡볶이 밀키트 순한맛 1,2인분', 'SE01-FA01-A1-MA0101-001679', 12000, '2026-01-17 15:02:15', '2026-01-17 15:02:15');
INSERT INTO sales_item (sales_id, product_id, quantity, product_code, product_name, lot, unit_price, created_at, updated_at) VALUES (9083, 17, 1, 'MA0101', '마라 떡볶이 밀키트 순한맛 1,2인분', 'SE01-FA01-A1-MA0101-001680', 12000, '2026-01-17 15:02:15', '2026-01-17 15:02:15');

INSERT INTO franchise_order (franchise_order_id, franchise_id, order_code, user_id, address, requirement, order_status, total_quantity, total_amount, delivery_date, delivery_time, cancelled_reason, created_at, updated_at, version) VALUES (9084, 1, 'PO-20260104-085', 1001, '서울시 강남구 테스트로 1', '60~90일 과거 더미데이터', 'COMPLETED', 20, 200000, '2026-01-06 19:56:40', '09:00', NULL, '2026-01-04 15:56:40', '2026-01-06 19:56:40', 0);
INSERT INTO franchise_order_item (franchise_order_item_id, franchise_order_id, quantity, product_id, unit_price, total_price, created_at, updated_at) VALUES (9084, 9084, 20, 2, 10000, 200000, '2026-01-04 15:56:40', '2026-01-04 15:56:40');
INSERT INTO inventorylog (product_id, product_name, box_code, transaction_code, log_type, quantity, from_location_type, from_location_id, to_location_type, to_location_id, actor_type, actor_id, created_at, updated_at) VALUES (2, '오리지널 떡볶이 밀키트 기본맛 1,2인분', 'SE01-FA01-A1-OR0201-A05', 'PO-20260104-085', 'OUTBOUND', 20, 'FACTORY', 1, 'FRANCHISE', 1, 'FACTORY', 1, '2026-01-05 17:56:40', '2026-01-05 17:56:40');
INSERT INTO inventorylog (product_id, product_name, box_code, transaction_code, log_type, quantity, from_location_type, from_location_id, to_location_type, to_location_id, actor_type, actor_id, created_at, updated_at) VALUES (2, '오리지널 떡볶이 밀키트 기본맛 1,2인분', 'SE01-FA01-A1-OR0201-A05', 'PO-20260104-085', 'INBOUND', 20, 'FACTORY', 1, 'FRANCHISE', 1, 'FRANCHISE', 1, '2026-01-06 19:56:40', '2026-01-06 19:56:40');
INSERT INTO sales (sales_id, franchise_id, sales_code, quantity, total_amount, is_canceled, created_at, updated_at) VALUES (9084, 1, 'SL-20260107-085', 20, 200000, false, '2026-01-07 21:56:40', '2026-01-07 21:56:40');
INSERT INTO sales_item (sales_id, product_id, quantity, product_code, product_name, lot, unit_price, created_at, updated_at) VALUES (9084, 2, 1, 'OR0201', '오리지널 떡볶이 밀키트 기본맛 1,2인분', 'SE01-FA01-A1-OR0201-001681', 10000, '2026-01-07 21:56:40', '2026-01-07 21:56:40');
INSERT INTO sales_item (sales_id, product_id, quantity, product_code, product_name, lot, unit_price, created_at, updated_at) VALUES (9084, 2, 1, 'OR0201', '오리지널 떡볶이 밀키트 기본맛 1,2인분', 'SE01-FA01-A1-OR0201-001682', 10000, '2026-01-07 21:56:40', '2026-01-07 21:56:40');
INSERT INTO sales_item (sales_id, product_id, quantity, product_code, product_name, lot, unit_price, created_at, updated_at) VALUES (9084, 2, 1, 'OR0201', '오리지널 떡볶이 밀키트 기본맛 1,2인분', 'SE01-FA01-A1-OR0201-001683', 10000, '2026-01-07 21:56:40', '2026-01-07 21:56:40');
INSERT INTO sales_item (sales_id, product_id, quantity, product_code, product_name, lot, unit_price, created_at, updated_at) VALUES (9084, 2, 1, 'OR0201', '오리지널 떡볶이 밀키트 기본맛 1,2인분', 'SE01-FA01-A1-OR0201-001684', 10000, '2026-01-07 21:56:40', '2026-01-07 21:56:40');
INSERT INTO sales_item (sales_id, product_id, quantity, product_code, product_name, lot, unit_price, created_at, updated_at) VALUES (9084, 2, 1, 'OR0201', '오리지널 떡볶이 밀키트 기본맛 1,2인분', 'SE01-FA01-A1-OR0201-001685', 10000, '2026-01-07 21:56:40', '2026-01-07 21:56:40');
INSERT INTO sales_item (sales_id, product_id, quantity, product_code, product_name, lot, unit_price, created_at, updated_at) VALUES (9084, 2, 1, 'OR0201', '오리지널 떡볶이 밀키트 기본맛 1,2인분', 'SE01-FA01-A1-OR0201-001686', 10000, '2026-01-07 21:56:40', '2026-01-07 21:56:40');
INSERT INTO sales_item (sales_id, product_id, quantity, product_code, product_name, lot, unit_price, created_at, updated_at) VALUES (9084, 2, 1, 'OR0201', '오리지널 떡볶이 밀키트 기본맛 1,2인분', 'SE01-FA01-A1-OR0201-001687', 10000, '2026-01-07 21:56:40', '2026-01-07 21:56:40');
INSERT INTO sales_item (sales_id, product_id, quantity, product_code, product_name, lot, unit_price, created_at, updated_at) VALUES (9084, 2, 1, 'OR0201', '오리지널 떡볶이 밀키트 기본맛 1,2인분', 'SE01-FA01-A1-OR0201-001688', 10000, '2026-01-07 21:56:40', '2026-01-07 21:56:40');
INSERT INTO sales_item (sales_id, product_id, quantity, product_code, product_name, lot, unit_price, created_at, updated_at) VALUES (9084, 2, 1, 'OR0201', '오리지널 떡볶이 밀키트 기본맛 1,2인분', 'SE01-FA01-A1-OR0201-001689', 10000, '2026-01-07 21:56:40', '2026-01-07 21:56:40');
INSERT INTO sales_item (sales_id, product_id, quantity, product_code, product_name, lot, unit_price, created_at, updated_at) VALUES (9084, 2, 1, 'OR0201', '오리지널 떡볶이 밀키트 기본맛 1,2인분', 'SE01-FA01-A1-OR0201-001690', 10000, '2026-01-07 21:56:40', '2026-01-07 21:56:40');
INSERT INTO sales_item (sales_id, product_id, quantity, product_code, product_name, lot, unit_price, created_at, updated_at) VALUES (9084, 2, 1, 'OR0201', '오리지널 떡볶이 밀키트 기본맛 1,2인분', 'SE01-FA01-A1-OR0201-001691', 10000, '2026-01-07 21:56:40', '2026-01-07 21:56:40');
INSERT INTO sales_item (sales_id, product_id, quantity, product_code, product_name, lot, unit_price, created_at, updated_at) VALUES (9084, 2, 1, 'OR0201', '오리지널 떡볶이 밀키트 기본맛 1,2인분', 'SE01-FA01-A1-OR0201-001692', 10000, '2026-01-07 21:56:40', '2026-01-07 21:56:40');
INSERT INTO sales_item (sales_id, product_id, quantity, product_code, product_name, lot, unit_price, created_at, updated_at) VALUES (9084, 2, 1, 'OR0201', '오리지널 떡볶이 밀키트 기본맛 1,2인분', 'SE01-FA01-A1-OR0201-001693', 10000, '2026-01-07 21:56:40', '2026-01-07 21:56:40');
INSERT INTO sales_item (sales_id, product_id, quantity, product_code, product_name, lot, unit_price, created_at, updated_at) VALUES (9084, 2, 1, 'OR0201', '오리지널 떡볶이 밀키트 기본맛 1,2인분', 'SE01-FA01-A1-OR0201-001694', 10000, '2026-01-07 21:56:40', '2026-01-07 21:56:40');
INSERT INTO sales_item (sales_id, product_id, quantity, product_code, product_name, lot, unit_price, created_at, updated_at) VALUES (9084, 2, 1, 'OR0201', '오리지널 떡볶이 밀키트 기본맛 1,2인분', 'SE01-FA01-A1-OR0201-001695', 10000, '2026-01-07 21:56:40', '2026-01-07 21:56:40');
INSERT INTO sales_item (sales_id, product_id, quantity, product_code, product_name, lot, unit_price, created_at, updated_at) VALUES (9084, 2, 1, 'OR0201', '오리지널 떡볶이 밀키트 기본맛 1,2인분', 'SE01-FA01-A1-OR0201-001696', 10000, '2026-01-07 21:56:40', '2026-01-07 21:56:40');
INSERT INTO sales_item (sales_id, product_id, quantity, product_code, product_name, lot, unit_price, created_at, updated_at) VALUES (9084, 2, 1, 'OR0201', '오리지널 떡볶이 밀키트 기본맛 1,2인분', 'SE01-FA01-A1-OR0201-001697', 10000, '2026-01-07 21:56:40', '2026-01-07 21:56:40');
INSERT INTO sales_item (sales_id, product_id, quantity, product_code, product_name, lot, unit_price, created_at, updated_at) VALUES (9084, 2, 1, 'OR0201', '오리지널 떡볶이 밀키트 기본맛 1,2인분', 'SE01-FA01-A1-OR0201-001698', 10000, '2026-01-07 21:56:40', '2026-01-07 21:56:40');
INSERT INTO sales_item (sales_id, product_id, quantity, product_code, product_name, lot, unit_price, created_at, updated_at) VALUES (9084, 2, 1, 'OR0201', '오리지널 떡볶이 밀키트 기본맛 1,2인분', 'SE01-FA01-A1-OR0201-001699', 10000, '2026-01-07 21:56:40', '2026-01-07 21:56:40');
INSERT INTO sales_item (sales_id, product_id, quantity, product_code, product_name, lot, unit_price, created_at, updated_at) VALUES (9084, 2, 1, 'OR0201', '오리지널 떡볶이 밀키트 기본맛 1,2인분', 'SE01-FA01-A1-OR0201-001700', 10000, '2026-01-07 21:56:40', '2026-01-07 21:56:40');

INSERT INTO franchise_order (franchise_order_id, franchise_id, order_code, user_id, address, requirement, order_status, total_quantity, total_amount, delivery_date, delivery_time, cancelled_reason, created_at, updated_at, version) VALUES (9085, 1, 'PO-20251227-086', 1001, '서울시 강남구 테스트로 1', '60~90일 과거 더미데이터', 'COMPLETED', 20, 360000, '2025-12-29 19:31:25', '09:00', NULL, '2025-12-27 15:31:25', '2025-12-29 19:31:25', 0);
INSERT INTO franchise_order_item (franchise_order_item_id, franchise_order_id, quantity, product_id, unit_price, total_price, created_at, updated_at) VALUES (9085, 9085, 20, 5, 18000, 360000, '2025-12-27 15:31:25', '2025-12-27 15:31:25');
INSERT INTO inventorylog (product_id, product_name, box_code, transaction_code, log_type, quantity, from_location_type, from_location_id, to_location_type, to_location_id, actor_type, actor_id, created_at, updated_at) VALUES (5, '오리지널 떡볶이 밀키트 순한맛 3,4인분', 'SE01-FA01-A1-OR0103-A03', 'PO-20251227-086', 'OUTBOUND', 20, 'FACTORY', 1, 'FRANCHISE', 1, 'FACTORY', 1, '2025-12-28 17:31:25', '2025-12-28 17:31:25');
INSERT INTO inventorylog (product_id, product_name, box_code, transaction_code, log_type, quantity, from_location_type, from_location_id, to_location_type, to_location_id, actor_type, actor_id, created_at, updated_at) VALUES (5, '오리지널 떡볶이 밀키트 순한맛 3,4인분', 'SE01-FA01-A1-OR0103-A03', 'PO-20251227-086', 'INBOUND', 20, 'FACTORY', 1, 'FRANCHISE', 1, 'FRANCHISE', 1, '2025-12-29 19:31:25', '2025-12-29 19:31:25');
INSERT INTO sales (sales_id, franchise_id, sales_code, quantity, total_amount, is_canceled, created_at, updated_at) VALUES (9085, 1, 'SL-20251230-086', 20, 360000, false, '2025-12-30 21:31:25', '2025-12-30 21:31:25');
INSERT INTO sales_item (sales_id, product_id, quantity, product_code, product_name, lot, unit_price, created_at, updated_at) VALUES (9085, 5, 1, 'OR0103', '오리지널 떡볶이 밀키트 순한맛 3,4인분', 'SE01-FA01-A1-OR0103-001701', 18000, '2025-12-30 21:31:25', '2025-12-30 21:31:25');
INSERT INTO sales_item (sales_id, product_id, quantity, product_code, product_name, lot, unit_price, created_at, updated_at) VALUES (9085, 5, 1, 'OR0103', '오리지널 떡볶이 밀키트 순한맛 3,4인분', 'SE01-FA01-A1-OR0103-001702', 18000, '2025-12-30 21:31:25', '2025-12-30 21:31:25');
INSERT INTO sales_item (sales_id, product_id, quantity, product_code, product_name, lot, unit_price, created_at, updated_at) VALUES (9085, 5, 1, 'OR0103', '오리지널 떡볶이 밀키트 순한맛 3,4인분', 'SE01-FA01-A1-OR0103-001703', 18000, '2025-12-30 21:31:25', '2025-12-30 21:31:25');
INSERT INTO sales_item (sales_id, product_id, quantity, product_code, product_name, lot, unit_price, created_at, updated_at) VALUES (9085, 5, 1, 'OR0103', '오리지널 떡볶이 밀키트 순한맛 3,4인분', 'SE01-FA01-A1-OR0103-001704', 18000, '2025-12-30 21:31:25', '2025-12-30 21:31:25');
INSERT INTO sales_item (sales_id, product_id, quantity, product_code, product_name, lot, unit_price, created_at, updated_at) VALUES (9085, 5, 1, 'OR0103', '오리지널 떡볶이 밀키트 순한맛 3,4인분', 'SE01-FA01-A1-OR0103-001705', 18000, '2025-12-30 21:31:25', '2025-12-30 21:31:25');
INSERT INTO sales_item (sales_id, product_id, quantity, product_code, product_name, lot, unit_price, created_at, updated_at) VALUES (9085, 5, 1, 'OR0103', '오리지널 떡볶이 밀키트 순한맛 3,4인분', 'SE01-FA01-A1-OR0103-001706', 18000, '2025-12-30 21:31:25', '2025-12-30 21:31:25');
INSERT INTO sales_item (sales_id, product_id, quantity, product_code, product_name, lot, unit_price, created_at, updated_at) VALUES (9085, 5, 1, 'OR0103', '오리지널 떡볶이 밀키트 순한맛 3,4인분', 'SE01-FA01-A1-OR0103-001707', 18000, '2025-12-30 21:31:25', '2025-12-30 21:31:25');
INSERT INTO sales_item (sales_id, product_id, quantity, product_code, product_name, lot, unit_price, created_at, updated_at) VALUES (9085, 5, 1, 'OR0103', '오리지널 떡볶이 밀키트 순한맛 3,4인분', 'SE01-FA01-A1-OR0103-001708', 18000, '2025-12-30 21:31:25', '2025-12-30 21:31:25');
INSERT INTO sales_item (sales_id, product_id, quantity, product_code, product_name, lot, unit_price, created_at, updated_at) VALUES (9085, 5, 1, 'OR0103', '오리지널 떡볶이 밀키트 순한맛 3,4인분', 'SE01-FA01-A1-OR0103-001709', 18000, '2025-12-30 21:31:25', '2025-12-30 21:31:25');
INSERT INTO sales_item (sales_id, product_id, quantity, product_code, product_name, lot, unit_price, created_at, updated_at) VALUES (9085, 5, 1, 'OR0103', '오리지널 떡볶이 밀키트 순한맛 3,4인분', 'SE01-FA01-A1-OR0103-001710', 18000, '2025-12-30 21:31:25', '2025-12-30 21:31:25');
INSERT INTO sales_item (sales_id, product_id, quantity, product_code, product_name, lot, unit_price, created_at, updated_at) VALUES (9085, 5, 1, 'OR0103', '오리지널 떡볶이 밀키트 순한맛 3,4인분', 'SE01-FA01-A1-OR0103-001711', 18000, '2025-12-30 21:31:25', '2025-12-30 21:31:25');
INSERT INTO sales_item (sales_id, product_id, quantity, product_code, product_name, lot, unit_price, created_at, updated_at) VALUES (9085, 5, 1, 'OR0103', '오리지널 떡볶이 밀키트 순한맛 3,4인분', 'SE01-FA01-A1-OR0103-001712', 18000, '2025-12-30 21:31:25', '2025-12-30 21:31:25');
INSERT INTO sales_item (sales_id, product_id, quantity, product_code, product_name, lot, unit_price, created_at, updated_at) VALUES (9085, 5, 1, 'OR0103', '오리지널 떡볶이 밀키트 순한맛 3,4인분', 'SE01-FA01-A1-OR0103-001713', 18000, '2025-12-30 21:31:25', '2025-12-30 21:31:25');
INSERT INTO sales_item (sales_id, product_id, quantity, product_code, product_name, lot, unit_price, created_at, updated_at) VALUES (9085, 5, 1, 'OR0103', '오리지널 떡볶이 밀키트 순한맛 3,4인분', 'SE01-FA01-A1-OR0103-001714', 18000, '2025-12-30 21:31:25', '2025-12-30 21:31:25');
INSERT INTO sales_item (sales_id, product_id, quantity, product_code, product_name, lot, unit_price, created_at, updated_at) VALUES (9085, 5, 1, 'OR0103', '오리지널 떡볶이 밀키트 순한맛 3,4인분', 'SE01-FA01-A1-OR0103-001715', 18000, '2025-12-30 21:31:25', '2025-12-30 21:31:25');
INSERT INTO sales_item (sales_id, product_id, quantity, product_code, product_name, lot, unit_price, created_at, updated_at) VALUES (9085, 5, 1, 'OR0103', '오리지널 떡볶이 밀키트 순한맛 3,4인분', 'SE01-FA01-A1-OR0103-001716', 18000, '2025-12-30 21:31:25', '2025-12-30 21:31:25');
INSERT INTO sales_item (sales_id, product_id, quantity, product_code, product_name, lot, unit_price, created_at, updated_at) VALUES (9085, 5, 1, 'OR0103', '오리지널 떡볶이 밀키트 순한맛 3,4인분', 'SE01-FA01-A1-OR0103-001717', 18000, '2025-12-30 21:31:25', '2025-12-30 21:31:25');
INSERT INTO sales_item (sales_id, product_id, quantity, product_code, product_name, lot, unit_price, created_at, updated_at) VALUES (9085, 5, 1, 'OR0103', '오리지널 떡볶이 밀키트 순한맛 3,4인분', 'SE01-FA01-A1-OR0103-001718', 18000, '2025-12-30 21:31:25', '2025-12-30 21:31:25');
INSERT INTO sales_item (sales_id, product_id, quantity, product_code, product_name, lot, unit_price, created_at, updated_at) VALUES (9085, 5, 1, 'OR0103', '오리지널 떡볶이 밀키트 순한맛 3,4인분', 'SE01-FA01-A1-OR0103-001719', 18000, '2025-12-30 21:31:25', '2025-12-30 21:31:25');
INSERT INTO sales_item (sales_id, product_id, quantity, product_code, product_name, lot, unit_price, created_at, updated_at) VALUES (9085, 5, 1, 'OR0103', '오리지널 떡볶이 밀키트 순한맛 3,4인분', 'SE01-FA01-A1-OR0103-001720', 18000, '2025-12-30 21:31:25', '2025-12-30 21:31:25');

INSERT INTO franchise_order (franchise_order_id, franchise_id, order_code, user_id, address, requirement, order_status, total_quantity, total_amount, delivery_date, delivery_time, cancelled_reason, created_at, updated_at, version) VALUES (9086, 1, 'PO-20251229-087', 1001, '서울시 강남구 테스트로 1', '60~90일 과거 더미데이터', 'COMPLETED', 20, 360000, '2025-12-31 13:57:48', '09:00', NULL, '2025-12-29 09:57:48', '2025-12-31 13:57:48', 0);
INSERT INTO franchise_order_item (franchise_order_item_id, franchise_order_id, quantity, product_id, unit_price, total_price, created_at, updated_at) VALUES (9086, 9086, 20, 7, 18000, 360000, '2025-12-29 09:57:48', '2025-12-29 09:57:48');
INSERT INTO inventorylog (product_id, product_name, box_code, transaction_code, log_type, quantity, from_location_type, from_location_id, to_location_type, to_location_id, actor_type, actor_id, created_at, updated_at) VALUES (7, '오리지널 떡볶이 밀키트 매운맛 3,4인분', 'SE01-FA01-A1-OR0303-A04', 'PO-20251229-087', 'OUTBOUND', 20, 'FACTORY', 1, 'FRANCHISE', 1, 'FACTORY', 1, '2025-12-30 11:57:48', '2025-12-30 11:57:48');
INSERT INTO inventorylog (product_id, product_name, box_code, transaction_code, log_type, quantity, from_location_type, from_location_id, to_location_type, to_location_id, actor_type, actor_id, created_at, updated_at) VALUES (7, '오리지널 떡볶이 밀키트 매운맛 3,4인분', 'SE01-FA01-A1-OR0303-A04', 'PO-20251229-087', 'INBOUND', 20, 'FACTORY', 1, 'FRANCHISE', 1, 'FRANCHISE', 1, '2025-12-31 13:57:48', '2025-12-31 13:57:48');
INSERT INTO sales (sales_id, franchise_id, sales_code, quantity, total_amount, is_canceled, created_at, updated_at) VALUES (9086, 1, 'SL-20260101-087', 20, 360000, false, '2026-01-01 15:57:48', '2026-01-01 15:57:48');
INSERT INTO sales_item (sales_id, product_id, quantity, product_code, product_name, lot, unit_price, created_at, updated_at) VALUES (9086, 7, 1, 'OR0303', '오리지널 떡볶이 밀키트 매운맛 3,4인분', 'SE01-FA01-A1-OR0303-001721', 18000, '2026-01-01 15:57:48', '2026-01-01 15:57:48');
INSERT INTO sales_item (sales_id, product_id, quantity, product_code, product_name, lot, unit_price, created_at, updated_at) VALUES (9086, 7, 1, 'OR0303', '오리지널 떡볶이 밀키트 매운맛 3,4인분', 'SE01-FA01-A1-OR0303-001722', 18000, '2026-01-01 15:57:48', '2026-01-01 15:57:48');
INSERT INTO sales_item (sales_id, product_id, quantity, product_code, product_name, lot, unit_price, created_at, updated_at) VALUES (9086, 7, 1, 'OR0303', '오리지널 떡볶이 밀키트 매운맛 3,4인분', 'SE01-FA01-A1-OR0303-001723', 18000, '2026-01-01 15:57:48', '2026-01-01 15:57:48');
INSERT INTO sales_item (sales_id, product_id, quantity, product_code, product_name, lot, unit_price, created_at, updated_at) VALUES (9086, 7, 1, 'OR0303', '오리지널 떡볶이 밀키트 매운맛 3,4인분', 'SE01-FA01-A1-OR0303-001724', 18000, '2026-01-01 15:57:48', '2026-01-01 15:57:48');
INSERT INTO sales_item (sales_id, product_id, quantity, product_code, product_name, lot, unit_price, created_at, updated_at) VALUES (9086, 7, 1, 'OR0303', '오리지널 떡볶이 밀키트 매운맛 3,4인분', 'SE01-FA01-A1-OR0303-001725', 18000, '2026-01-01 15:57:48', '2026-01-01 15:57:48');
INSERT INTO sales_item (sales_id, product_id, quantity, product_code, product_name, lot, unit_price, created_at, updated_at) VALUES (9086, 7, 1, 'OR0303', '오리지널 떡볶이 밀키트 매운맛 3,4인분', 'SE01-FA01-A1-OR0303-001726', 18000, '2026-01-01 15:57:48', '2026-01-01 15:57:48');
INSERT INTO sales_item (sales_id, product_id, quantity, product_code, product_name, lot, unit_price, created_at, updated_at) VALUES (9086, 7, 1, 'OR0303', '오리지널 떡볶이 밀키트 매운맛 3,4인분', 'SE01-FA01-A1-OR0303-001727', 18000, '2026-01-01 15:57:48', '2026-01-01 15:57:48');
INSERT INTO sales_item (sales_id, product_id, quantity, product_code, product_name, lot, unit_price, created_at, updated_at) VALUES (9086, 7, 1, 'OR0303', '오리지널 떡볶이 밀키트 매운맛 3,4인분', 'SE01-FA01-A1-OR0303-001728', 18000, '2026-01-01 15:57:48', '2026-01-01 15:57:48');
INSERT INTO sales_item (sales_id, product_id, quantity, product_code, product_name, lot, unit_price, created_at, updated_at) VALUES (9086, 7, 1, 'OR0303', '오리지널 떡볶이 밀키트 매운맛 3,4인분', 'SE01-FA01-A1-OR0303-001729', 18000, '2026-01-01 15:57:48', '2026-01-01 15:57:48');
INSERT INTO sales_item (sales_id, product_id, quantity, product_code, product_name, lot, unit_price, created_at, updated_at) VALUES (9086, 7, 1, 'OR0303', '오리지널 떡볶이 밀키트 매운맛 3,4인분', 'SE01-FA01-A1-OR0303-001730', 18000, '2026-01-01 15:57:48', '2026-01-01 15:57:48');
INSERT INTO sales_item (sales_id, product_id, quantity, product_code, product_name, lot, unit_price, created_at, updated_at) VALUES (9086, 7, 1, 'OR0303', '오리지널 떡볶이 밀키트 매운맛 3,4인분', 'SE01-FA01-A1-OR0303-001731', 18000, '2026-01-01 15:57:48', '2026-01-01 15:57:48');
INSERT INTO sales_item (sales_id, product_id, quantity, product_code, product_name, lot, unit_price, created_at, updated_at) VALUES (9086, 7, 1, 'OR0303', '오리지널 떡볶이 밀키트 매운맛 3,4인분', 'SE01-FA01-A1-OR0303-001732', 18000, '2026-01-01 15:57:48', '2026-01-01 15:57:48');
INSERT INTO sales_item (sales_id, product_id, quantity, product_code, product_name, lot, unit_price, created_at, updated_at) VALUES (9086, 7, 1, 'OR0303', '오리지널 떡볶이 밀키트 매운맛 3,4인분', 'SE01-FA01-A1-OR0303-001733', 18000, '2026-01-01 15:57:48', '2026-01-01 15:57:48');
INSERT INTO sales_item (sales_id, product_id, quantity, product_code, product_name, lot, unit_price, created_at, updated_at) VALUES (9086, 7, 1, 'OR0303', '오리지널 떡볶이 밀키트 매운맛 3,4인분', 'SE01-FA01-A1-OR0303-001734', 18000, '2026-01-01 15:57:48', '2026-01-01 15:57:48');
INSERT INTO sales_item (sales_id, product_id, quantity, product_code, product_name, lot, unit_price, created_at, updated_at) VALUES (9086, 7, 1, 'OR0303', '오리지널 떡볶이 밀키트 매운맛 3,4인분', 'SE01-FA01-A1-OR0303-001735', 18000, '2026-01-01 15:57:48', '2026-01-01 15:57:48');
INSERT INTO sales_item (sales_id, product_id, quantity, product_code, product_name, lot, unit_price, created_at, updated_at) VALUES (9086, 7, 1, 'OR0303', '오리지널 떡볶이 밀키트 매운맛 3,4인분', 'SE01-FA01-A1-OR0303-001736', 18000, '2026-01-01 15:57:48', '2026-01-01 15:57:48');
INSERT INTO sales_item (sales_id, product_id, quantity, product_code, product_name, lot, unit_price, created_at, updated_at) VALUES (9086, 7, 1, 'OR0303', '오리지널 떡볶이 밀키트 매운맛 3,4인분', 'SE01-FA01-A1-OR0303-001737', 18000, '2026-01-01 15:57:48', '2026-01-01 15:57:48');
INSERT INTO sales_item (sales_id, product_id, quantity, product_code, product_name, lot, unit_price, created_at, updated_at) VALUES (9086, 7, 1, 'OR0303', '오리지널 떡볶이 밀키트 매운맛 3,4인분', 'SE01-FA01-A1-OR0303-001738', 18000, '2026-01-01 15:57:48', '2026-01-01 15:57:48');
INSERT INTO sales_item (sales_id, product_id, quantity, product_code, product_name, lot, unit_price, created_at, updated_at) VALUES (9086, 7, 1, 'OR0303', '오리지널 떡볶이 밀키트 매운맛 3,4인분', 'SE01-FA01-A1-OR0303-001739', 18000, '2026-01-01 15:57:48', '2026-01-01 15:57:48');
INSERT INTO sales_item (sales_id, product_id, quantity, product_code, product_name, lot, unit_price, created_at, updated_at) VALUES (9086, 7, 1, 'OR0303', '오리지널 떡볶이 밀키트 매운맛 3,4인분', 'SE01-FA01-A1-OR0303-001740', 18000, '2026-01-01 15:57:48', '2026-01-01 15:57:48');

INSERT INTO franchise_order (franchise_order_id, franchise_id, order_code, user_id, address, requirement, order_status, total_quantity, total_amount, delivery_date, delivery_time, cancelled_reason, created_at, updated_at, version) VALUES (9087, 1, 'PO-20251225-088', 1001, '서울시 강남구 테스트로 1', '60~90일 과거 더미데이터', 'COMPLETED', 20, 200000, '2025-12-27 19:14:11', '09:00', NULL, '2025-12-25 15:14:11', '2025-12-27 19:14:11', 0);
INSERT INTO franchise_order_item (franchise_order_item_id, franchise_order_id, quantity, product_id, unit_price, total_price, created_at, updated_at) VALUES (9087, 9087, 20, 4, 10000, 200000, '2025-12-25 15:14:11', '2025-12-25 15:14:11');
INSERT INTO inventorylog (product_id, product_name, box_code, transaction_code, log_type, quantity, from_location_type, from_location_id, to_location_type, to_location_id, actor_type, actor_id, created_at, updated_at) VALUES (4, '오리지널 떡볶이 밀키트 아주매운맛 1,2인분', 'SE01-FA01-A1-OR0401-A04', 'PO-20251225-088', 'OUTBOUND', 20, 'FACTORY', 1, 'FRANCHISE', 1, 'FACTORY', 1, '2025-12-26 17:14:11', '2025-12-26 17:14:11');
INSERT INTO inventorylog (product_id, product_name, box_code, transaction_code, log_type, quantity, from_location_type, from_location_id, to_location_type, to_location_id, actor_type, actor_id, created_at, updated_at) VALUES (4, '오리지널 떡볶이 밀키트 아주매운맛 1,2인분', 'SE01-FA01-A1-OR0401-A04', 'PO-20251225-088', 'INBOUND', 20, 'FACTORY', 1, 'FRANCHISE', 1, 'FRANCHISE', 1, '2025-12-27 19:14:11', '2025-12-27 19:14:11');
INSERT INTO sales (sales_id, franchise_id, sales_code, quantity, total_amount, is_canceled, created_at, updated_at) VALUES (9087, 1, 'SL-20251228-088', 20, 200000, false, '2025-12-28 21:14:11', '2025-12-28 21:14:11');
INSERT INTO sales_item (sales_id, product_id, quantity, product_code, product_name, lot, unit_price, created_at, updated_at) VALUES (9087, 4, 1, 'OR0401', '오리지널 떡볶이 밀키트 아주매운맛 1,2인분', 'SE01-FA01-A1-OR0401-001741', 10000, '2025-12-28 21:14:11', '2025-12-28 21:14:11');
INSERT INTO sales_item (sales_id, product_id, quantity, product_code, product_name, lot, unit_price, created_at, updated_at) VALUES (9087, 4, 1, 'OR0401', '오리지널 떡볶이 밀키트 아주매운맛 1,2인분', 'SE01-FA01-A1-OR0401-001742', 10000, '2025-12-28 21:14:11', '2025-12-28 21:14:11');
INSERT INTO sales_item (sales_id, product_id, quantity, product_code, product_name, lot, unit_price, created_at, updated_at) VALUES (9087, 4, 1, 'OR0401', '오리지널 떡볶이 밀키트 아주매운맛 1,2인분', 'SE01-FA01-A1-OR0401-001743', 10000, '2025-12-28 21:14:11', '2025-12-28 21:14:11');
INSERT INTO sales_item (sales_id, product_id, quantity, product_code, product_name, lot, unit_price, created_at, updated_at) VALUES (9087, 4, 1, 'OR0401', '오리지널 떡볶이 밀키트 아주매운맛 1,2인분', 'SE01-FA01-A1-OR0401-001744', 10000, '2025-12-28 21:14:11', '2025-12-28 21:14:11');
INSERT INTO sales_item (sales_id, product_id, quantity, product_code, product_name, lot, unit_price, created_at, updated_at) VALUES (9087, 4, 1, 'OR0401', '오리지널 떡볶이 밀키트 아주매운맛 1,2인분', 'SE01-FA01-A1-OR0401-001745', 10000, '2025-12-28 21:14:11', '2025-12-28 21:14:11');
INSERT INTO sales_item (sales_id, product_id, quantity, product_code, product_name, lot, unit_price, created_at, updated_at) VALUES (9087, 4, 1, 'OR0401', '오리지널 떡볶이 밀키트 아주매운맛 1,2인분', 'SE01-FA01-A1-OR0401-001746', 10000, '2025-12-28 21:14:11', '2025-12-28 21:14:11');
INSERT INTO sales_item (sales_id, product_id, quantity, product_code, product_name, lot, unit_price, created_at, updated_at) VALUES (9087, 4, 1, 'OR0401', '오리지널 떡볶이 밀키트 아주매운맛 1,2인분', 'SE01-FA01-A1-OR0401-001747', 10000, '2025-12-28 21:14:11', '2025-12-28 21:14:11');
INSERT INTO sales_item (sales_id, product_id, quantity, product_code, product_name, lot, unit_price, created_at, updated_at) VALUES (9087, 4, 1, 'OR0401', '오리지널 떡볶이 밀키트 아주매운맛 1,2인분', 'SE01-FA01-A1-OR0401-001748', 10000, '2025-12-28 21:14:11', '2025-12-28 21:14:11');
INSERT INTO sales_item (sales_id, product_id, quantity, product_code, product_name, lot, unit_price, created_at, updated_at) VALUES (9087, 4, 1, 'OR0401', '오리지널 떡볶이 밀키트 아주매운맛 1,2인분', 'SE01-FA01-A1-OR0401-001749', 10000, '2025-12-28 21:14:11', '2025-12-28 21:14:11');
INSERT INTO sales_item (sales_id, product_id, quantity, product_code, product_name, lot, unit_price, created_at, updated_at) VALUES (9087, 4, 1, 'OR0401', '오리지널 떡볶이 밀키트 아주매운맛 1,2인분', 'SE01-FA01-A1-OR0401-001750', 10000, '2025-12-28 21:14:11', '2025-12-28 21:14:11');
INSERT INTO sales_item (sales_id, product_id, quantity, product_code, product_name, lot, unit_price, created_at, updated_at) VALUES (9087, 4, 1, 'OR0401', '오리지널 떡볶이 밀키트 아주매운맛 1,2인분', 'SE01-FA01-A1-OR0401-001751', 10000, '2025-12-28 21:14:11', '2025-12-28 21:14:11');
INSERT INTO sales_item (sales_id, product_id, quantity, product_code, product_name, lot, unit_price, created_at, updated_at) VALUES (9087, 4, 1, 'OR0401', '오리지널 떡볶이 밀키트 아주매운맛 1,2인분', 'SE01-FA01-A1-OR0401-001752', 10000, '2025-12-28 21:14:11', '2025-12-28 21:14:11');
INSERT INTO sales_item (sales_id, product_id, quantity, product_code, product_name, lot, unit_price, created_at, updated_at) VALUES (9087, 4, 1, 'OR0401', '오리지널 떡볶이 밀키트 아주매운맛 1,2인분', 'SE01-FA01-A1-OR0401-001753', 10000, '2025-12-28 21:14:11', '2025-12-28 21:14:11');
INSERT INTO sales_item (sales_id, product_id, quantity, product_code, product_name, lot, unit_price, created_at, updated_at) VALUES (9087, 4, 1, 'OR0401', '오리지널 떡볶이 밀키트 아주매운맛 1,2인분', 'SE01-FA01-A1-OR0401-001754', 10000, '2025-12-28 21:14:11', '2025-12-28 21:14:11');
INSERT INTO sales_item (sales_id, product_id, quantity, product_code, product_name, lot, unit_price, created_at, updated_at) VALUES (9087, 4, 1, 'OR0401', '오리지널 떡볶이 밀키트 아주매운맛 1,2인분', 'SE01-FA01-A1-OR0401-001755', 10000, '2025-12-28 21:14:11', '2025-12-28 21:14:11');
INSERT INTO sales_item (sales_id, product_id, quantity, product_code, product_name, lot, unit_price, created_at, updated_at) VALUES (9087, 4, 1, 'OR0401', '오리지널 떡볶이 밀키트 아주매운맛 1,2인분', 'SE01-FA01-A1-OR0401-001756', 10000, '2025-12-28 21:14:11', '2025-12-28 21:14:11');
INSERT INTO sales_item (sales_id, product_id, quantity, product_code, product_name, lot, unit_price, created_at, updated_at) VALUES (9087, 4, 1, 'OR0401', '오리지널 떡볶이 밀키트 아주매운맛 1,2인분', 'SE01-FA01-A1-OR0401-001757', 10000, '2025-12-28 21:14:11', '2025-12-28 21:14:11');
INSERT INTO sales_item (sales_id, product_id, quantity, product_code, product_name, lot, unit_price, created_at, updated_at) VALUES (9087, 4, 1, 'OR0401', '오리지널 떡볶이 밀키트 아주매운맛 1,2인분', 'SE01-FA01-A1-OR0401-001758', 10000, '2025-12-28 21:14:11', '2025-12-28 21:14:11');
INSERT INTO sales_item (sales_id, product_id, quantity, product_code, product_name, lot, unit_price, created_at, updated_at) VALUES (9087, 4, 1, 'OR0401', '오리지널 떡볶이 밀키트 아주매운맛 1,2인분', 'SE01-FA01-A1-OR0401-001759', 10000, '2025-12-28 21:14:11', '2025-12-28 21:14:11');
INSERT INTO sales_item (sales_id, product_id, quantity, product_code, product_name, lot, unit_price, created_at, updated_at) VALUES (9087, 4, 1, 'OR0401', '오리지널 떡볶이 밀키트 아주매운맛 1,2인분', 'SE01-FA01-A1-OR0401-001760', 10000, '2025-12-28 21:14:11', '2025-12-28 21:14:11');

INSERT INTO franchise_order (franchise_order_id, franchise_id, order_code, user_id, address, requirement, order_status, total_quantity, total_amount, delivery_date, delivery_time, cancelled_reason, created_at, updated_at, version) VALUES (9088, 1, 'PO-20260117-089', 1001, '서울시 강남구 테스트로 1', '60~90일 과거 더미데이터', 'COMPLETED', 20, 240000, '2026-01-19 21:15:58', '09:00', NULL, '2026-01-17 17:15:58', '2026-01-19 21:15:58', 0);
INSERT INTO franchise_order_item (franchise_order_item_id, franchise_order_id, quantity, product_id, unit_price, total_price, created_at, updated_at) VALUES (9088, 9088, 20, 12, 12000, 240000, '2026-01-17 17:15:58', '2026-01-17 17:15:58');
INSERT INTO inventorylog (product_id, product_name, box_code, transaction_code, log_type, quantity, from_location_type, from_location_id, to_location_type, to_location_id, actor_type, actor_id, created_at, updated_at) VALUES (12, '로제 떡볶이 밀키트 아주매운맛 1,2인분', 'SE01-FA01-A1-RO0401-A03', 'PO-20260117-089', 'OUTBOUND', 20, 'FACTORY', 1, 'FRANCHISE', 1, 'FACTORY', 1, '2026-01-18 19:15:58', '2026-01-18 19:15:58');
INSERT INTO inventorylog (product_id, product_name, box_code, transaction_code, log_type, quantity, from_location_type, from_location_id, to_location_type, to_location_id, actor_type, actor_id, created_at, updated_at) VALUES (12, '로제 떡볶이 밀키트 아주매운맛 1,2인분', 'SE01-FA01-A1-RO0401-A03', 'PO-20260117-089', 'INBOUND', 20, 'FACTORY', 1, 'FRANCHISE', 1, 'FRANCHISE', 1, '2026-01-19 21:15:58', '2026-01-19 21:15:58');
INSERT INTO sales (sales_id, franchise_id, sales_code, quantity, total_amount, is_canceled, created_at, updated_at) VALUES (9088, 1, 'SL-20260120-089', 20, 240000, false, '2026-01-20 23:15:58', '2026-01-20 23:15:58');
INSERT INTO sales_item (sales_id, product_id, quantity, product_code, product_name, lot, unit_price, created_at, updated_at) VALUES (9088, 12, 1, 'RO0401', '로제 떡볶이 밀키트 아주매운맛 1,2인분', 'SE01-FA01-A1-RO0401-001761', 12000, '2026-01-20 23:15:58', '2026-01-20 23:15:58');
INSERT INTO sales_item (sales_id, product_id, quantity, product_code, product_name, lot, unit_price, created_at, updated_at) VALUES (9088, 12, 1, 'RO0401', '로제 떡볶이 밀키트 아주매운맛 1,2인분', 'SE01-FA01-A1-RO0401-001762', 12000, '2026-01-20 23:15:58', '2026-01-20 23:15:58');
INSERT INTO sales_item (sales_id, product_id, quantity, product_code, product_name, lot, unit_price, created_at, updated_at) VALUES (9088, 12, 1, 'RO0401', '로제 떡볶이 밀키트 아주매운맛 1,2인분', 'SE01-FA01-A1-RO0401-001763', 12000, '2026-01-20 23:15:58', '2026-01-20 23:15:58');
INSERT INTO sales_item (sales_id, product_id, quantity, product_code, product_name, lot, unit_price, created_at, updated_at) VALUES (9088, 12, 1, 'RO0401', '로제 떡볶이 밀키트 아주매운맛 1,2인분', 'SE01-FA01-A1-RO0401-001764', 12000, '2026-01-20 23:15:58', '2026-01-20 23:15:58');
INSERT INTO sales_item (sales_id, product_id, quantity, product_code, product_name, lot, unit_price, created_at, updated_at) VALUES (9088, 12, 1, 'RO0401', '로제 떡볶이 밀키트 아주매운맛 1,2인분', 'SE01-FA01-A1-RO0401-001765', 12000, '2026-01-20 23:15:58', '2026-01-20 23:15:58');
INSERT INTO sales_item (sales_id, product_id, quantity, product_code, product_name, lot, unit_price, created_at, updated_at) VALUES (9088, 12, 1, 'RO0401', '로제 떡볶이 밀키트 아주매운맛 1,2인분', 'SE01-FA01-A1-RO0401-001766', 12000, '2026-01-20 23:15:58', '2026-01-20 23:15:58');
INSERT INTO sales_item (sales_id, product_id, quantity, product_code, product_name, lot, unit_price, created_at, updated_at) VALUES (9088, 12, 1, 'RO0401', '로제 떡볶이 밀키트 아주매운맛 1,2인분', 'SE01-FA01-A1-RO0401-001767', 12000, '2026-01-20 23:15:58', '2026-01-20 23:15:58');
INSERT INTO sales_item (sales_id, product_id, quantity, product_code, product_name, lot, unit_price, created_at, updated_at) VALUES (9088, 12, 1, 'RO0401', '로제 떡볶이 밀키트 아주매운맛 1,2인분', 'SE01-FA01-A1-RO0401-001768', 12000, '2026-01-20 23:15:58', '2026-01-20 23:15:58');
INSERT INTO sales_item (sales_id, product_id, quantity, product_code, product_name, lot, unit_price, created_at, updated_at) VALUES (9088, 12, 1, 'RO0401', '로제 떡볶이 밀키트 아주매운맛 1,2인분', 'SE01-FA01-A1-RO0401-001769', 12000, '2026-01-20 23:15:58', '2026-01-20 23:15:58');
INSERT INTO sales_item (sales_id, product_id, quantity, product_code, product_name, lot, unit_price, created_at, updated_at) VALUES (9088, 12, 1, 'RO0401', '로제 떡볶이 밀키트 아주매운맛 1,2인분', 'SE01-FA01-A1-RO0401-001770', 12000, '2026-01-20 23:15:58', '2026-01-20 23:15:58');
INSERT INTO sales_item (sales_id, product_id, quantity, product_code, product_name, lot, unit_price, created_at, updated_at) VALUES (9088, 12, 1, 'RO0401', '로제 떡볶이 밀키트 아주매운맛 1,2인분', 'SE01-FA01-A1-RO0401-001771', 12000, '2026-01-20 23:15:58', '2026-01-20 23:15:58');
INSERT INTO sales_item (sales_id, product_id, quantity, product_code, product_name, lot, unit_price, created_at, updated_at) VALUES (9088, 12, 1, 'RO0401', '로제 떡볶이 밀키트 아주매운맛 1,2인분', 'SE01-FA01-A1-RO0401-001772', 12000, '2026-01-20 23:15:58', '2026-01-20 23:15:58');
INSERT INTO sales_item (sales_id, product_id, quantity, product_code, product_name, lot, unit_price, created_at, updated_at) VALUES (9088, 12, 1, 'RO0401', '로제 떡볶이 밀키트 아주매운맛 1,2인분', 'SE01-FA01-A1-RO0401-001773', 12000, '2026-01-20 23:15:58', '2026-01-20 23:15:58');
INSERT INTO sales_item (sales_id, product_id, quantity, product_code, product_name, lot, unit_price, created_at, updated_at) VALUES (9088, 12, 1, 'RO0401', '로제 떡볶이 밀키트 아주매운맛 1,2인분', 'SE01-FA01-A1-RO0401-001774', 12000, '2026-01-20 23:15:58', '2026-01-20 23:15:58');
INSERT INTO sales_item (sales_id, product_id, quantity, product_code, product_name, lot, unit_price, created_at, updated_at) VALUES (9088, 12, 1, 'RO0401', '로제 떡볶이 밀키트 아주매운맛 1,2인분', 'SE01-FA01-A1-RO0401-001775', 12000, '2026-01-20 23:15:58', '2026-01-20 23:15:58');
INSERT INTO sales_item (sales_id, product_id, quantity, product_code, product_name, lot, unit_price, created_at, updated_at) VALUES (9088, 12, 1, 'RO0401', '로제 떡볶이 밀키트 아주매운맛 1,2인분', 'SE01-FA01-A1-RO0401-001776', 12000, '2026-01-20 23:15:58', '2026-01-20 23:15:58');
INSERT INTO sales_item (sales_id, product_id, quantity, product_code, product_name, lot, unit_price, created_at, updated_at) VALUES (9088, 12, 1, 'RO0401', '로제 떡볶이 밀키트 아주매운맛 1,2인분', 'SE01-FA01-A1-RO0401-001777', 12000, '2026-01-20 23:15:58', '2026-01-20 23:15:58');
INSERT INTO sales_item (sales_id, product_id, quantity, product_code, product_name, lot, unit_price, created_at, updated_at) VALUES (9088, 12, 1, 'RO0401', '로제 떡볶이 밀키트 아주매운맛 1,2인분', 'SE01-FA01-A1-RO0401-001778', 12000, '2026-01-20 23:15:58', '2026-01-20 23:15:58');
INSERT INTO sales_item (sales_id, product_id, quantity, product_code, product_name, lot, unit_price, created_at, updated_at) VALUES (9088, 12, 1, 'RO0401', '로제 떡볶이 밀키트 아주매운맛 1,2인분', 'SE01-FA01-A1-RO0401-001779', 12000, '2026-01-20 23:15:58', '2026-01-20 23:15:58');
INSERT INTO sales_item (sales_id, product_id, quantity, product_code, product_name, lot, unit_price, created_at, updated_at) VALUES (9088, 12, 1, 'RO0401', '로제 떡볶이 밀키트 아주매운맛 1,2인분', 'SE01-FA01-A1-RO0401-001780', 12000, '2026-01-20 23:15:58', '2026-01-20 23:15:58');

INSERT INTO franchise_order (franchise_order_id, franchise_id, order_code, user_id, address, requirement, order_status, total_quantity, total_amount, delivery_date, delivery_time, cancelled_reason, created_at, updated_at, version) VALUES (9089, 1, 'PO-20260114-090', 1001, '서울시 강남구 테스트로 1', '60~90일 과거 더미데이터', 'COMPLETED', 20, 440000, '2026-01-16 20:42:33', '09:00', NULL, '2026-01-14 16:42:33', '2026-01-16 20:42:33', 0);
INSERT INTO franchise_order_item (franchise_order_item_id, franchise_order_id, quantity, product_id, unit_price, total_price, created_at, updated_at) VALUES (9089, 9089, 20, 22, 22000, 440000, '2026-01-14 16:42:33', '2026-01-14 16:42:33');
INSERT INTO inventorylog (product_id, product_name, box_code, transaction_code, log_type, quantity, from_location_type, from_location_id, to_location_type, to_location_id, actor_type, actor_id, created_at, updated_at) VALUES (22, '마라 떡볶이 밀키트 기본맛 3,4인분', 'SE01-FA01-A1-MA0203-A04', 'PO-20260114-090', 'OUTBOUND', 20, 'FACTORY', 1, 'FRANCHISE', 1, 'FACTORY', 1, '2026-01-15 18:42:33', '2026-01-15 18:42:33');
INSERT INTO inventorylog (product_id, product_name, box_code, transaction_code, log_type, quantity, from_location_type, from_location_id, to_location_type, to_location_id, actor_type, actor_id, created_at, updated_at) VALUES (22, '마라 떡볶이 밀키트 기본맛 3,4인분', 'SE01-FA01-A1-MA0203-A04', 'PO-20260114-090', 'INBOUND', 20, 'FACTORY', 1, 'FRANCHISE', 1, 'FRANCHISE', 1, '2026-01-16 20:42:33', '2026-01-16 20:42:33');
INSERT INTO sales (sales_id, franchise_id, sales_code, quantity, total_amount, is_canceled, created_at, updated_at) VALUES (9089, 1, 'SL-20260117-090', 20, 440000, false, '2026-01-17 22:42:33', '2026-01-17 22:42:33');
INSERT INTO sales_item (sales_id, product_id, quantity, product_code, product_name, lot, unit_price, created_at, updated_at) VALUES (9089, 22, 1, 'MA0203', '마라 떡볶이 밀키트 기본맛 3,4인분', 'SE01-FA01-A1-MA0203-001781', 22000, '2026-01-17 22:42:33', '2026-01-17 22:42:33');
INSERT INTO sales_item (sales_id, product_id, quantity, product_code, product_name, lot, unit_price, created_at, updated_at) VALUES (9089, 22, 1, 'MA0203', '마라 떡볶이 밀키트 기본맛 3,4인분', 'SE01-FA01-A1-MA0203-001782', 22000, '2026-01-17 22:42:33', '2026-01-17 22:42:33');
INSERT INTO sales_item (sales_id, product_id, quantity, product_code, product_name, lot, unit_price, created_at, updated_at) VALUES (9089, 22, 1, 'MA0203', '마라 떡볶이 밀키트 기본맛 3,4인분', 'SE01-FA01-A1-MA0203-001783', 22000, '2026-01-17 22:42:33', '2026-01-17 22:42:33');
INSERT INTO sales_item (sales_id, product_id, quantity, product_code, product_name, lot, unit_price, created_at, updated_at) VALUES (9089, 22, 1, 'MA0203', '마라 떡볶이 밀키트 기본맛 3,4인분', 'SE01-FA01-A1-MA0203-001784', 22000, '2026-01-17 22:42:33', '2026-01-17 22:42:33');
INSERT INTO sales_item (sales_id, product_id, quantity, product_code, product_name, lot, unit_price, created_at, updated_at) VALUES (9089, 22, 1, 'MA0203', '마라 떡볶이 밀키트 기본맛 3,4인분', 'SE01-FA01-A1-MA0203-001785', 22000, '2026-01-17 22:42:33', '2026-01-17 22:42:33');
INSERT INTO sales_item (sales_id, product_id, quantity, product_code, product_name, lot, unit_price, created_at, updated_at) VALUES (9089, 22, 1, 'MA0203', '마라 떡볶이 밀키트 기본맛 3,4인분', 'SE01-FA01-A1-MA0203-001786', 22000, '2026-01-17 22:42:33', '2026-01-17 22:42:33');
INSERT INTO sales_item (sales_id, product_id, quantity, product_code, product_name, lot, unit_price, created_at, updated_at) VALUES (9089, 22, 1, 'MA0203', '마라 떡볶이 밀키트 기본맛 3,4인분', 'SE01-FA01-A1-MA0203-001787', 22000, '2026-01-17 22:42:33', '2026-01-17 22:42:33');
INSERT INTO sales_item (sales_id, product_id, quantity, product_code, product_name, lot, unit_price, created_at, updated_at) VALUES (9089, 22, 1, 'MA0203', '마라 떡볶이 밀키트 기본맛 3,4인분', 'SE01-FA01-A1-MA0203-001788', 22000, '2026-01-17 22:42:33', '2026-01-17 22:42:33');
INSERT INTO sales_item (sales_id, product_id, quantity, product_code, product_name, lot, unit_price, created_at, updated_at) VALUES (9089, 22, 1, 'MA0203', '마라 떡볶이 밀키트 기본맛 3,4인분', 'SE01-FA01-A1-MA0203-001789', 22000, '2026-01-17 22:42:33', '2026-01-17 22:42:33');
INSERT INTO sales_item (sales_id, product_id, quantity, product_code, product_name, lot, unit_price, created_at, updated_at) VALUES (9089, 22, 1, 'MA0203', '마라 떡볶이 밀키트 기본맛 3,4인분', 'SE01-FA01-A1-MA0203-001790', 22000, '2026-01-17 22:42:33', '2026-01-17 22:42:33');
INSERT INTO sales_item (sales_id, product_id, quantity, product_code, product_name, lot, unit_price, created_at, updated_at) VALUES (9089, 22, 1, 'MA0203', '마라 떡볶이 밀키트 기본맛 3,4인분', 'SE01-FA01-A1-MA0203-001791', 22000, '2026-01-17 22:42:33', '2026-01-17 22:42:33');
INSERT INTO sales_item (sales_id, product_id, quantity, product_code, product_name, lot, unit_price, created_at, updated_at) VALUES (9089, 22, 1, 'MA0203', '마라 떡볶이 밀키트 기본맛 3,4인분', 'SE01-FA01-A1-MA0203-001792', 22000, '2026-01-17 22:42:33', '2026-01-17 22:42:33');
INSERT INTO sales_item (sales_id, product_id, quantity, product_code, product_name, lot, unit_price, created_at, updated_at) VALUES (9089, 22, 1, 'MA0203', '마라 떡볶이 밀키트 기본맛 3,4인분', 'SE01-FA01-A1-MA0203-001793', 22000, '2026-01-17 22:42:33', '2026-01-17 22:42:33');
INSERT INTO sales_item (sales_id, product_id, quantity, product_code, product_name, lot, unit_price, created_at, updated_at) VALUES (9089, 22, 1, 'MA0203', '마라 떡볶이 밀키트 기본맛 3,4인분', 'SE01-FA01-A1-MA0203-001794', 22000, '2026-01-17 22:42:33', '2026-01-17 22:42:33');
INSERT INTO sales_item (sales_id, product_id, quantity, product_code, product_name, lot, unit_price, created_at, updated_at) VALUES (9089, 22, 1, 'MA0203', '마라 떡볶이 밀키트 기본맛 3,4인분', 'SE01-FA01-A1-MA0203-001795', 22000, '2026-01-17 22:42:33', '2026-01-17 22:42:33');
INSERT INTO sales_item (sales_id, product_id, quantity, product_code, product_name, lot, unit_price, created_at, updated_at) VALUES (9089, 22, 1, 'MA0203', '마라 떡볶이 밀키트 기본맛 3,4인분', 'SE01-FA01-A1-MA0203-001796', 22000, '2026-01-17 22:42:33', '2026-01-17 22:42:33');
INSERT INTO sales_item (sales_id, product_id, quantity, product_code, product_name, lot, unit_price, created_at, updated_at) VALUES (9089, 22, 1, 'MA0203', '마라 떡볶이 밀키트 기본맛 3,4인분', 'SE01-FA01-A1-MA0203-001797', 22000, '2026-01-17 22:42:33', '2026-01-17 22:42:33');
INSERT INTO sales_item (sales_id, product_id, quantity, product_code, product_name, lot, unit_price, created_at, updated_at) VALUES (9089, 22, 1, 'MA0203', '마라 떡볶이 밀키트 기본맛 3,4인분', 'SE01-FA01-A1-MA0203-001798', 22000, '2026-01-17 22:42:33', '2026-01-17 22:42:33');
INSERT INTO sales_item (sales_id, product_id, quantity, product_code, product_name, lot, unit_price, created_at, updated_at) VALUES (9089, 22, 1, 'MA0203', '마라 떡볶이 밀키트 기본맛 3,4인분', 'SE01-FA01-A1-MA0203-001799', 22000, '2026-01-17 22:42:33', '2026-01-17 22:42:33');
INSERT INTO sales_item (sales_id, product_id, quantity, product_code, product_name, lot, unit_price, created_at, updated_at) VALUES (9089, 22, 1, 'MA0203', '마라 떡볶이 밀키트 기본맛 3,4인분', 'SE01-FA01-A1-MA0203-001800', 22000, '2026-01-17 22:42:33', '2026-01-17 22:42:33');

INSERT INTO franchise_order (franchise_order_id, franchise_id, order_code, user_id, address, requirement, order_status, total_quantity, total_amount, delivery_date, delivery_time, cancelled_reason, created_at, updated_at, version) VALUES (9090, 1, 'PO-20251219-091', 1001, '서울시 강남구 테스트로 1', '60~90일 과거 더미데이터', 'COMPLETED', 20, 440000, '2025-12-21 20:39:52', '09:00', NULL, '2025-12-19 16:39:52', '2025-12-21 20:39:52', 0);
INSERT INTO franchise_order_item (franchise_order_item_id, franchise_order_id, quantity, product_id, unit_price, total_price, created_at, updated_at) VALUES (9090, 9090, 20, 15, 22000, 440000, '2025-12-19 16:39:52', '2025-12-19 16:39:52');
INSERT INTO inventorylog (product_id, product_name, box_code, transaction_code, log_type, quantity, from_location_type, from_location_id, to_location_type, to_location_id, actor_type, actor_id, created_at, updated_at) VALUES (15, '로제 떡볶이 밀키트 매운맛 3,4인분', 'SE01-FA01-A1-RO0303-A03', 'PO-20251219-091', 'OUTBOUND', 20, 'FACTORY', 1, 'FRANCHISE', 1, 'FACTORY', 1, '2025-12-20 18:39:52', '2025-12-20 18:39:52');
INSERT INTO inventorylog (product_id, product_name, box_code, transaction_code, log_type, quantity, from_location_type, from_location_id, to_location_type, to_location_id, actor_type, actor_id, created_at, updated_at) VALUES (15, '로제 떡볶이 밀키트 매운맛 3,4인분', 'SE01-FA01-A1-RO0303-A03', 'PO-20251219-091', 'INBOUND', 20, 'FACTORY', 1, 'FRANCHISE', 1, 'FRANCHISE', 1, '2025-12-21 20:39:52', '2025-12-21 20:39:52');
INSERT INTO sales (sales_id, franchise_id, sales_code, quantity, total_amount, is_canceled, created_at, updated_at) VALUES (9090, 1, 'SL-20251222-091', 20, 440000, false, '2025-12-22 22:39:52', '2025-12-22 22:39:52');
INSERT INTO sales_item (sales_id, product_id, quantity, product_code, product_name, lot, unit_price, created_at, updated_at) VALUES (9090, 15, 1, 'RO0303', '로제 떡볶이 밀키트 매운맛 3,4인분', 'SE01-FA01-A1-RO0303-001801', 22000, '2025-12-22 22:39:52', '2025-12-22 22:39:52');
INSERT INTO sales_item (sales_id, product_id, quantity, product_code, product_name, lot, unit_price, created_at, updated_at) VALUES (9090, 15, 1, 'RO0303', '로제 떡볶이 밀키트 매운맛 3,4인분', 'SE01-FA01-A1-RO0303-001802', 22000, '2025-12-22 22:39:52', '2025-12-22 22:39:52');
INSERT INTO sales_item (sales_id, product_id, quantity, product_code, product_name, lot, unit_price, created_at, updated_at) VALUES (9090, 15, 1, 'RO0303', '로제 떡볶이 밀키트 매운맛 3,4인분', 'SE01-FA01-A1-RO0303-001803', 22000, '2025-12-22 22:39:52', '2025-12-22 22:39:52');
INSERT INTO sales_item (sales_id, product_id, quantity, product_code, product_name, lot, unit_price, created_at, updated_at) VALUES (9090, 15, 1, 'RO0303', '로제 떡볶이 밀키트 매운맛 3,4인분', 'SE01-FA01-A1-RO0303-001804', 22000, '2025-12-22 22:39:52', '2025-12-22 22:39:52');
INSERT INTO sales_item (sales_id, product_id, quantity, product_code, product_name, lot, unit_price, created_at, updated_at) VALUES (9090, 15, 1, 'RO0303', '로제 떡볶이 밀키트 매운맛 3,4인분', 'SE01-FA01-A1-RO0303-001805', 22000, '2025-12-22 22:39:52', '2025-12-22 22:39:52');
INSERT INTO sales_item (sales_id, product_id, quantity, product_code, product_name, lot, unit_price, created_at, updated_at) VALUES (9090, 15, 1, 'RO0303', '로제 떡볶이 밀키트 매운맛 3,4인분', 'SE01-FA01-A1-RO0303-001806', 22000, '2025-12-22 22:39:52', '2025-12-22 22:39:52');
INSERT INTO sales_item (sales_id, product_id, quantity, product_code, product_name, lot, unit_price, created_at, updated_at) VALUES (9090, 15, 1, 'RO0303', '로제 떡볶이 밀키트 매운맛 3,4인분', 'SE01-FA01-A1-RO0303-001807', 22000, '2025-12-22 22:39:52', '2025-12-22 22:39:52');
INSERT INTO sales_item (sales_id, product_id, quantity, product_code, product_name, lot, unit_price, created_at, updated_at) VALUES (9090, 15, 1, 'RO0303', '로제 떡볶이 밀키트 매운맛 3,4인분', 'SE01-FA01-A1-RO0303-001808', 22000, '2025-12-22 22:39:52', '2025-12-22 22:39:52');
INSERT INTO sales_item (sales_id, product_id, quantity, product_code, product_name, lot, unit_price, created_at, updated_at) VALUES (9090, 15, 1, 'RO0303', '로제 떡볶이 밀키트 매운맛 3,4인분', 'SE01-FA01-A1-RO0303-001809', 22000, '2025-12-22 22:39:52', '2025-12-22 22:39:52');
INSERT INTO sales_item (sales_id, product_id, quantity, product_code, product_name, lot, unit_price, created_at, updated_at) VALUES (9090, 15, 1, 'RO0303', '로제 떡볶이 밀키트 매운맛 3,4인분', 'SE01-FA01-A1-RO0303-001810', 22000, '2025-12-22 22:39:52', '2025-12-22 22:39:52');
INSERT INTO sales_item (sales_id, product_id, quantity, product_code, product_name, lot, unit_price, created_at, updated_at) VALUES (9090, 15, 1, 'RO0303', '로제 떡볶이 밀키트 매운맛 3,4인분', 'SE01-FA01-A1-RO0303-001811', 22000, '2025-12-22 22:39:52', '2025-12-22 22:39:52');
INSERT INTO sales_item (sales_id, product_id, quantity, product_code, product_name, lot, unit_price, created_at, updated_at) VALUES (9090, 15, 1, 'RO0303', '로제 떡볶이 밀키트 매운맛 3,4인분', 'SE01-FA01-A1-RO0303-001812', 22000, '2025-12-22 22:39:52', '2025-12-22 22:39:52');
INSERT INTO sales_item (sales_id, product_id, quantity, product_code, product_name, lot, unit_price, created_at, updated_at) VALUES (9090, 15, 1, 'RO0303', '로제 떡볶이 밀키트 매운맛 3,4인분', 'SE01-FA01-A1-RO0303-001813', 22000, '2025-12-22 22:39:52', '2025-12-22 22:39:52');
INSERT INTO sales_item (sales_id, product_id, quantity, product_code, product_name, lot, unit_price, created_at, updated_at) VALUES (9090, 15, 1, 'RO0303', '로제 떡볶이 밀키트 매운맛 3,4인분', 'SE01-FA01-A1-RO0303-001814', 22000, '2025-12-22 22:39:52', '2025-12-22 22:39:52');
INSERT INTO sales_item (sales_id, product_id, quantity, product_code, product_name, lot, unit_price, created_at, updated_at) VALUES (9090, 15, 1, 'RO0303', '로제 떡볶이 밀키트 매운맛 3,4인분', 'SE01-FA01-A1-RO0303-001815', 22000, '2025-12-22 22:39:52', '2025-12-22 22:39:52');
INSERT INTO sales_item (sales_id, product_id, quantity, product_code, product_name, lot, unit_price, created_at, updated_at) VALUES (9090, 15, 1, 'RO0303', '로제 떡볶이 밀키트 매운맛 3,4인분', 'SE01-FA01-A1-RO0303-001816', 22000, '2025-12-22 22:39:52', '2025-12-22 22:39:52');
INSERT INTO sales_item (sales_id, product_id, quantity, product_code, product_name, lot, unit_price, created_at, updated_at) VALUES (9090, 15, 1, 'RO0303', '로제 떡볶이 밀키트 매운맛 3,4인분', 'SE01-FA01-A1-RO0303-001817', 22000, '2025-12-22 22:39:52', '2025-12-22 22:39:52');
INSERT INTO sales_item (sales_id, product_id, quantity, product_code, product_name, lot, unit_price, created_at, updated_at) VALUES (9090, 15, 1, 'RO0303', '로제 떡볶이 밀키트 매운맛 3,4인분', 'SE01-FA01-A1-RO0303-001818', 22000, '2025-12-22 22:39:52', '2025-12-22 22:39:52');
INSERT INTO sales_item (sales_id, product_id, quantity, product_code, product_name, lot, unit_price, created_at, updated_at) VALUES (9090, 15, 1, 'RO0303', '로제 떡볶이 밀키트 매운맛 3,4인분', 'SE01-FA01-A1-RO0303-001819', 22000, '2025-12-22 22:39:52', '2025-12-22 22:39:52');
INSERT INTO sales_item (sales_id, product_id, quantity, product_code, product_name, lot, unit_price, created_at, updated_at) VALUES (9090, 15, 1, 'RO0303', '로제 떡볶이 밀키트 매운맛 3,4인분', 'SE01-FA01-A1-RO0303-001820', 22000, '2025-12-22 22:39:52', '2025-12-22 22:39:52');

INSERT INTO franchise_order (franchise_order_id, franchise_id, order_code, user_id, address, requirement, order_status, total_quantity, total_amount, delivery_date, delivery_time, cancelled_reason, created_at, updated_at, version) VALUES (9091, 1, 'PO-20251223-092', 1001, '서울시 강남구 테스트로 1', '60~90일 과거 더미데이터', 'COMPLETED', 20, 440000, '2025-12-25 21:28:57', '09:00', NULL, '2025-12-23 17:28:57', '2025-12-25 21:28:57', 0);
INSERT INTO franchise_order_item (franchise_order_item_id, franchise_order_id, quantity, product_id, unit_price, total_price, created_at, updated_at) VALUES (9091, 9091, 20, 14, 22000, 440000, '2025-12-23 17:28:57', '2025-12-23 17:28:57');
INSERT INTO inventorylog (product_id, product_name, box_code, transaction_code, log_type, quantity, from_location_type, from_location_id, to_location_type, to_location_id, actor_type, actor_id, created_at, updated_at) VALUES (14, '로제 떡볶이 밀키트 기본맛 3,4인분', 'SE01-FA01-A1-RO0203-A04', 'PO-20251223-092', 'OUTBOUND', 20, 'FACTORY', 1, 'FRANCHISE', 1, 'FACTORY', 1, '2025-12-24 19:28:57', '2025-12-24 19:28:57');
INSERT INTO inventorylog (product_id, product_name, box_code, transaction_code, log_type, quantity, from_location_type, from_location_id, to_location_type, to_location_id, actor_type, actor_id, created_at, updated_at) VALUES (14, '로제 떡볶이 밀키트 기본맛 3,4인분', 'SE01-FA01-A1-RO0203-A04', 'PO-20251223-092', 'INBOUND', 20, 'FACTORY', 1, 'FRANCHISE', 1, 'FRANCHISE', 1, '2025-12-25 21:28:57', '2025-12-25 21:28:57');
INSERT INTO sales (sales_id, franchise_id, sales_code, quantity, total_amount, is_canceled, created_at, updated_at) VALUES (9091, 1, 'SL-20251226-092', 20, 440000, false, '2025-12-26 23:28:57', '2025-12-26 23:28:57');
INSERT INTO sales_item (sales_id, product_id, quantity, product_code, product_name, lot, unit_price, created_at, updated_at) VALUES (9091, 14, 1, 'RO0203', '로제 떡볶이 밀키트 기본맛 3,4인분', 'SE01-FA01-A1-RO0203-001821', 22000, '2025-12-26 23:28:57', '2025-12-26 23:28:57');
INSERT INTO sales_item (sales_id, product_id, quantity, product_code, product_name, lot, unit_price, created_at, updated_at) VALUES (9091, 14, 1, 'RO0203', '로제 떡볶이 밀키트 기본맛 3,4인분', 'SE01-FA01-A1-RO0203-001822', 22000, '2025-12-26 23:28:57', '2025-12-26 23:28:57');
INSERT INTO sales_item (sales_id, product_id, quantity, product_code, product_name, lot, unit_price, created_at, updated_at) VALUES (9091, 14, 1, 'RO0203', '로제 떡볶이 밀키트 기본맛 3,4인분', 'SE01-FA01-A1-RO0203-001823', 22000, '2025-12-26 23:28:57', '2025-12-26 23:28:57');
INSERT INTO sales_item (sales_id, product_id, quantity, product_code, product_name, lot, unit_price, created_at, updated_at) VALUES (9091, 14, 1, 'RO0203', '로제 떡볶이 밀키트 기본맛 3,4인분', 'SE01-FA01-A1-RO0203-001824', 22000, '2025-12-26 23:28:57', '2025-12-26 23:28:57');
INSERT INTO sales_item (sales_id, product_id, quantity, product_code, product_name, lot, unit_price, created_at, updated_at) VALUES (9091, 14, 1, 'RO0203', '로제 떡볶이 밀키트 기본맛 3,4인분', 'SE01-FA01-A1-RO0203-001825', 22000, '2025-12-26 23:28:57', '2025-12-26 23:28:57');
INSERT INTO sales_item (sales_id, product_id, quantity, product_code, product_name, lot, unit_price, created_at, updated_at) VALUES (9091, 14, 1, 'RO0203', '로제 떡볶이 밀키트 기본맛 3,4인분', 'SE01-FA01-A1-RO0203-001826', 22000, '2025-12-26 23:28:57', '2025-12-26 23:28:57');
INSERT INTO sales_item (sales_id, product_id, quantity, product_code, product_name, lot, unit_price, created_at, updated_at) VALUES (9091, 14, 1, 'RO0203', '로제 떡볶이 밀키트 기본맛 3,4인분', 'SE01-FA01-A1-RO0203-001827', 22000, '2025-12-26 23:28:57', '2025-12-26 23:28:57');
INSERT INTO sales_item (sales_id, product_id, quantity, product_code, product_name, lot, unit_price, created_at, updated_at) VALUES (9091, 14, 1, 'RO0203', '로제 떡볶이 밀키트 기본맛 3,4인분', 'SE01-FA01-A1-RO0203-001828', 22000, '2025-12-26 23:28:57', '2025-12-26 23:28:57');
INSERT INTO sales_item (sales_id, product_id, quantity, product_code, product_name, lot, unit_price, created_at, updated_at) VALUES (9091, 14, 1, 'RO0203', '로제 떡볶이 밀키트 기본맛 3,4인분', 'SE01-FA01-A1-RO0203-001829', 22000, '2025-12-26 23:28:57', '2025-12-26 23:28:57');
INSERT INTO sales_item (sales_id, product_id, quantity, product_code, product_name, lot, unit_price, created_at, updated_at) VALUES (9091, 14, 1, 'RO0203', '로제 떡볶이 밀키트 기본맛 3,4인분', 'SE01-FA01-A1-RO0203-001830', 22000, '2025-12-26 23:28:57', '2025-12-26 23:28:57');
INSERT INTO sales_item (sales_id, product_id, quantity, product_code, product_name, lot, unit_price, created_at, updated_at) VALUES (9091, 14, 1, 'RO0203', '로제 떡볶이 밀키트 기본맛 3,4인분', 'SE01-FA01-A1-RO0203-001831', 22000, '2025-12-26 23:28:57', '2025-12-26 23:28:57');
INSERT INTO sales_item (sales_id, product_id, quantity, product_code, product_name, lot, unit_price, created_at, updated_at) VALUES (9091, 14, 1, 'RO0203', '로제 떡볶이 밀키트 기본맛 3,4인분', 'SE01-FA01-A1-RO0203-001832', 22000, '2025-12-26 23:28:57', '2025-12-26 23:28:57');
INSERT INTO sales_item (sales_id, product_id, quantity, product_code, product_name, lot, unit_price, created_at, updated_at) VALUES (9091, 14, 1, 'RO0203', '로제 떡볶이 밀키트 기본맛 3,4인분', 'SE01-FA01-A1-RO0203-001833', 22000, '2025-12-26 23:28:57', '2025-12-26 23:28:57');
INSERT INTO sales_item (sales_id, product_id, quantity, product_code, product_name, lot, unit_price, created_at, updated_at) VALUES (9091, 14, 1, 'RO0203', '로제 떡볶이 밀키트 기본맛 3,4인분', 'SE01-FA01-A1-RO0203-001834', 22000, '2025-12-26 23:28:57', '2025-12-26 23:28:57');
INSERT INTO sales_item (sales_id, product_id, quantity, product_code, product_name, lot, unit_price, created_at, updated_at) VALUES (9091, 14, 1, 'RO0203', '로제 떡볶이 밀키트 기본맛 3,4인분', 'SE01-FA01-A1-RO0203-001835', 22000, '2025-12-26 23:28:57', '2025-12-26 23:28:57');
INSERT INTO sales_item (sales_id, product_id, quantity, product_code, product_name, lot, unit_price, created_at, updated_at) VALUES (9091, 14, 1, 'RO0203', '로제 떡볶이 밀키트 기본맛 3,4인분', 'SE01-FA01-A1-RO0203-001836', 22000, '2025-12-26 23:28:57', '2025-12-26 23:28:57');
INSERT INTO sales_item (sales_id, product_id, quantity, product_code, product_name, lot, unit_price, created_at, updated_at) VALUES (9091, 14, 1, 'RO0203', '로제 떡볶이 밀키트 기본맛 3,4인분', 'SE01-FA01-A1-RO0203-001837', 22000, '2025-12-26 23:28:57', '2025-12-26 23:28:57');
INSERT INTO sales_item (sales_id, product_id, quantity, product_code, product_name, lot, unit_price, created_at, updated_at) VALUES (9091, 14, 1, 'RO0203', '로제 떡볶이 밀키트 기본맛 3,4인분', 'SE01-FA01-A1-RO0203-001838', 22000, '2025-12-26 23:28:57', '2025-12-26 23:28:57');
INSERT INTO sales_item (sales_id, product_id, quantity, product_code, product_name, lot, unit_price, created_at, updated_at) VALUES (9091, 14, 1, 'RO0203', '로제 떡볶이 밀키트 기본맛 3,4인분', 'SE01-FA01-A1-RO0203-001839', 22000, '2025-12-26 23:28:57', '2025-12-26 23:28:57');
INSERT INTO sales_item (sales_id, product_id, quantity, product_code, product_name, lot, unit_price, created_at, updated_at) VALUES (9091, 14, 1, 'RO0203', '로제 떡볶이 밀키트 기본맛 3,4인분', 'SE01-FA01-A1-RO0203-001840', 22000, '2025-12-26 23:28:57', '2025-12-26 23:28:57');

INSERT INTO franchise_order (franchise_order_id, franchise_id, order_code, user_id, address, requirement, order_status, total_quantity, total_amount, delivery_date, delivery_time, cancelled_reason, created_at, updated_at, version) VALUES (9092, 1, 'PO-20260104-093', 1001, '서울시 강남구 테스트로 1', '60~90일 과거 더미데이터', 'COMPLETED', 20, 240000, '2026-01-06 17:48:15', '09:00', NULL, '2026-01-04 13:48:15', '2026-01-06 17:48:15', 0);
INSERT INTO franchise_order_item (franchise_order_item_id, franchise_order_id, quantity, product_id, unit_price, total_price, created_at, updated_at) VALUES (9092, 9092, 20, 18, 12000, 240000, '2026-01-04 13:48:15', '2026-01-04 13:48:15');
INSERT INTO inventorylog (product_id, product_name, box_code, transaction_code, log_type, quantity, from_location_type, from_location_id, to_location_type, to_location_id, actor_type, actor_id, created_at, updated_at) VALUES (18, '마라 떡볶이 밀키트 기본맛 1,2인분', 'SE01-FA01-A1-MA0201-A04', 'PO-20260104-093', 'OUTBOUND', 20, 'FACTORY', 1, 'FRANCHISE', 1, 'FACTORY', 1, '2026-01-05 15:48:15', '2026-01-05 15:48:15');
INSERT INTO inventorylog (product_id, product_name, box_code, transaction_code, log_type, quantity, from_location_type, from_location_id, to_location_type, to_location_id, actor_type, actor_id, created_at, updated_at) VALUES (18, '마라 떡볶이 밀키트 기본맛 1,2인분', 'SE01-FA01-A1-MA0201-A04', 'PO-20260104-093', 'INBOUND', 20, 'FACTORY', 1, 'FRANCHISE', 1, 'FRANCHISE', 1, '2026-01-06 17:48:15', '2026-01-06 17:48:15');
INSERT INTO sales (sales_id, franchise_id, sales_code, quantity, total_amount, is_canceled, created_at, updated_at) VALUES (9092, 1, 'SL-20260107-093', 20, 240000, false, '2026-01-07 19:48:15', '2026-01-07 19:48:15');
INSERT INTO sales_item (sales_id, product_id, quantity, product_code, product_name, lot, unit_price, created_at, updated_at) VALUES (9092, 18, 1, 'MA0201', '마라 떡볶이 밀키트 기본맛 1,2인분', 'SE01-FA01-A1-MA0201-001841', 12000, '2026-01-07 19:48:15', '2026-01-07 19:48:15');
INSERT INTO sales_item (sales_id, product_id, quantity, product_code, product_name, lot, unit_price, created_at, updated_at) VALUES (9092, 18, 1, 'MA0201', '마라 떡볶이 밀키트 기본맛 1,2인분', 'SE01-FA01-A1-MA0201-001842', 12000, '2026-01-07 19:48:15', '2026-01-07 19:48:15');
INSERT INTO sales_item (sales_id, product_id, quantity, product_code, product_name, lot, unit_price, created_at, updated_at) VALUES (9092, 18, 1, 'MA0201', '마라 떡볶이 밀키트 기본맛 1,2인분', 'SE01-FA01-A1-MA0201-001843', 12000, '2026-01-07 19:48:15', '2026-01-07 19:48:15');
INSERT INTO sales_item (sales_id, product_id, quantity, product_code, product_name, lot, unit_price, created_at, updated_at) VALUES (9092, 18, 1, 'MA0201', '마라 떡볶이 밀키트 기본맛 1,2인분', 'SE01-FA01-A1-MA0201-001844', 12000, '2026-01-07 19:48:15', '2026-01-07 19:48:15');
INSERT INTO sales_item (sales_id, product_id, quantity, product_code, product_name, lot, unit_price, created_at, updated_at) VALUES (9092, 18, 1, 'MA0201', '마라 떡볶이 밀키트 기본맛 1,2인분', 'SE01-FA01-A1-MA0201-001845', 12000, '2026-01-07 19:48:15', '2026-01-07 19:48:15');
INSERT INTO sales_item (sales_id, product_id, quantity, product_code, product_name, lot, unit_price, created_at, updated_at) VALUES (9092, 18, 1, 'MA0201', '마라 떡볶이 밀키트 기본맛 1,2인분', 'SE01-FA01-A1-MA0201-001846', 12000, '2026-01-07 19:48:15', '2026-01-07 19:48:15');
INSERT INTO sales_item (sales_id, product_id, quantity, product_code, product_name, lot, unit_price, created_at, updated_at) VALUES (9092, 18, 1, 'MA0201', '마라 떡볶이 밀키트 기본맛 1,2인분', 'SE01-FA01-A1-MA0201-001847', 12000, '2026-01-07 19:48:15', '2026-01-07 19:48:15');
INSERT INTO sales_item (sales_id, product_id, quantity, product_code, product_name, lot, unit_price, created_at, updated_at) VALUES (9092, 18, 1, 'MA0201', '마라 떡볶이 밀키트 기본맛 1,2인분', 'SE01-FA01-A1-MA0201-001848', 12000, '2026-01-07 19:48:15', '2026-01-07 19:48:15');
INSERT INTO sales_item (sales_id, product_id, quantity, product_code, product_name, lot, unit_price, created_at, updated_at) VALUES (9092, 18, 1, 'MA0201', '마라 떡볶이 밀키트 기본맛 1,2인분', 'SE01-FA01-A1-MA0201-001849', 12000, '2026-01-07 19:48:15', '2026-01-07 19:48:15');
INSERT INTO sales_item (sales_id, product_id, quantity, product_code, product_name, lot, unit_price, created_at, updated_at) VALUES (9092, 18, 1, 'MA0201', '마라 떡볶이 밀키트 기본맛 1,2인분', 'SE01-FA01-A1-MA0201-001850', 12000, '2026-01-07 19:48:15', '2026-01-07 19:48:15');
INSERT INTO sales_item (sales_id, product_id, quantity, product_code, product_name, lot, unit_price, created_at, updated_at) VALUES (9092, 18, 1, 'MA0201', '마라 떡볶이 밀키트 기본맛 1,2인분', 'SE01-FA01-A1-MA0201-001851', 12000, '2026-01-07 19:48:15', '2026-01-07 19:48:15');
INSERT INTO sales_item (sales_id, product_id, quantity, product_code, product_name, lot, unit_price, created_at, updated_at) VALUES (9092, 18, 1, 'MA0201', '마라 떡볶이 밀키트 기본맛 1,2인분', 'SE01-FA01-A1-MA0201-001852', 12000, '2026-01-07 19:48:15', '2026-01-07 19:48:15');
INSERT INTO sales_item (sales_id, product_id, quantity, product_code, product_name, lot, unit_price, created_at, updated_at) VALUES (9092, 18, 1, 'MA0201', '마라 떡볶이 밀키트 기본맛 1,2인분', 'SE01-FA01-A1-MA0201-001853', 12000, '2026-01-07 19:48:15', '2026-01-07 19:48:15');
INSERT INTO sales_item (sales_id, product_id, quantity, product_code, product_name, lot, unit_price, created_at, updated_at) VALUES (9092, 18, 1, 'MA0201', '마라 떡볶이 밀키트 기본맛 1,2인분', 'SE01-FA01-A1-MA0201-001854', 12000, '2026-01-07 19:48:15', '2026-01-07 19:48:15');
INSERT INTO sales_item (sales_id, product_id, quantity, product_code, product_name, lot, unit_price, created_at, updated_at) VALUES (9092, 18, 1, 'MA0201', '마라 떡볶이 밀키트 기본맛 1,2인분', 'SE01-FA01-A1-MA0201-001855', 12000, '2026-01-07 19:48:15', '2026-01-07 19:48:15');
INSERT INTO sales_item (sales_id, product_id, quantity, product_code, product_name, lot, unit_price, created_at, updated_at) VALUES (9092, 18, 1, 'MA0201', '마라 떡볶이 밀키트 기본맛 1,2인분', 'SE01-FA01-A1-MA0201-001856', 12000, '2026-01-07 19:48:15', '2026-01-07 19:48:15');
INSERT INTO sales_item (sales_id, product_id, quantity, product_code, product_name, lot, unit_price, created_at, updated_at) VALUES (9092, 18, 1, 'MA0201', '마라 떡볶이 밀키트 기본맛 1,2인분', 'SE01-FA01-A1-MA0201-001857', 12000, '2026-01-07 19:48:15', '2026-01-07 19:48:15');
INSERT INTO sales_item (sales_id, product_id, quantity, product_code, product_name, lot, unit_price, created_at, updated_at) VALUES (9092, 18, 1, 'MA0201', '마라 떡볶이 밀키트 기본맛 1,2인분', 'SE01-FA01-A1-MA0201-001858', 12000, '2026-01-07 19:48:15', '2026-01-07 19:48:15');
INSERT INTO sales_item (sales_id, product_id, quantity, product_code, product_name, lot, unit_price, created_at, updated_at) VALUES (9092, 18, 1, 'MA0201', '마라 떡볶이 밀키트 기본맛 1,2인분', 'SE01-FA01-A1-MA0201-001859', 12000, '2026-01-07 19:48:15', '2026-01-07 19:48:15');
INSERT INTO sales_item (sales_id, product_id, quantity, product_code, product_name, lot, unit_price, created_at, updated_at) VALUES (9092, 18, 1, 'MA0201', '마라 떡볶이 밀키트 기본맛 1,2인분', 'SE01-FA01-A1-MA0201-001860', 12000, '2026-01-07 19:48:15', '2026-01-07 19:48:15');

INSERT INTO franchise_order (franchise_order_id, franchise_id, order_code, user_id, address, requirement, order_status, total_quantity, total_amount, delivery_date, delivery_time, cancelled_reason, created_at, updated_at, version) VALUES (9093, 1, 'PO-20251225-094', 1001, '서울시 강남구 테스트로 1', '60~90일 과거 더미데이터', 'COMPLETED', 20, 360000, '2025-12-27 21:31:40', '09:00', NULL, '2025-12-25 17:31:40', '2025-12-27 21:31:40', 0);
INSERT INTO franchise_order_item (franchise_order_item_id, franchise_order_id, quantity, product_id, unit_price, total_price, created_at, updated_at) VALUES (9093, 9093, 20, 5, 18000, 360000, '2025-12-25 17:31:40', '2025-12-25 17:31:40');
INSERT INTO inventorylog (product_id, product_name, box_code, transaction_code, log_type, quantity, from_location_type, from_location_id, to_location_type, to_location_id, actor_type, actor_id, created_at, updated_at) VALUES (5, '오리지널 떡볶이 밀키트 순한맛 3,4인분', 'SE01-FA01-A1-OR0103-A04', 'PO-20251225-094', 'OUTBOUND', 20, 'FACTORY', 1, 'FRANCHISE', 1, 'FACTORY', 1, '2025-12-26 19:31:40', '2025-12-26 19:31:40');
INSERT INTO inventorylog (product_id, product_name, box_code, transaction_code, log_type, quantity, from_location_type, from_location_id, to_location_type, to_location_id, actor_type, actor_id, created_at, updated_at) VALUES (5, '오리지널 떡볶이 밀키트 순한맛 3,4인분', 'SE01-FA01-A1-OR0103-A04', 'PO-20251225-094', 'INBOUND', 20, 'FACTORY', 1, 'FRANCHISE', 1, 'FRANCHISE', 1, '2025-12-27 21:31:40', '2025-12-27 21:31:40');
INSERT INTO sales (sales_id, franchise_id, sales_code, quantity, total_amount, is_canceled, created_at, updated_at) VALUES (9093, 1, 'SL-20251228-094', 20, 360000, false, '2025-12-28 23:31:40', '2025-12-28 23:31:40');
INSERT INTO sales_item (sales_id, product_id, quantity, product_code, product_name, lot, unit_price, created_at, updated_at) VALUES (9093, 5, 1, 'OR0103', '오리지널 떡볶이 밀키트 순한맛 3,4인분', 'SE01-FA01-A1-OR0103-001861', 18000, '2025-12-28 23:31:40', '2025-12-28 23:31:40');
INSERT INTO sales_item (sales_id, product_id, quantity, product_code, product_name, lot, unit_price, created_at, updated_at) VALUES (9093, 5, 1, 'OR0103', '오리지널 떡볶이 밀키트 순한맛 3,4인분', 'SE01-FA01-A1-OR0103-001862', 18000, '2025-12-28 23:31:40', '2025-12-28 23:31:40');
INSERT INTO sales_item (sales_id, product_id, quantity, product_code, product_name, lot, unit_price, created_at, updated_at) VALUES (9093, 5, 1, 'OR0103', '오리지널 떡볶이 밀키트 순한맛 3,4인분', 'SE01-FA01-A1-OR0103-001863', 18000, '2025-12-28 23:31:40', '2025-12-28 23:31:40');
INSERT INTO sales_item (sales_id, product_id, quantity, product_code, product_name, lot, unit_price, created_at, updated_at) VALUES (9093, 5, 1, 'OR0103', '오리지널 떡볶이 밀키트 순한맛 3,4인분', 'SE01-FA01-A1-OR0103-001864', 18000, '2025-12-28 23:31:40', '2025-12-28 23:31:40');
INSERT INTO sales_item (sales_id, product_id, quantity, product_code, product_name, lot, unit_price, created_at, updated_at) VALUES (9093, 5, 1, 'OR0103', '오리지널 떡볶이 밀키트 순한맛 3,4인분', 'SE01-FA01-A1-OR0103-001865', 18000, '2025-12-28 23:31:40', '2025-12-28 23:31:40');
INSERT INTO sales_item (sales_id, product_id, quantity, product_code, product_name, lot, unit_price, created_at, updated_at) VALUES (9093, 5, 1, 'OR0103', '오리지널 떡볶이 밀키트 순한맛 3,4인분', 'SE01-FA01-A1-OR0103-001866', 18000, '2025-12-28 23:31:40', '2025-12-28 23:31:40');
INSERT INTO sales_item (sales_id, product_id, quantity, product_code, product_name, lot, unit_price, created_at, updated_at) VALUES (9093, 5, 1, 'OR0103', '오리지널 떡볶이 밀키트 순한맛 3,4인분', 'SE01-FA01-A1-OR0103-001867', 18000, '2025-12-28 23:31:40', '2025-12-28 23:31:40');
INSERT INTO sales_item (sales_id, product_id, quantity, product_code, product_name, lot, unit_price, created_at, updated_at) VALUES (9093, 5, 1, 'OR0103', '오리지널 떡볶이 밀키트 순한맛 3,4인분', 'SE01-FA01-A1-OR0103-001868', 18000, '2025-12-28 23:31:40', '2025-12-28 23:31:40');
INSERT INTO sales_item (sales_id, product_id, quantity, product_code, product_name, lot, unit_price, created_at, updated_at) VALUES (9093, 5, 1, 'OR0103', '오리지널 떡볶이 밀키트 순한맛 3,4인분', 'SE01-FA01-A1-OR0103-001869', 18000, '2025-12-28 23:31:40', '2025-12-28 23:31:40');
INSERT INTO sales_item (sales_id, product_id, quantity, product_code, product_name, lot, unit_price, created_at, updated_at) VALUES (9093, 5, 1, 'OR0103', '오리지널 떡볶이 밀키트 순한맛 3,4인분', 'SE01-FA01-A1-OR0103-001870', 18000, '2025-12-28 23:31:40', '2025-12-28 23:31:40');
INSERT INTO sales_item (sales_id, product_id, quantity, product_code, product_name, lot, unit_price, created_at, updated_at) VALUES (9093, 5, 1, 'OR0103', '오리지널 떡볶이 밀키트 순한맛 3,4인분', 'SE01-FA01-A1-OR0103-001871', 18000, '2025-12-28 23:31:40', '2025-12-28 23:31:40');
INSERT INTO sales_item (sales_id, product_id, quantity, product_code, product_name, lot, unit_price, created_at, updated_at) VALUES (9093, 5, 1, 'OR0103', '오리지널 떡볶이 밀키트 순한맛 3,4인분', 'SE01-FA01-A1-OR0103-001872', 18000, '2025-12-28 23:31:40', '2025-12-28 23:31:40');
INSERT INTO sales_item (sales_id, product_id, quantity, product_code, product_name, lot, unit_price, created_at, updated_at) VALUES (9093, 5, 1, 'OR0103', '오리지널 떡볶이 밀키트 순한맛 3,4인분', 'SE01-FA01-A1-OR0103-001873', 18000, '2025-12-28 23:31:40', '2025-12-28 23:31:40');
INSERT INTO sales_item (sales_id, product_id, quantity, product_code, product_name, lot, unit_price, created_at, updated_at) VALUES (9093, 5, 1, 'OR0103', '오리지널 떡볶이 밀키트 순한맛 3,4인분', 'SE01-FA01-A1-OR0103-001874', 18000, '2025-12-28 23:31:40', '2025-12-28 23:31:40');
INSERT INTO sales_item (sales_id, product_id, quantity, product_code, product_name, lot, unit_price, created_at, updated_at) VALUES (9093, 5, 1, 'OR0103', '오리지널 떡볶이 밀키트 순한맛 3,4인분', 'SE01-FA01-A1-OR0103-001875', 18000, '2025-12-28 23:31:40', '2025-12-28 23:31:40');
INSERT INTO sales_item (sales_id, product_id, quantity, product_code, product_name, lot, unit_price, created_at, updated_at) VALUES (9093, 5, 1, 'OR0103', '오리지널 떡볶이 밀키트 순한맛 3,4인분', 'SE01-FA01-A1-OR0103-001876', 18000, '2025-12-28 23:31:40', '2025-12-28 23:31:40');
INSERT INTO sales_item (sales_id, product_id, quantity, product_code, product_name, lot, unit_price, created_at, updated_at) VALUES (9093, 5, 1, 'OR0103', '오리지널 떡볶이 밀키트 순한맛 3,4인분', 'SE01-FA01-A1-OR0103-001877', 18000, '2025-12-28 23:31:40', '2025-12-28 23:31:40');
INSERT INTO sales_item (sales_id, product_id, quantity, product_code, product_name, lot, unit_price, created_at, updated_at) VALUES (9093, 5, 1, 'OR0103', '오리지널 떡볶이 밀키트 순한맛 3,4인분', 'SE01-FA01-A1-OR0103-001878', 18000, '2025-12-28 23:31:40', '2025-12-28 23:31:40');
INSERT INTO sales_item (sales_id, product_id, quantity, product_code, product_name, lot, unit_price, created_at, updated_at) VALUES (9093, 5, 1, 'OR0103', '오리지널 떡볶이 밀키트 순한맛 3,4인분', 'SE01-FA01-A1-OR0103-001879', 18000, '2025-12-28 23:31:40', '2025-12-28 23:31:40');
INSERT INTO sales_item (sales_id, product_id, quantity, product_code, product_name, lot, unit_price, created_at, updated_at) VALUES (9093, 5, 1, 'OR0103', '오리지널 떡볶이 밀키트 순한맛 3,4인분', 'SE01-FA01-A1-OR0103-001880', 18000, '2025-12-28 23:31:40', '2025-12-28 23:31:40');

INSERT INTO franchise_order (franchise_order_id, franchise_id, order_code, user_id, address, requirement, order_status, total_quantity, total_amount, delivery_date, delivery_time, cancelled_reason, created_at, updated_at, version) VALUES (9094, 1, 'PO-20260104-095', 1001, '서울시 강남구 테스트로 1', '60~90일 과거 더미데이터', 'COMPLETED', 20, 360000, '2026-01-06 14:45:18', '09:00', NULL, '2026-01-04 10:45:18', '2026-01-06 14:45:18', 0);
INSERT INTO franchise_order_item (franchise_order_item_id, franchise_order_id, quantity, product_id, unit_price, total_price, created_at, updated_at) VALUES (9094, 9094, 20, 8, 18000, 360000, '2026-01-04 10:45:18', '2026-01-04 10:45:18');
INSERT INTO inventorylog (product_id, product_name, box_code, transaction_code, log_type, quantity, from_location_type, from_location_id, to_location_type, to_location_id, actor_type, actor_id, created_at, updated_at) VALUES (8, '오리지널 떡볶이 밀키트 아주매운맛 3,4인분', 'SE01-FA01-A1-OR0403-A04', 'PO-20260104-095', 'OUTBOUND', 20, 'FACTORY', 1, 'FRANCHISE', 1, 'FACTORY', 1, '2026-01-05 12:45:18', '2026-01-05 12:45:18');
INSERT INTO inventorylog (product_id, product_name, box_code, transaction_code, log_type, quantity, from_location_type, from_location_id, to_location_type, to_location_id, actor_type, actor_id, created_at, updated_at) VALUES (8, '오리지널 떡볶이 밀키트 아주매운맛 3,4인분', 'SE01-FA01-A1-OR0403-A04', 'PO-20260104-095', 'INBOUND', 20, 'FACTORY', 1, 'FRANCHISE', 1, 'FRANCHISE', 1, '2026-01-06 14:45:18', '2026-01-06 14:45:18');
INSERT INTO sales (sales_id, franchise_id, sales_code, quantity, total_amount, is_canceled, created_at, updated_at) VALUES (9094, 1, 'SL-20260107-095', 20, 360000, false, '2026-01-07 16:45:18', '2026-01-07 16:45:18');
INSERT INTO sales_item (sales_id, product_id, quantity, product_code, product_name, lot, unit_price, created_at, updated_at) VALUES (9094, 8, 1, 'OR0403', '오리지널 떡볶이 밀키트 아주매운맛 3,4인분', 'SE01-FA01-A1-OR0403-001881', 18000, '2026-01-07 16:45:18', '2026-01-07 16:45:18');
INSERT INTO sales_item (sales_id, product_id, quantity, product_code, product_name, lot, unit_price, created_at, updated_at) VALUES (9094, 8, 1, 'OR0403', '오리지널 떡볶이 밀키트 아주매운맛 3,4인분', 'SE01-FA01-A1-OR0403-001882', 18000, '2026-01-07 16:45:18', '2026-01-07 16:45:18');
INSERT INTO sales_item (sales_id, product_id, quantity, product_code, product_name, lot, unit_price, created_at, updated_at) VALUES (9094, 8, 1, 'OR0403', '오리지널 떡볶이 밀키트 아주매운맛 3,4인분', 'SE01-FA01-A1-OR0403-001883', 18000, '2026-01-07 16:45:18', '2026-01-07 16:45:18');
INSERT INTO sales_item (sales_id, product_id, quantity, product_code, product_name, lot, unit_price, created_at, updated_at) VALUES (9094, 8, 1, 'OR0403', '오리지널 떡볶이 밀키트 아주매운맛 3,4인분', 'SE01-FA01-A1-OR0403-001884', 18000, '2026-01-07 16:45:18', '2026-01-07 16:45:18');
INSERT INTO sales_item (sales_id, product_id, quantity, product_code, product_name, lot, unit_price, created_at, updated_at) VALUES (9094, 8, 1, 'OR0403', '오리지널 떡볶이 밀키트 아주매운맛 3,4인분', 'SE01-FA01-A1-OR0403-001885', 18000, '2026-01-07 16:45:18', '2026-01-07 16:45:18');
INSERT INTO sales_item (sales_id, product_id, quantity, product_code, product_name, lot, unit_price, created_at, updated_at) VALUES (9094, 8, 1, 'OR0403', '오리지널 떡볶이 밀키트 아주매운맛 3,4인분', 'SE01-FA01-A1-OR0403-001886', 18000, '2026-01-07 16:45:18', '2026-01-07 16:45:18');
INSERT INTO sales_item (sales_id, product_id, quantity, product_code, product_name, lot, unit_price, created_at, updated_at) VALUES (9094, 8, 1, 'OR0403', '오리지널 떡볶이 밀키트 아주매운맛 3,4인분', 'SE01-FA01-A1-OR0403-001887', 18000, '2026-01-07 16:45:18', '2026-01-07 16:45:18');
INSERT INTO sales_item (sales_id, product_id, quantity, product_code, product_name, lot, unit_price, created_at, updated_at) VALUES (9094, 8, 1, 'OR0403', '오리지널 떡볶이 밀키트 아주매운맛 3,4인분', 'SE01-FA01-A1-OR0403-001888', 18000, '2026-01-07 16:45:18', '2026-01-07 16:45:18');
INSERT INTO sales_item (sales_id, product_id, quantity, product_code, product_name, lot, unit_price, created_at, updated_at) VALUES (9094, 8, 1, 'OR0403', '오리지널 떡볶이 밀키트 아주매운맛 3,4인분', 'SE01-FA01-A1-OR0403-001889', 18000, '2026-01-07 16:45:18', '2026-01-07 16:45:18');
INSERT INTO sales_item (sales_id, product_id, quantity, product_code, product_name, lot, unit_price, created_at, updated_at) VALUES (9094, 8, 1, 'OR0403', '오리지널 떡볶이 밀키트 아주매운맛 3,4인분', 'SE01-FA01-A1-OR0403-001890', 18000, '2026-01-07 16:45:18', '2026-01-07 16:45:18');
INSERT INTO sales_item (sales_id, product_id, quantity, product_code, product_name, lot, unit_price, created_at, updated_at) VALUES (9094, 8, 1, 'OR0403', '오리지널 떡볶이 밀키트 아주매운맛 3,4인분', 'SE01-FA01-A1-OR0403-001891', 18000, '2026-01-07 16:45:18', '2026-01-07 16:45:18');
INSERT INTO sales_item (sales_id, product_id, quantity, product_code, product_name, lot, unit_price, created_at, updated_at) VALUES (9094, 8, 1, 'OR0403', '오리지널 떡볶이 밀키트 아주매운맛 3,4인분', 'SE01-FA01-A1-OR0403-001892', 18000, '2026-01-07 16:45:18', '2026-01-07 16:45:18');
INSERT INTO sales_item (sales_id, product_id, quantity, product_code, product_name, lot, unit_price, created_at, updated_at) VALUES (9094, 8, 1, 'OR0403', '오리지널 떡볶이 밀키트 아주매운맛 3,4인분', 'SE01-FA01-A1-OR0403-001893', 18000, '2026-01-07 16:45:18', '2026-01-07 16:45:18');
INSERT INTO sales_item (sales_id, product_id, quantity, product_code, product_name, lot, unit_price, created_at, updated_at) VALUES (9094, 8, 1, 'OR0403', '오리지널 떡볶이 밀키트 아주매운맛 3,4인분', 'SE01-FA01-A1-OR0403-001894', 18000, '2026-01-07 16:45:18', '2026-01-07 16:45:18');
INSERT INTO sales_item (sales_id, product_id, quantity, product_code, product_name, lot, unit_price, created_at, updated_at) VALUES (9094, 8, 1, 'OR0403', '오리지널 떡볶이 밀키트 아주매운맛 3,4인분', 'SE01-FA01-A1-OR0403-001895', 18000, '2026-01-07 16:45:18', '2026-01-07 16:45:18');
INSERT INTO sales_item (sales_id, product_id, quantity, product_code, product_name, lot, unit_price, created_at, updated_at) VALUES (9094, 8, 1, 'OR0403', '오리지널 떡볶이 밀키트 아주매운맛 3,4인분', 'SE01-FA01-A1-OR0403-001896', 18000, '2026-01-07 16:45:18', '2026-01-07 16:45:18');
INSERT INTO sales_item (sales_id, product_id, quantity, product_code, product_name, lot, unit_price, created_at, updated_at) VALUES (9094, 8, 1, 'OR0403', '오리지널 떡볶이 밀키트 아주매운맛 3,4인분', 'SE01-FA01-A1-OR0403-001897', 18000, '2026-01-07 16:45:18', '2026-01-07 16:45:18');
INSERT INTO sales_item (sales_id, product_id, quantity, product_code, product_name, lot, unit_price, created_at, updated_at) VALUES (9094, 8, 1, 'OR0403', '오리지널 떡볶이 밀키트 아주매운맛 3,4인분', 'SE01-FA01-A1-OR0403-001898', 18000, '2026-01-07 16:45:18', '2026-01-07 16:45:18');
INSERT INTO sales_item (sales_id, product_id, quantity, product_code, product_name, lot, unit_price, created_at, updated_at) VALUES (9094, 8, 1, 'OR0403', '오리지널 떡볶이 밀키트 아주매운맛 3,4인분', 'SE01-FA01-A1-OR0403-001899', 18000, '2026-01-07 16:45:18', '2026-01-07 16:45:18');
INSERT INTO sales_item (sales_id, product_id, quantity, product_code, product_name, lot, unit_price, created_at, updated_at) VALUES (9094, 8, 1, 'OR0403', '오리지널 떡볶이 밀키트 아주매운맛 3,4인분', 'SE01-FA01-A1-OR0403-001900', 18000, '2026-01-07 16:45:18', '2026-01-07 16:45:18');

INSERT INTO franchise_order (franchise_order_id, franchise_id, order_code, user_id, address, requirement, order_status, total_quantity, total_amount, delivery_date, delivery_time, cancelled_reason, created_at, updated_at, version) VALUES (9095, 1, 'PO-20260108-096', 1001, '서울시 강남구 테스트로 1', '60~90일 과거 더미데이터', 'COMPLETED', 20, 240000, '2026-01-10 18:57:34', '09:00', NULL, '2026-01-08 14:57:34', '2026-01-10 18:57:34', 0);
INSERT INTO franchise_order_item (franchise_order_item_id, franchise_order_id, quantity, product_id, unit_price, total_price, created_at, updated_at) VALUES (9095, 9095, 20, 12, 12000, 240000, '2026-01-08 14:57:34', '2026-01-08 14:57:34');
INSERT INTO inventorylog (product_id, product_name, box_code, transaction_code, log_type, quantity, from_location_type, from_location_id, to_location_type, to_location_id, actor_type, actor_id, created_at, updated_at) VALUES (12, '로제 떡볶이 밀키트 아주매운맛 1,2인분', 'SE01-FA01-A1-RO0401-A04', 'PO-20260108-096', 'OUTBOUND', 20, 'FACTORY', 1, 'FRANCHISE', 1, 'FACTORY', 1, '2026-01-09 16:57:34', '2026-01-09 16:57:34');
INSERT INTO inventorylog (product_id, product_name, box_code, transaction_code, log_type, quantity, from_location_type, from_location_id, to_location_type, to_location_id, actor_type, actor_id, created_at, updated_at) VALUES (12, '로제 떡볶이 밀키트 아주매운맛 1,2인분', 'SE01-FA01-A1-RO0401-A04', 'PO-20260108-096', 'INBOUND', 20, 'FACTORY', 1, 'FRANCHISE', 1, 'FRANCHISE', 1, '2026-01-10 18:57:34', '2026-01-10 18:57:34');
INSERT INTO sales (sales_id, franchise_id, sales_code, quantity, total_amount, is_canceled, created_at, updated_at) VALUES (9095, 1, 'SL-20260111-096', 20, 240000, false, '2026-01-11 20:57:34', '2026-01-11 20:57:34');
INSERT INTO sales_item (sales_id, product_id, quantity, product_code, product_name, lot, unit_price, created_at, updated_at) VALUES (9095, 12, 1, 'RO0401', '로제 떡볶이 밀키트 아주매운맛 1,2인분', 'SE01-FA01-A1-RO0401-001901', 12000, '2026-01-11 20:57:34', '2026-01-11 20:57:34');
INSERT INTO sales_item (sales_id, product_id, quantity, product_code, product_name, lot, unit_price, created_at, updated_at) VALUES (9095, 12, 1, 'RO0401', '로제 떡볶이 밀키트 아주매운맛 1,2인분', 'SE01-FA01-A1-RO0401-001902', 12000, '2026-01-11 20:57:34', '2026-01-11 20:57:34');
INSERT INTO sales_item (sales_id, product_id, quantity, product_code, product_name, lot, unit_price, created_at, updated_at) VALUES (9095, 12, 1, 'RO0401', '로제 떡볶이 밀키트 아주매운맛 1,2인분', 'SE01-FA01-A1-RO0401-001903', 12000, '2026-01-11 20:57:34', '2026-01-11 20:57:34');
INSERT INTO sales_item (sales_id, product_id, quantity, product_code, product_name, lot, unit_price, created_at, updated_at) VALUES (9095, 12, 1, 'RO0401', '로제 떡볶이 밀키트 아주매운맛 1,2인분', 'SE01-FA01-A1-RO0401-001904', 12000, '2026-01-11 20:57:34', '2026-01-11 20:57:34');
INSERT INTO sales_item (sales_id, product_id, quantity, product_code, product_name, lot, unit_price, created_at, updated_at) VALUES (9095, 12, 1, 'RO0401', '로제 떡볶이 밀키트 아주매운맛 1,2인분', 'SE01-FA01-A1-RO0401-001905', 12000, '2026-01-11 20:57:34', '2026-01-11 20:57:34');
INSERT INTO sales_item (sales_id, product_id, quantity, product_code, product_name, lot, unit_price, created_at, updated_at) VALUES (9095, 12, 1, 'RO0401', '로제 떡볶이 밀키트 아주매운맛 1,2인분', 'SE01-FA01-A1-RO0401-001906', 12000, '2026-01-11 20:57:34', '2026-01-11 20:57:34');
INSERT INTO sales_item (sales_id, product_id, quantity, product_code, product_name, lot, unit_price, created_at, updated_at) VALUES (9095, 12, 1, 'RO0401', '로제 떡볶이 밀키트 아주매운맛 1,2인분', 'SE01-FA01-A1-RO0401-001907', 12000, '2026-01-11 20:57:34', '2026-01-11 20:57:34');
INSERT INTO sales_item (sales_id, product_id, quantity, product_code, product_name, lot, unit_price, created_at, updated_at) VALUES (9095, 12, 1, 'RO0401', '로제 떡볶이 밀키트 아주매운맛 1,2인분', 'SE01-FA01-A1-RO0401-001908', 12000, '2026-01-11 20:57:34', '2026-01-11 20:57:34');
INSERT INTO sales_item (sales_id, product_id, quantity, product_code, product_name, lot, unit_price, created_at, updated_at) VALUES (9095, 12, 1, 'RO0401', '로제 떡볶이 밀키트 아주매운맛 1,2인분', 'SE01-FA01-A1-RO0401-001909', 12000, '2026-01-11 20:57:34', '2026-01-11 20:57:34');
INSERT INTO sales_item (sales_id, product_id, quantity, product_code, product_name, lot, unit_price, created_at, updated_at) VALUES (9095, 12, 1, 'RO0401', '로제 떡볶이 밀키트 아주매운맛 1,2인분', 'SE01-FA01-A1-RO0401-001910', 12000, '2026-01-11 20:57:34', '2026-01-11 20:57:34');
INSERT INTO sales_item (sales_id, product_id, quantity, product_code, product_name, lot, unit_price, created_at, updated_at) VALUES (9095, 12, 1, 'RO0401', '로제 떡볶이 밀키트 아주매운맛 1,2인분', 'SE01-FA01-A1-RO0401-001911', 12000, '2026-01-11 20:57:34', '2026-01-11 20:57:34');
INSERT INTO sales_item (sales_id, product_id, quantity, product_code, product_name, lot, unit_price, created_at, updated_at) VALUES (9095, 12, 1, 'RO0401', '로제 떡볶이 밀키트 아주매운맛 1,2인분', 'SE01-FA01-A1-RO0401-001912', 12000, '2026-01-11 20:57:34', '2026-01-11 20:57:34');
INSERT INTO sales_item (sales_id, product_id, quantity, product_code, product_name, lot, unit_price, created_at, updated_at) VALUES (9095, 12, 1, 'RO0401', '로제 떡볶이 밀키트 아주매운맛 1,2인분', 'SE01-FA01-A1-RO0401-001913', 12000, '2026-01-11 20:57:34', '2026-01-11 20:57:34');
INSERT INTO sales_item (sales_id, product_id, quantity, product_code, product_name, lot, unit_price, created_at, updated_at) VALUES (9095, 12, 1, 'RO0401', '로제 떡볶이 밀키트 아주매운맛 1,2인분', 'SE01-FA01-A1-RO0401-001914', 12000, '2026-01-11 20:57:34', '2026-01-11 20:57:34');
INSERT INTO sales_item (sales_id, product_id, quantity, product_code, product_name, lot, unit_price, created_at, updated_at) VALUES (9095, 12, 1, 'RO0401', '로제 떡볶이 밀키트 아주매운맛 1,2인분', 'SE01-FA01-A1-RO0401-001915', 12000, '2026-01-11 20:57:34', '2026-01-11 20:57:34');
INSERT INTO sales_item (sales_id, product_id, quantity, product_code, product_name, lot, unit_price, created_at, updated_at) VALUES (9095, 12, 1, 'RO0401', '로제 떡볶이 밀키트 아주매운맛 1,2인분', 'SE01-FA01-A1-RO0401-001916', 12000, '2026-01-11 20:57:34', '2026-01-11 20:57:34');
INSERT INTO sales_item (sales_id, product_id, quantity, product_code, product_name, lot, unit_price, created_at, updated_at) VALUES (9095, 12, 1, 'RO0401', '로제 떡볶이 밀키트 아주매운맛 1,2인분', 'SE01-FA01-A1-RO0401-001917', 12000, '2026-01-11 20:57:34', '2026-01-11 20:57:34');
INSERT INTO sales_item (sales_id, product_id, quantity, product_code, product_name, lot, unit_price, created_at, updated_at) VALUES (9095, 12, 1, 'RO0401', '로제 떡볶이 밀키트 아주매운맛 1,2인분', 'SE01-FA01-A1-RO0401-001918', 12000, '2026-01-11 20:57:34', '2026-01-11 20:57:34');
INSERT INTO sales_item (sales_id, product_id, quantity, product_code, product_name, lot, unit_price, created_at, updated_at) VALUES (9095, 12, 1, 'RO0401', '로제 떡볶이 밀키트 아주매운맛 1,2인분', 'SE01-FA01-A1-RO0401-001919', 12000, '2026-01-11 20:57:34', '2026-01-11 20:57:34');
INSERT INTO sales_item (sales_id, product_id, quantity, product_code, product_name, lot, unit_price, created_at, updated_at) VALUES (9095, 12, 1, 'RO0401', '로제 떡볶이 밀키트 아주매운맛 1,2인분', 'SE01-FA01-A1-RO0401-001920', 12000, '2026-01-11 20:57:34', '2026-01-11 20:57:34');

INSERT INTO franchise_order (franchise_order_id, franchise_id, order_code, user_id, address, requirement, order_status, total_quantity, total_amount, delivery_date, delivery_time, cancelled_reason, created_at, updated_at, version) VALUES (9096, 1, 'PO-20260114-097', 1001, '서울시 강남구 테스트로 1', '60~90일 과거 더미데이터', 'COMPLETED', 20, 440000, '2026-01-16 16:24:44', '09:00', NULL, '2026-01-14 12:24:44', '2026-01-16 16:24:44', 0);
INSERT INTO franchise_order_item (franchise_order_item_id, franchise_order_id, quantity, product_id, unit_price, total_price, created_at, updated_at) VALUES (9096, 9096, 20, 23, 22000, 440000, '2026-01-14 12:24:44', '2026-01-14 12:24:44');
INSERT INTO inventorylog (product_id, product_name, box_code, transaction_code, log_type, quantity, from_location_type, from_location_id, to_location_type, to_location_id, actor_type, actor_id, created_at, updated_at) VALUES (23, '마라 떡볶이 밀키트 매운맛 3,4인분', 'SE01-FA01-A1-MA0303-A04', 'PO-20260114-097', 'OUTBOUND', 20, 'FACTORY', 1, 'FRANCHISE', 1, 'FACTORY', 1, '2026-01-15 14:24:44', '2026-01-15 14:24:44');
INSERT INTO inventorylog (product_id, product_name, box_code, transaction_code, log_type, quantity, from_location_type, from_location_id, to_location_type, to_location_id, actor_type, actor_id, created_at, updated_at) VALUES (23, '마라 떡볶이 밀키트 매운맛 3,4인분', 'SE01-FA01-A1-MA0303-A04', 'PO-20260114-097', 'INBOUND', 20, 'FACTORY', 1, 'FRANCHISE', 1, 'FRANCHISE', 1, '2026-01-16 16:24:44', '2026-01-16 16:24:44');
INSERT INTO sales (sales_id, franchise_id, sales_code, quantity, total_amount, is_canceled, created_at, updated_at) VALUES (9096, 1, 'SL-20260117-097', 20, 440000, false, '2026-01-17 18:24:44', '2026-01-17 18:24:44');
INSERT INTO sales_item (sales_id, product_id, quantity, product_code, product_name, lot, unit_price, created_at, updated_at) VALUES (9096, 23, 1, 'MA0303', '마라 떡볶이 밀키트 매운맛 3,4인분', 'SE01-FA01-A1-MA0303-001921', 22000, '2026-01-17 18:24:44', '2026-01-17 18:24:44');
INSERT INTO sales_item (sales_id, product_id, quantity, product_code, product_name, lot, unit_price, created_at, updated_at) VALUES (9096, 23, 1, 'MA0303', '마라 떡볶이 밀키트 매운맛 3,4인분', 'SE01-FA01-A1-MA0303-001922', 22000, '2026-01-17 18:24:44', '2026-01-17 18:24:44');
INSERT INTO sales_item (sales_id, product_id, quantity, product_code, product_name, lot, unit_price, created_at, updated_at) VALUES (9096, 23, 1, 'MA0303', '마라 떡볶이 밀키트 매운맛 3,4인분', 'SE01-FA01-A1-MA0303-001923', 22000, '2026-01-17 18:24:44', '2026-01-17 18:24:44');
INSERT INTO sales_item (sales_id, product_id, quantity, product_code, product_name, lot, unit_price, created_at, updated_at) VALUES (9096, 23, 1, 'MA0303', '마라 떡볶이 밀키트 매운맛 3,4인분', 'SE01-FA01-A1-MA0303-001924', 22000, '2026-01-17 18:24:44', '2026-01-17 18:24:44');
INSERT INTO sales_item (sales_id, product_id, quantity, product_code, product_name, lot, unit_price, created_at, updated_at) VALUES (9096, 23, 1, 'MA0303', '마라 떡볶이 밀키트 매운맛 3,4인분', 'SE01-FA01-A1-MA0303-001925', 22000, '2026-01-17 18:24:44', '2026-01-17 18:24:44');
INSERT INTO sales_item (sales_id, product_id, quantity, product_code, product_name, lot, unit_price, created_at, updated_at) VALUES (9096, 23, 1, 'MA0303', '마라 떡볶이 밀키트 매운맛 3,4인분', 'SE01-FA01-A1-MA0303-001926', 22000, '2026-01-17 18:24:44', '2026-01-17 18:24:44');
INSERT INTO sales_item (sales_id, product_id, quantity, product_code, product_name, lot, unit_price, created_at, updated_at) VALUES (9096, 23, 1, 'MA0303', '마라 떡볶이 밀키트 매운맛 3,4인분', 'SE01-FA01-A1-MA0303-001927', 22000, '2026-01-17 18:24:44', '2026-01-17 18:24:44');
INSERT INTO sales_item (sales_id, product_id, quantity, product_code, product_name, lot, unit_price, created_at, updated_at) VALUES (9096, 23, 1, 'MA0303', '마라 떡볶이 밀키트 매운맛 3,4인분', 'SE01-FA01-A1-MA0303-001928', 22000, '2026-01-17 18:24:44', '2026-01-17 18:24:44');
INSERT INTO sales_item (sales_id, product_id, quantity, product_code, product_name, lot, unit_price, created_at, updated_at) VALUES (9096, 23, 1, 'MA0303', '마라 떡볶이 밀키트 매운맛 3,4인분', 'SE01-FA01-A1-MA0303-001929', 22000, '2026-01-17 18:24:44', '2026-01-17 18:24:44');
INSERT INTO sales_item (sales_id, product_id, quantity, product_code, product_name, lot, unit_price, created_at, updated_at) VALUES (9096, 23, 1, 'MA0303', '마라 떡볶이 밀키트 매운맛 3,4인분', 'SE01-FA01-A1-MA0303-001930', 22000, '2026-01-17 18:24:44', '2026-01-17 18:24:44');
INSERT INTO sales_item (sales_id, product_id, quantity, product_code, product_name, lot, unit_price, created_at, updated_at) VALUES (9096, 23, 1, 'MA0303', '마라 떡볶이 밀키트 매운맛 3,4인분', 'SE01-FA01-A1-MA0303-001931', 22000, '2026-01-17 18:24:44', '2026-01-17 18:24:44');
INSERT INTO sales_item (sales_id, product_id, quantity, product_code, product_name, lot, unit_price, created_at, updated_at) VALUES (9096, 23, 1, 'MA0303', '마라 떡볶이 밀키트 매운맛 3,4인분', 'SE01-FA01-A1-MA0303-001932', 22000, '2026-01-17 18:24:44', '2026-01-17 18:24:44');
INSERT INTO sales_item (sales_id, product_id, quantity, product_code, product_name, lot, unit_price, created_at, updated_at) VALUES (9096, 23, 1, 'MA0303', '마라 떡볶이 밀키트 매운맛 3,4인분', 'SE01-FA01-A1-MA0303-001933', 22000, '2026-01-17 18:24:44', '2026-01-17 18:24:44');
INSERT INTO sales_item (sales_id, product_id, quantity, product_code, product_name, lot, unit_price, created_at, updated_at) VALUES (9096, 23, 1, 'MA0303', '마라 떡볶이 밀키트 매운맛 3,4인분', 'SE01-FA01-A1-MA0303-001934', 22000, '2026-01-17 18:24:44', '2026-01-17 18:24:44');
INSERT INTO sales_item (sales_id, product_id, quantity, product_code, product_name, lot, unit_price, created_at, updated_at) VALUES (9096, 23, 1, 'MA0303', '마라 떡볶이 밀키트 매운맛 3,4인분', 'SE01-FA01-A1-MA0303-001935', 22000, '2026-01-17 18:24:44', '2026-01-17 18:24:44');
INSERT INTO sales_item (sales_id, product_id, quantity, product_code, product_name, lot, unit_price, created_at, updated_at) VALUES (9096, 23, 1, 'MA0303', '마라 떡볶이 밀키트 매운맛 3,4인분', 'SE01-FA01-A1-MA0303-001936', 22000, '2026-01-17 18:24:44', '2026-01-17 18:24:44');
INSERT INTO sales_item (sales_id, product_id, quantity, product_code, product_name, lot, unit_price, created_at, updated_at) VALUES (9096, 23, 1, 'MA0303', '마라 떡볶이 밀키트 매운맛 3,4인분', 'SE01-FA01-A1-MA0303-001937', 22000, '2026-01-17 18:24:44', '2026-01-17 18:24:44');
INSERT INTO sales_item (sales_id, product_id, quantity, product_code, product_name, lot, unit_price, created_at, updated_at) VALUES (9096, 23, 1, 'MA0303', '마라 떡볶이 밀키트 매운맛 3,4인분', 'SE01-FA01-A1-MA0303-001938', 22000, '2026-01-17 18:24:44', '2026-01-17 18:24:44');
INSERT INTO sales_item (sales_id, product_id, quantity, product_code, product_name, lot, unit_price, created_at, updated_at) VALUES (9096, 23, 1, 'MA0303', '마라 떡볶이 밀키트 매운맛 3,4인분', 'SE01-FA01-A1-MA0303-001939', 22000, '2026-01-17 18:24:44', '2026-01-17 18:24:44');
INSERT INTO sales_item (sales_id, product_id, quantity, product_code, product_name, lot, unit_price, created_at, updated_at) VALUES (9096, 23, 1, 'MA0303', '마라 떡볶이 밀키트 매운맛 3,4인분', 'SE01-FA01-A1-MA0303-001940', 22000, '2026-01-17 18:24:44', '2026-01-17 18:24:44');

INSERT INTO franchise_order (franchise_order_id, franchise_id, order_code, user_id, address, requirement, order_status, total_quantity, total_amount, delivery_date, delivery_time, cancelled_reason, created_at, updated_at, version) VALUES (9097, 1, 'PO-20260116-098', 1001, '서울시 강남구 테스트로 1', '60~90일 과거 더미데이터', 'COMPLETED', 20, 200000, '2026-01-18 19:26:21', '09:00', NULL, '2026-01-16 15:26:21', '2026-01-18 19:26:21', 0);
INSERT INTO franchise_order_item (franchise_order_item_id, franchise_order_id, quantity, product_id, unit_price, total_price, created_at, updated_at) VALUES (9097, 9097, 20, 4, 10000, 200000, '2026-01-16 15:26:21', '2026-01-16 15:26:21');
INSERT INTO inventorylog (product_id, product_name, box_code, transaction_code, log_type, quantity, from_location_type, from_location_id, to_location_type, to_location_id, actor_type, actor_id, created_at, updated_at) VALUES (4, '오리지널 떡볶이 밀키트 아주매운맛 1,2인분', 'SE01-FA01-A1-OR0401-A05', 'PO-20260116-098', 'OUTBOUND', 20, 'FACTORY', 1, 'FRANCHISE', 1, 'FACTORY', 1, '2026-01-17 17:26:21', '2026-01-17 17:26:21');
INSERT INTO inventorylog (product_id, product_name, box_code, transaction_code, log_type, quantity, from_location_type, from_location_id, to_location_type, to_location_id, actor_type, actor_id, created_at, updated_at) VALUES (4, '오리지널 떡볶이 밀키트 아주매운맛 1,2인분', 'SE01-FA01-A1-OR0401-A05', 'PO-20260116-098', 'INBOUND', 20, 'FACTORY', 1, 'FRANCHISE', 1, 'FRANCHISE', 1, '2026-01-18 19:26:21', '2026-01-18 19:26:21');
INSERT INTO sales (sales_id, franchise_id, sales_code, quantity, total_amount, is_canceled, created_at, updated_at) VALUES (9097, 1, 'SL-20260119-098', 20, 200000, false, '2026-01-19 21:26:21', '2026-01-19 21:26:21');
INSERT INTO sales_item (sales_id, product_id, quantity, product_code, product_name, lot, unit_price, created_at, updated_at) VALUES (9097, 4, 1, 'OR0401', '오리지널 떡볶이 밀키트 아주매운맛 1,2인분', 'SE01-FA01-A1-OR0401-001941', 10000, '2026-01-19 21:26:21', '2026-01-19 21:26:21');
INSERT INTO sales_item (sales_id, product_id, quantity, product_code, product_name, lot, unit_price, created_at, updated_at) VALUES (9097, 4, 1, 'OR0401', '오리지널 떡볶이 밀키트 아주매운맛 1,2인분', 'SE01-FA01-A1-OR0401-001942', 10000, '2026-01-19 21:26:21', '2026-01-19 21:26:21');
INSERT INTO sales_item (sales_id, product_id, quantity, product_code, product_name, lot, unit_price, created_at, updated_at) VALUES (9097, 4, 1, 'OR0401', '오리지널 떡볶이 밀키트 아주매운맛 1,2인분', 'SE01-FA01-A1-OR0401-001943', 10000, '2026-01-19 21:26:21', '2026-01-19 21:26:21');
INSERT INTO sales_item (sales_id, product_id, quantity, product_code, product_name, lot, unit_price, created_at, updated_at) VALUES (9097, 4, 1, 'OR0401', '오리지널 떡볶이 밀키트 아주매운맛 1,2인분', 'SE01-FA01-A1-OR0401-001944', 10000, '2026-01-19 21:26:21', '2026-01-19 21:26:21');
INSERT INTO sales_item (sales_id, product_id, quantity, product_code, product_name, lot, unit_price, created_at, updated_at) VALUES (9097, 4, 1, 'OR0401', '오리지널 떡볶이 밀키트 아주매운맛 1,2인분', 'SE01-FA01-A1-OR0401-001945', 10000, '2026-01-19 21:26:21', '2026-01-19 21:26:21');
INSERT INTO sales_item (sales_id, product_id, quantity, product_code, product_name, lot, unit_price, created_at, updated_at) VALUES (9097, 4, 1, 'OR0401', '오리지널 떡볶이 밀키트 아주매운맛 1,2인분', 'SE01-FA01-A1-OR0401-001946', 10000, '2026-01-19 21:26:21', '2026-01-19 21:26:21');
INSERT INTO sales_item (sales_id, product_id, quantity, product_code, product_name, lot, unit_price, created_at, updated_at) VALUES (9097, 4, 1, 'OR0401', '오리지널 떡볶이 밀키트 아주매운맛 1,2인분', 'SE01-FA01-A1-OR0401-001947', 10000, '2026-01-19 21:26:21', '2026-01-19 21:26:21');
INSERT INTO sales_item (sales_id, product_id, quantity, product_code, product_name, lot, unit_price, created_at, updated_at) VALUES (9097, 4, 1, 'OR0401', '오리지널 떡볶이 밀키트 아주매운맛 1,2인분', 'SE01-FA01-A1-OR0401-001948', 10000, '2026-01-19 21:26:21', '2026-01-19 21:26:21');
INSERT INTO sales_item (sales_id, product_id, quantity, product_code, product_name, lot, unit_price, created_at, updated_at) VALUES (9097, 4, 1, 'OR0401', '오리지널 떡볶이 밀키트 아주매운맛 1,2인분', 'SE01-FA01-A1-OR0401-001949', 10000, '2026-01-19 21:26:21', '2026-01-19 21:26:21');
INSERT INTO sales_item (sales_id, product_id, quantity, product_code, product_name, lot, unit_price, created_at, updated_at) VALUES (9097, 4, 1, 'OR0401', '오리지널 떡볶이 밀키트 아주매운맛 1,2인분', 'SE01-FA01-A1-OR0401-001950', 10000, '2026-01-19 21:26:21', '2026-01-19 21:26:21');
INSERT INTO sales_item (sales_id, product_id, quantity, product_code, product_name, lot, unit_price, created_at, updated_at) VALUES (9097, 4, 1, 'OR0401', '오리지널 떡볶이 밀키트 아주매운맛 1,2인분', 'SE01-FA01-A1-OR0401-001951', 10000, '2026-01-19 21:26:21', '2026-01-19 21:26:21');
INSERT INTO sales_item (sales_id, product_id, quantity, product_code, product_name, lot, unit_price, created_at, updated_at) VALUES (9097, 4, 1, 'OR0401', '오리지널 떡볶이 밀키트 아주매운맛 1,2인분', 'SE01-FA01-A1-OR0401-001952', 10000, '2026-01-19 21:26:21', '2026-01-19 21:26:21');
INSERT INTO sales_item (sales_id, product_id, quantity, product_code, product_name, lot, unit_price, created_at, updated_at) VALUES (9097, 4, 1, 'OR0401', '오리지널 떡볶이 밀키트 아주매운맛 1,2인분', 'SE01-FA01-A1-OR0401-001953', 10000, '2026-01-19 21:26:21', '2026-01-19 21:26:21');
INSERT INTO sales_item (sales_id, product_id, quantity, product_code, product_name, lot, unit_price, created_at, updated_at) VALUES (9097, 4, 1, 'OR0401', '오리지널 떡볶이 밀키트 아주매운맛 1,2인분', 'SE01-FA01-A1-OR0401-001954', 10000, '2026-01-19 21:26:21', '2026-01-19 21:26:21');
INSERT INTO sales_item (sales_id, product_id, quantity, product_code, product_name, lot, unit_price, created_at, updated_at) VALUES (9097, 4, 1, 'OR0401', '오리지널 떡볶이 밀키트 아주매운맛 1,2인분', 'SE01-FA01-A1-OR0401-001955', 10000, '2026-01-19 21:26:21', '2026-01-19 21:26:21');
INSERT INTO sales_item (sales_id, product_id, quantity, product_code, product_name, lot, unit_price, created_at, updated_at) VALUES (9097, 4, 1, 'OR0401', '오리지널 떡볶이 밀키트 아주매운맛 1,2인분', 'SE01-FA01-A1-OR0401-001956', 10000, '2026-01-19 21:26:21', '2026-01-19 21:26:21');
INSERT INTO sales_item (sales_id, product_id, quantity, product_code, product_name, lot, unit_price, created_at, updated_at) VALUES (9097, 4, 1, 'OR0401', '오리지널 떡볶이 밀키트 아주매운맛 1,2인분', 'SE01-FA01-A1-OR0401-001957', 10000, '2026-01-19 21:26:21', '2026-01-19 21:26:21');
INSERT INTO sales_item (sales_id, product_id, quantity, product_code, product_name, lot, unit_price, created_at, updated_at) VALUES (9097, 4, 1, 'OR0401', '오리지널 떡볶이 밀키트 아주매운맛 1,2인분', 'SE01-FA01-A1-OR0401-001958', 10000, '2026-01-19 21:26:21', '2026-01-19 21:26:21');
INSERT INTO sales_item (sales_id, product_id, quantity, product_code, product_name, lot, unit_price, created_at, updated_at) VALUES (9097, 4, 1, 'OR0401', '오리지널 떡볶이 밀키트 아주매운맛 1,2인분', 'SE01-FA01-A1-OR0401-001959', 10000, '2026-01-19 21:26:21', '2026-01-19 21:26:21');
INSERT INTO sales_item (sales_id, product_id, quantity, product_code, product_name, lot, unit_price, created_at, updated_at) VALUES (9097, 4, 1, 'OR0401', '오리지널 떡볶이 밀키트 아주매운맛 1,2인분', 'SE01-FA01-A1-OR0401-001960', 10000, '2026-01-19 21:26:21', '2026-01-19 21:26:21');

INSERT INTO franchise_order (franchise_order_id, franchise_id, order_code, user_id, address, requirement, order_status, total_quantity, total_amount, delivery_date, delivery_time, cancelled_reason, created_at, updated_at, version) VALUES (9098, 1, 'PO-20260105-099', 1001, '서울시 강남구 테스트로 1', '60~90일 과거 더미데이터', 'COMPLETED', 20, 440000, '2026-01-07 13:13:53', '09:00', NULL, '2026-01-05 09:13:53', '2026-01-07 13:13:53', 0);
INSERT INTO franchise_order_item (franchise_order_item_id, franchise_order_id, quantity, product_id, unit_price, total_price, created_at, updated_at) VALUES (9098, 9098, 20, 15, 22000, 440000, '2026-01-05 09:13:53', '2026-01-05 09:13:53');
INSERT INTO inventorylog (product_id, product_name, box_code, transaction_code, log_type, quantity, from_location_type, from_location_id, to_location_type, to_location_id, actor_type, actor_id, created_at, updated_at) VALUES (15, '로제 떡볶이 밀키트 매운맛 3,4인분', 'SE01-FA01-A1-RO0303-A04', 'PO-20260105-099', 'OUTBOUND', 20, 'FACTORY', 1, 'FRANCHISE', 1, 'FACTORY', 1, '2026-01-06 11:13:53', '2026-01-06 11:13:53');
INSERT INTO inventorylog (product_id, product_name, box_code, transaction_code, log_type, quantity, from_location_type, from_location_id, to_location_type, to_location_id, actor_type, actor_id, created_at, updated_at) VALUES (15, '로제 떡볶이 밀키트 매운맛 3,4인분', 'SE01-FA01-A1-RO0303-A04', 'PO-20260105-099', 'INBOUND', 20, 'FACTORY', 1, 'FRANCHISE', 1, 'FRANCHISE', 1, '2026-01-07 13:13:53', '2026-01-07 13:13:53');
INSERT INTO sales (sales_id, franchise_id, sales_code, quantity, total_amount, is_canceled, created_at, updated_at) VALUES (9098, 1, 'SL-20260108-099', 20, 440000, false, '2026-01-08 15:13:53', '2026-01-08 15:13:53');
INSERT INTO sales_item (sales_id, product_id, quantity, product_code, product_name, lot, unit_price, created_at, updated_at) VALUES (9098, 15, 1, 'RO0303', '로제 떡볶이 밀키트 매운맛 3,4인분', 'SE01-FA01-A1-RO0303-001961', 22000, '2026-01-08 15:13:53', '2026-01-08 15:13:53');
INSERT INTO sales_item (sales_id, product_id, quantity, product_code, product_name, lot, unit_price, created_at, updated_at) VALUES (9098, 15, 1, 'RO0303', '로제 떡볶이 밀키트 매운맛 3,4인분', 'SE01-FA01-A1-RO0303-001962', 22000, '2026-01-08 15:13:53', '2026-01-08 15:13:53');
INSERT INTO sales_item (sales_id, product_id, quantity, product_code, product_name, lot, unit_price, created_at, updated_at) VALUES (9098, 15, 1, 'RO0303', '로제 떡볶이 밀키트 매운맛 3,4인분', 'SE01-FA01-A1-RO0303-001963', 22000, '2026-01-08 15:13:53', '2026-01-08 15:13:53');
INSERT INTO sales_item (sales_id, product_id, quantity, product_code, product_name, lot, unit_price, created_at, updated_at) VALUES (9098, 15, 1, 'RO0303', '로제 떡볶이 밀키트 매운맛 3,4인분', 'SE01-FA01-A1-RO0303-001964', 22000, '2026-01-08 15:13:53', '2026-01-08 15:13:53');
INSERT INTO sales_item (sales_id, product_id, quantity, product_code, product_name, lot, unit_price, created_at, updated_at) VALUES (9098, 15, 1, 'RO0303', '로제 떡볶이 밀키트 매운맛 3,4인분', 'SE01-FA01-A1-RO0303-001965', 22000, '2026-01-08 15:13:53', '2026-01-08 15:13:53');
INSERT INTO sales_item (sales_id, product_id, quantity, product_code, product_name, lot, unit_price, created_at, updated_at) VALUES (9098, 15, 1, 'RO0303', '로제 떡볶이 밀키트 매운맛 3,4인분', 'SE01-FA01-A1-RO0303-001966', 22000, '2026-01-08 15:13:53', '2026-01-08 15:13:53');
INSERT INTO sales_item (sales_id, product_id, quantity, product_code, product_name, lot, unit_price, created_at, updated_at) VALUES (9098, 15, 1, 'RO0303', '로제 떡볶이 밀키트 매운맛 3,4인분', 'SE01-FA01-A1-RO0303-001967', 22000, '2026-01-08 15:13:53', '2026-01-08 15:13:53');
INSERT INTO sales_item (sales_id, product_id, quantity, product_code, product_name, lot, unit_price, created_at, updated_at) VALUES (9098, 15, 1, 'RO0303', '로제 떡볶이 밀키트 매운맛 3,4인분', 'SE01-FA01-A1-RO0303-001968', 22000, '2026-01-08 15:13:53', '2026-01-08 15:13:53');
INSERT INTO sales_item (sales_id, product_id, quantity, product_code, product_name, lot, unit_price, created_at, updated_at) VALUES (9098, 15, 1, 'RO0303', '로제 떡볶이 밀키트 매운맛 3,4인분', 'SE01-FA01-A1-RO0303-001969', 22000, '2026-01-08 15:13:53', '2026-01-08 15:13:53');
INSERT INTO sales_item (sales_id, product_id, quantity, product_code, product_name, lot, unit_price, created_at, updated_at) VALUES (9098, 15, 1, 'RO0303', '로제 떡볶이 밀키트 매운맛 3,4인분', 'SE01-FA01-A1-RO0303-001970', 22000, '2026-01-08 15:13:53', '2026-01-08 15:13:53');
INSERT INTO sales_item (sales_id, product_id, quantity, product_code, product_name, lot, unit_price, created_at, updated_at) VALUES (9098, 15, 1, 'RO0303', '로제 떡볶이 밀키트 매운맛 3,4인분', 'SE01-FA01-A1-RO0303-001971', 22000, '2026-01-08 15:13:53', '2026-01-08 15:13:53');
INSERT INTO sales_item (sales_id, product_id, quantity, product_code, product_name, lot, unit_price, created_at, updated_at) VALUES (9098, 15, 1, 'RO0303', '로제 떡볶이 밀키트 매운맛 3,4인분', 'SE01-FA01-A1-RO0303-001972', 22000, '2026-01-08 15:13:53', '2026-01-08 15:13:53');
INSERT INTO sales_item (sales_id, product_id, quantity, product_code, product_name, lot, unit_price, created_at, updated_at) VALUES (9098, 15, 1, 'RO0303', '로제 떡볶이 밀키트 매운맛 3,4인분', 'SE01-FA01-A1-RO0303-001973', 22000, '2026-01-08 15:13:53', '2026-01-08 15:13:53');
INSERT INTO sales_item (sales_id, product_id, quantity, product_code, product_name, lot, unit_price, created_at, updated_at) VALUES (9098, 15, 1, 'RO0303', '로제 떡볶이 밀키트 매운맛 3,4인분', 'SE01-FA01-A1-RO0303-001974', 22000, '2026-01-08 15:13:53', '2026-01-08 15:13:53');
INSERT INTO sales_item (sales_id, product_id, quantity, product_code, product_name, lot, unit_price, created_at, updated_at) VALUES (9098, 15, 1, 'RO0303', '로제 떡볶이 밀키트 매운맛 3,4인분', 'SE01-FA01-A1-RO0303-001975', 22000, '2026-01-08 15:13:53', '2026-01-08 15:13:53');
INSERT INTO sales_item (sales_id, product_id, quantity, product_code, product_name, lot, unit_price, created_at, updated_at) VALUES (9098, 15, 1, 'RO0303', '로제 떡볶이 밀키트 매운맛 3,4인분', 'SE01-FA01-A1-RO0303-001976', 22000, '2026-01-08 15:13:53', '2026-01-08 15:13:53');
INSERT INTO sales_item (sales_id, product_id, quantity, product_code, product_name, lot, unit_price, created_at, updated_at) VALUES (9098, 15, 1, 'RO0303', '로제 떡볶이 밀키트 매운맛 3,4인분', 'SE01-FA01-A1-RO0303-001977', 22000, '2026-01-08 15:13:53', '2026-01-08 15:13:53');
INSERT INTO sales_item (sales_id, product_id, quantity, product_code, product_name, lot, unit_price, created_at, updated_at) VALUES (9098, 15, 1, 'RO0303', '로제 떡볶이 밀키트 매운맛 3,4인분', 'SE01-FA01-A1-RO0303-001978', 22000, '2026-01-08 15:13:53', '2026-01-08 15:13:53');
INSERT INTO sales_item (sales_id, product_id, quantity, product_code, product_name, lot, unit_price, created_at, updated_at) VALUES (9098, 15, 1, 'RO0303', '로제 떡볶이 밀키트 매운맛 3,4인분', 'SE01-FA01-A1-RO0303-001979', 22000, '2026-01-08 15:13:53', '2026-01-08 15:13:53');
INSERT INTO sales_item (sales_id, product_id, quantity, product_code, product_name, lot, unit_price, created_at, updated_at) VALUES (9098, 15, 1, 'RO0303', '로제 떡볶이 밀키트 매운맛 3,4인분', 'SE01-FA01-A1-RO0303-001980', 22000, '2026-01-08 15:13:53', '2026-01-08 15:13:53');

INSERT INTO franchise_order (franchise_order_id, franchise_id, order_code, user_id, address, requirement, order_status, total_quantity, total_amount, delivery_date, delivery_time, cancelled_reason, created_at, updated_at, version) VALUES (9099, 1, 'PO-20251221-100', 1001, '서울시 강남구 테스트로 1', '60~90일 과거 더미데이터', 'COMPLETED', 20, 240000, '2025-12-23 13:54:56', '09:00', NULL, '2025-12-21 09:54:56', '2025-12-23 13:54:56', 0);
INSERT INTO franchise_order_item (franchise_order_item_id, franchise_order_id, quantity, product_id, unit_price, total_price, created_at, updated_at) VALUES (9099, 9099, 20, 10, 12000, 240000, '2025-12-21 09:54:56', '2025-12-21 09:54:56');
INSERT INTO inventorylog (product_id, product_name, box_code, transaction_code, log_type, quantity, from_location_type, from_location_id, to_location_type, to_location_id, actor_type, actor_id, created_at, updated_at) VALUES (10, '로제 떡볶이 밀키트 기본맛 1,2인분', 'SE01-FA01-A1-RO0201-A04', 'PO-20251221-100', 'OUTBOUND', 20, 'FACTORY', 1, 'FRANCHISE', 1, 'FACTORY', 1, '2025-12-22 11:54:56', '2025-12-22 11:54:56');
INSERT INTO inventorylog (product_id, product_name, box_code, transaction_code, log_type, quantity, from_location_type, from_location_id, to_location_type, to_location_id, actor_type, actor_id, created_at, updated_at) VALUES (10, '로제 떡볶이 밀키트 기본맛 1,2인분', 'SE01-FA01-A1-RO0201-A04', 'PO-20251221-100', 'INBOUND', 20, 'FACTORY', 1, 'FRANCHISE', 1, 'FRANCHISE', 1, '2025-12-23 13:54:56', '2025-12-23 13:54:56');
INSERT INTO sales (sales_id, franchise_id, sales_code, quantity, total_amount, is_canceled, created_at, updated_at) VALUES (9099, 1, 'SL-20251224-100', 20, 240000, false, '2025-12-24 15:54:56', '2025-12-24 15:54:56');
INSERT INTO sales_item (sales_id, product_id, quantity, product_code, product_name, lot, unit_price, created_at, updated_at) VALUES (9099, 10, 1, 'RO0201', '로제 떡볶이 밀키트 기본맛 1,2인분', 'SE01-FA01-A1-RO0201-001981', 12000, '2025-12-24 15:54:56', '2025-12-24 15:54:56');
INSERT INTO sales_item (sales_id, product_id, quantity, product_code, product_name, lot, unit_price, created_at, updated_at) VALUES (9099, 10, 1, 'RO0201', '로제 떡볶이 밀키트 기본맛 1,2인분', 'SE01-FA01-A1-RO0201-001982', 12000, '2025-12-24 15:54:56', '2025-12-24 15:54:56');
INSERT INTO sales_item (sales_id, product_id, quantity, product_code, product_name, lot, unit_price, created_at, updated_at) VALUES (9099, 10, 1, 'RO0201', '로제 떡볶이 밀키트 기본맛 1,2인분', 'SE01-FA01-A1-RO0201-001983', 12000, '2025-12-24 15:54:56', '2025-12-24 15:54:56');
INSERT INTO sales_item (sales_id, product_id, quantity, product_code, product_name, lot, unit_price, created_at, updated_at) VALUES (9099, 10, 1, 'RO0201', '로제 떡볶이 밀키트 기본맛 1,2인분', 'SE01-FA01-A1-RO0201-001984', 12000, '2025-12-24 15:54:56', '2025-12-24 15:54:56');
INSERT INTO sales_item (sales_id, product_id, quantity, product_code, product_name, lot, unit_price, created_at, updated_at) VALUES (9099, 10, 1, 'RO0201', '로제 떡볶이 밀키트 기본맛 1,2인분', 'SE01-FA01-A1-RO0201-001985', 12000, '2025-12-24 15:54:56', '2025-12-24 15:54:56');
INSERT INTO sales_item (sales_id, product_id, quantity, product_code, product_name, lot, unit_price, created_at, updated_at) VALUES (9099, 10, 1, 'RO0201', '로제 떡볶이 밀키트 기본맛 1,2인분', 'SE01-FA01-A1-RO0201-001986', 12000, '2025-12-24 15:54:56', '2025-12-24 15:54:56');
INSERT INTO sales_item (sales_id, product_id, quantity, product_code, product_name, lot, unit_price, created_at, updated_at) VALUES (9099, 10, 1, 'RO0201', '로제 떡볶이 밀키트 기본맛 1,2인분', 'SE01-FA01-A1-RO0201-001987', 12000, '2025-12-24 15:54:56', '2025-12-24 15:54:56');
INSERT INTO sales_item (sales_id, product_id, quantity, product_code, product_name, lot, unit_price, created_at, updated_at) VALUES (9099, 10, 1, 'RO0201', '로제 떡볶이 밀키트 기본맛 1,2인분', 'SE01-FA01-A1-RO0201-001988', 12000, '2025-12-24 15:54:56', '2025-12-24 15:54:56');
INSERT INTO sales_item (sales_id, product_id, quantity, product_code, product_name, lot, unit_price, created_at, updated_at) VALUES (9099, 10, 1, 'RO0201', '로제 떡볶이 밀키트 기본맛 1,2인분', 'SE01-FA01-A1-RO0201-001989', 12000, '2025-12-24 15:54:56', '2025-12-24 15:54:56');
INSERT INTO sales_item (sales_id, product_id, quantity, product_code, product_name, lot, unit_price, created_at, updated_at) VALUES (9099, 10, 1, 'RO0201', '로제 떡볶이 밀키트 기본맛 1,2인분', 'SE01-FA01-A1-RO0201-001990', 12000, '2025-12-24 15:54:56', '2025-12-24 15:54:56');
INSERT INTO sales_item (sales_id, product_id, quantity, product_code, product_name, lot, unit_price, created_at, updated_at) VALUES (9099, 10, 1, 'RO0201', '로제 떡볶이 밀키트 기본맛 1,2인분', 'SE01-FA01-A1-RO0201-001991', 12000, '2025-12-24 15:54:56', '2025-12-24 15:54:56');
INSERT INTO sales_item (sales_id, product_id, quantity, product_code, product_name, lot, unit_price, created_at, updated_at) VALUES (9099, 10, 1, 'RO0201', '로제 떡볶이 밀키트 기본맛 1,2인분', 'SE01-FA01-A1-RO0201-001992', 12000, '2025-12-24 15:54:56', '2025-12-24 15:54:56');
INSERT INTO sales_item (sales_id, product_id, quantity, product_code, product_name, lot, unit_price, created_at, updated_at) VALUES (9099, 10, 1, 'RO0201', '로제 떡볶이 밀키트 기본맛 1,2인분', 'SE01-FA01-A1-RO0201-001993', 12000, '2025-12-24 15:54:56', '2025-12-24 15:54:56');
INSERT INTO sales_item (sales_id, product_id, quantity, product_code, product_name, lot, unit_price, created_at, updated_at) VALUES (9099, 10, 1, 'RO0201', '로제 떡볶이 밀키트 기본맛 1,2인분', 'SE01-FA01-A1-RO0201-001994', 12000, '2025-12-24 15:54:56', '2025-12-24 15:54:56');
INSERT INTO sales_item (sales_id, product_id, quantity, product_code, product_name, lot, unit_price, created_at, updated_at) VALUES (9099, 10, 1, 'RO0201', '로제 떡볶이 밀키트 기본맛 1,2인분', 'SE01-FA01-A1-RO0201-001995', 12000, '2025-12-24 15:54:56', '2025-12-24 15:54:56');
INSERT INTO sales_item (sales_id, product_id, quantity, product_code, product_name, lot, unit_price, created_at, updated_at) VALUES (9099, 10, 1, 'RO0201', '로제 떡볶이 밀키트 기본맛 1,2인분', 'SE01-FA01-A1-RO0201-001996', 12000, '2025-12-24 15:54:56', '2025-12-24 15:54:56');
INSERT INTO sales_item (sales_id, product_id, quantity, product_code, product_name, lot, unit_price, created_at, updated_at) VALUES (9099, 10, 1, 'RO0201', '로제 떡볶이 밀키트 기본맛 1,2인분', 'SE01-FA01-A1-RO0201-001997', 12000, '2025-12-24 15:54:56', '2025-12-24 15:54:56');
INSERT INTO sales_item (sales_id, product_id, quantity, product_code, product_name, lot, unit_price, created_at, updated_at) VALUES (9099, 10, 1, 'RO0201', '로제 떡볶이 밀키트 기본맛 1,2인분', 'SE01-FA01-A1-RO0201-001998', 12000, '2025-12-24 15:54:56', '2025-12-24 15:54:56');
INSERT INTO sales_item (sales_id, product_id, quantity, product_code, product_name, lot, unit_price, created_at, updated_at) VALUES (9099, 10, 1, 'RO0201', '로제 떡볶이 밀키트 기본맛 1,2인분', 'SE01-FA01-A1-RO0201-001999', 12000, '2025-12-24 15:54:56', '2025-12-24 15:54:56');
INSERT INTO sales_item (sales_id, product_id, quantity, product_code, product_name, lot, unit_price, created_at, updated_at) VALUES (9099, 10, 1, 'RO0201', '로제 떡볶이 밀키트 기본맛 1,2인분', 'SE01-FA01-A1-RO0201-002000', 12000, '2025-12-24 15:54:56', '2025-12-24 15:54:56');

COMMIT;
